{
    "text": "Unknown Logger can obtain information about the victim's IP address.",
    "graph_nodes": [
        {
            "id": 2,
            "contracted": 0,
            "meta": {
                "start": 0,
                "end": 14,
                "text": "Unknown Logger",
                "id": 2,
                "label": [
                    "ACTOR"
                ],
                "sent_index": 0,
                "type": "subject",
                "sub_label": [
                    "MALWARE"
                ]
            }
        },
        {
            "id": 5,
            "contracted": 0,
            "meta": {
                "start": 26,
                "end": 37,
                "text": "information",
                "id": 5,
                "verbs": [
                    "obtain"
                ],
                "label": [
                    "DATA"
                ],
                "sent_index": 0,
                "type": "object"
            }
        },
        {
            "id": 8,
            "contracted": 0,
            "meta": {
                "text": "victim",
                "start": 48,
                "end": 54,
                "id": 8,
                "label": [
                    "USER"
                ],
                "sent_index": 0,
                "type": "object"
            }
        },
        {
            "id": 11,
            "contracted": 0,
            "meta": {
                "start": 57,
                "end": 67,
                "text": "IP address",
                "id": 11,
                "verbs": [
                    "about"
                ],
                "label": [
                    "NETWORK"
                ],
                "sent_index": 0,
                "type": "object"
            }
        }
    ],
    "graph_edges": [
        {
            "source": 2,
            "dest": 5,
            "index": 0,
            "verb": "obtain",
            "id": "2_5"
        },
        {
            "source": 5,
            "dest": 11,
            "index": 1,
            "verb": "about",
            "id": "5_11"
        },
        {
            "source": 11,
            "dest": 8,
            "index": 2,
            "verb": "of",
            "id": "11_8"
        }
    ],
    "replacement_mapper": {},
    "sentences": [
        {
            "id": 0,
            "text": "Unknown Logger can obtain information about the victim's IP address.",
            "svos": [
                {
                    "sub": {
                        "start": 0,
                        "end": 14,
                        "text": "Unknown Logger",
                        "id": 2,
                        "label": [
                            "ACTOR"
                        ],
                        "sent_index": 0,
                        "type": "subject",
                        "sub_label": [
                            "MALWARE"
                        ]
                    },
                    "verb": {
                        "negation": false,
                        "text": "obtain",
                        "index": 3,
                        "flag": 0
                    },
                    "obj": {
                        "start": 26,
                        "end": 37,
                        "text": "information",
                        "id": 5,
                        "verbs": [
                            "obtain"
                        ],
                        "label": [
                            "DATA"
                        ],
                        "sent_index": 0,
                        "type": "object"
                    }
                },
                {
                    "sub": {
                        "start": 26,
                        "end": 37,
                        "text": "information",
                        "id": 5,
                        "verbs": [
                            "obtain"
                        ],
                        "label": [
                            "DATA"
                        ],
                        "sent_index": 0,
                        "type": "subject"
                    },
                    "verb": {
                        "negation": false,
                        "text": "about",
                        "index": 5,
                        "flag": 0
                    },
                    "obj": {
                        "start": 57,
                        "end": 67,
                        "text": "IP address",
                        "id": 11,
                        "verbs": [
                            "about"
                        ],
                        "label": [
                            "NETWORK"
                        ],
                        "sent_index": 0,
                        "type": "object"
                    }
                },
                {
                    "sub": {
                        "start": 57,
                        "end": 67,
                        "text": "IP address",
                        "id": 11,
                        "verbs": [
                            "about"
                        ],
                        "label": [
                            "NETWORK"
                        ],
                        "sent_index": 0,
                        "type": "subject"
                    },
                    "verb": {
                        "negation": false,
                        "text": "of",
                        "index": 10,
                        "flag": 0
                    },
                    "obj": {
                        "text": "victim",
                        "start": 48,
                        "end": 54,
                        "id": 8,
                        "label": [
                            "USER"
                        ],
                        "sent_index": 0,
                        "type": "object"
                    }
                }
            ]
        }
    ],
    "id": "relationship--7a1e7afa-7052-4e47-8725-66e485efda43",
    "tech_id": "T1016",
    "location": [],
    "special_id": "T1016"
}