{
    "text": "Inception has used specific malware modules to gather domain membership.",
    "graph_nodes": [
        {
            "id": 1,
            "contracted": 0,
            "meta": {
                "start": 0,
                "end": 9,
                "text": "Inception",
                "id": 1,
                "label": [
                    "ACTOR"
                ],
                "sent_index": 0,
                "type": "subject"
            }
        },
        {
            "id": 6,
            "contracted": 0,
            "meta": {
                "start": 28,
                "end": 43,
                "text": "malware modules",
                "id": 6,
                "verbs": [
                    "use"
                ],
                "label": [
                    "FUNCTION"
                ],
                "sent_index": 0,
                "type": "object"
            }
        },
        {
            "id": 10,
            "contracted": 0,
            "meta": {
                "start": 54,
                "end": 71,
                "text": "domain membership",
                "id": 10,
                "verbs": [
                    "gather"
                ],
                "label": [
                    "DATA"
                ],
                "sent_index": 0,
                "type": "object"
            }
        }
    ],
    "graph_edges": [
        {
            "source": 1,
            "dest": 6,
            "index": 0,
            "verb": "use",
            "id": "1_6"
        },
        {
            "source": 1,
            "dest": 10,
            "index": 1,
            "verb": "gather",
            "id": "1_10"
        }
    ],
    "replacement_mapper": {},
    "sentences": [
        {
            "id": 0,
            "text": "Inception has used specific malware modules to gather domain membership.",
            "svos": [
                {
                    "sub": {
                        "start": 0,
                        "end": 9,
                        "text": "Inception",
                        "id": 1,
                        "label": [
                            "ACTOR"
                        ],
                        "sent_index": 0,
                        "type": "subject"
                    },
                    "verb": {
                        "negation": false,
                        "text": "use",
                        "index": 2,
                        "flag": 0
                    },
                    "obj": {
                        "start": 28,
                        "end": 43,
                        "text": "malware modules",
                        "id": 6,
                        "verbs": [
                            "use"
                        ],
                        "label": [
                            "FUNCTION"
                        ],
                        "sent_index": 0,
                        "type": "object"
                    }
                },
                {
                    "sub": {
                        "start": 0,
                        "end": 9,
                        "text": "Inception",
                        "id": 1,
                        "label": [
                            "ACTOR"
                        ],
                        "sent_index": 0,
                        "type": "subject"
                    },
                    "verb": {
                        "negation": false,
                        "text": "gather",
                        "index": 7,
                        "flag": 0
                    },
                    "obj": {
                        "start": 54,
                        "end": 71,
                        "text": "domain membership",
                        "id": 10,
                        "verbs": [
                            "gather"
                        ],
                        "label": [
                            "DATA"
                        ],
                        "sent_index": 0,
                        "type": "object"
                    }
                }
            ]
        }
    ],
    "id": "relationship--bcf90f77-1b2b-46e2-914b-051e51a2d409",
    "tech_id": "T1069.002",
    "location": [],
    "special_id": "T1069.002"
}