{
    "text": "APT3 can add created accounts to local admin groups to maintain elevated access.",
    "graph_nodes": [
        {
            "id": 1,
            "contracted": 0,
            "meta": {
                "start": 0,
                "end": 4,
                "text": "APT3",
                "id": 1,
                "label": [
                    "ACTOR"
                ],
                "sent_index": 0,
                "type": "subject"
            }
        },
        {
            "id": 5,
            "contracted": 0,
            "meta": {
                "start": 13,
                "end": 29,
                "text": "created accounts",
                "id": 5,
                "verbs": [
                    "add"
                ],
                "label": [
                    "DATA"
                ],
                "sent_index": 0,
                "type": "object"
            }
        },
        {
            "id": 9,
            "contracted": 0,
            "meta": {
                "start": 33,
                "end": 51,
                "text": "local admin groups",
                "id": 9,
                "verbs": [
                    "to"
                ],
                "label": [
                    "USER"
                ],
                "sent_index": 0,
                "type": "object"
            }
        },
        {
            "id": 13,
            "contracted": 0,
            "meta": {
                "start": 64,
                "end": 79,
                "text": "elevated access",
                "id": 13,
                "verbs": [
                    "maintain"
                ],
                "label": [
                    "DATA"
                ],
                "sent_index": 0,
                "type": "object"
            }
        }
    ],
    "graph_edges": [
        {
            "source": 1,
            "dest": 5,
            "index": 0,
            "verb": "add",
            "id": "1_5"
        },
        {
            "source": 1,
            "dest": 9,
            "index": 2,
            "verb": "to",
            "id": "1_9"
        },
        {
            "source": 1,
            "dest": 13,
            "index": 3,
            "verb": "maintain",
            "id": "1_13"
        },
        {
            "source": 5,
            "dest": 9,
            "index": 1,
            "verb": "to",
            "id": "5_9"
        }
    ],
    "replacement_mapper": {},
    "sentences": [
        {
            "id": 0,
            "text": "APT3 can add created accounts to local admin groups to maintain elevated access.",
            "svos": [
                {
                    "sub": {
                        "start": 0,
                        "end": 4,
                        "text": "APT3",
                        "id": 1,
                        "label": [
                            "ACTOR"
                        ],
                        "sent_index": 0,
                        "type": "subject"
                    },
                    "verb": {
                        "negation": false,
                        "text": "add",
                        "index": 2,
                        "flag": 0
                    },
                    "obj": {
                        "start": 13,
                        "end": 29,
                        "text": "created accounts",
                        "id": 5,
                        "verbs": [
                            "add"
                        ],
                        "label": [
                            "DATA"
                        ],
                        "sent_index": 0,
                        "type": "object"
                    }
                },
                {
                    "sub": {
                        "start": 13,
                        "end": 29,
                        "text": "created accounts",
                        "id": 5,
                        "verbs": [
                            "add"
                        ],
                        "label": [
                            "DATA"
                        ],
                        "sent_index": 0,
                        "type": "subject"
                    },
                    "verb": {
                        "negation": false,
                        "text": "to",
                        "index": 5,
                        "flag": 0
                    },
                    "obj": {
                        "start": 33,
                        "end": 51,
                        "text": "local admin groups",
                        "id": 9,
                        "verbs": [
                            "to"
                        ],
                        "label": [
                            "USER"
                        ],
                        "sent_index": 0,
                        "type": "object"
                    }
                },
                {
                    "sub": {
                        "start": 0,
                        "end": 4,
                        "text": "APT3",
                        "id": 1,
                        "label": [
                            "ACTOR"
                        ],
                        "sent_index": 0,
                        "type": "subject"
                    },
                    "verb": {
                        "negation": false,
                        "text": "to",
                        "index": 5,
                        "flag": 0
                    },
                    "obj": {
                        "start": 33,
                        "end": 51,
                        "text": "local admin groups",
                        "id": 9,
                        "verbs": [
                            "to"
                        ],
                        "label": [
                            "USER"
                        ],
                        "sent_index": 0,
                        "type": "object"
                    }
                },
                {
                    "sub": {
                        "start": 0,
                        "end": 4,
                        "text": "APT3",
                        "id": 1,
                        "label": [
                            "ACTOR"
                        ],
                        "sent_index": 0,
                        "type": "subject"
                    },
                    "verb": {
                        "negation": false,
                        "text": "maintain",
                        "index": 10,
                        "flag": 0
                    },
                    "obj": {
                        "start": 64,
                        "end": 79,
                        "text": "elevated access",
                        "id": 13,
                        "verbs": [
                            "maintain"
                        ],
                        "label": [
                            "DATA"
                        ],
                        "sent_index": 0,
                        "type": "object"
                    }
                }
            ]
        }
    ],
    "id": "relationship--62f16083-efca-477c-8107-e208ca4c75cb",
    "tech_id": "T1098",
    "location": [],
    "special_id": "T1098"
}