{
    "text": "Crutch can use Dropbox to receive commands and upload stolen data.",
    "graph_nodes": [
        {
            "id": 1,
            "contracted": 0,
            "meta": {
                "start": 0,
                "end": 6,
                "text": "Crutch",
                "id": 1,
                "label": [
                    "ACTOR"
                ],
                "sent_index": 0,
                "type": "subject",
                "sub_label": [
                    "MALWARE"
                ]
            }
        },
        {
            "id": 4,
            "contracted": 0,
            "meta": {
                "start": 15,
                "end": 22,
                "text": "Dropbox",
                "id": 4,
                "verbs": [
                    "use"
                ],
                "label": [
                    "COMPONENT"
                ],
                "sent_index": 0,
                "type": "object"
            }
        },
        {
            "id": 7,
            "contracted": 0,
            "meta": {
                "start": 34,
                "end": 42,
                "text": "commands",
                "id": 7,
                "verbs": [
                    "receive"
                ],
                "label": [
                    "FUNCTION"
                ],
                "sent_index": 0,
                "type": "object"
            }
        },
        {
            "id": 11,
            "contracted": 0,
            "meta": {
                "start": 54,
                "end": 65,
                "text": "stolen data",
                "id": 11,
                "verbs": [
                    "upload"
                ],
                "label": [
                    "DATA"
                ],
                "sent_index": 0,
                "type": "object"
            }
        }
    ],
    "graph_edges": [
        {
            "source": 1,
            "dest": 4,
            "index": 0,
            "verb": "use",
            "id": "1_4"
        },
        {
            "source": 1,
            "dest": 7,
            "index": 1,
            "verb": "receive",
            "id": "1_7"
        },
        {
            "source": 1,
            "dest": 11,
            "index": 2,
            "verb": "upload",
            "id": "1_11"
        }
    ],
    "replacement_mapper": {},
    "sentences": [
        {
            "id": 0,
            "text": "Crutch can use Dropbox to receive commands and upload stolen data.",
            "svos": [
                {
                    "sub": {
                        "start": 0,
                        "end": 6,
                        "text": "Crutch",
                        "id": 1,
                        "label": [
                            "ACTOR"
                        ],
                        "sent_index": 0,
                        "type": "subject",
                        "sub_label": [
                            "MALWARE"
                        ]
                    },
                    "verb": {
                        "negation": false,
                        "text": "use",
                        "index": 2,
                        "flag": 0
                    },
                    "obj": {
                        "start": 15,
                        "end": 22,
                        "text": "Dropbox",
                        "id": 4,
                        "verbs": [
                            "use"
                        ],
                        "label": [
                            "COMPONENT"
                        ],
                        "sent_index": 0,
                        "type": "object"
                    }
                },
                {
                    "sub": {
                        "start": 0,
                        "end": 6,
                        "text": "Crutch",
                        "id": 1,
                        "label": [
                            "FUNCTION"
                        ],
                        "sent_index": 0,
                        "type": "subject"
                    },
                    "verb": {
                        "negation": false,
                        "text": "receive",
                        "index": 5,
                        "flag": 0
                    },
                    "obj": {
                        "start": 34,
                        "end": 42,
                        "text": "commands",
                        "id": 7,
                        "verbs": [
                            "receive"
                        ],
                        "label": [
                            "FUNCTION"
                        ],
                        "sent_index": 0,
                        "type": "object"
                    }
                },
                {
                    "sub": {
                        "start": 0,
                        "end": 6,
                        "text": "Crutch",
                        "id": 1,
                        "label": [
                            "FUNCTION"
                        ],
                        "sent_index": 0,
                        "type": "subject"
                    },
                    "verb": {
                        "negation": false,
                        "text": "upload",
                        "index": 8,
                        "flag": 0
                    },
                    "obj": {
                        "start": 54,
                        "end": 65,
                        "text": "stolen data",
                        "id": 11,
                        "verbs": [
                            "upload"
                        ],
                        "label": [
                            "DATA"
                        ],
                        "sent_index": 0,
                        "type": "object"
                    }
                }
            ]
        }
    ],
    "id": "relationship--0f3a304a-574d-4ccc-b7d6-c546cd27fedd",
    "tech_id": "T1102.002",
    "location": [],
    "special_id": "T1102.002"
}