{
    "text": "Ke3chang has developed custom malware that allowed them to maintain persistence on victim networks.",
    "graph_nodes": [
        {
            "id": 1,
            "contracted": 0,
            "meta": {
                "start": 0,
                "end": 8,
                "text": "Ke3chang",
                "id": 1,
                "label": [
                    "ACTOR"
                ],
                "sent_index": 0,
                "type": "subject",
                "ids": [
                    1,
                    8
                ],
                "texts": [
                    "Ke3chang"
                ]
            }
        },
        {
            "id": 5,
            "contracted": 0,
            "meta": {
                "start": 23,
                "end": 37,
                "text": "custom malware",
                "id": 5,
                "verbs": [
                    "develop"
                ],
                "label": [
                    "FUNCTION"
                ],
                "sent_index": 0,
                "type": "object"
            }
        },
        {
            "id": 14,
            "contracted": 0,
            "meta": {
                "start": 83,
                "end": 98,
                "text": "victim networks",
                "id": 14,
                "label": [
                    "NETWORK"
                ],
                "sent_index": 0,
                "type": "object"
            }
        }
    ],
    "graph_edges": [
        {
            "source": 1,
            "dest": 5,
            "index": 0,
            "verb": "develop",
            "id": "1_5"
        },
        {
            "source": 1,
            "dest": 14,
            "index": 3,
            "verb": "on",
            "id": "1_14"
        }
    ],
    "replacement_mapper": {},
    "sentences": [
        {
            "id": 0,
            "text": "Ke3chang has developed custom malware that allowed them to maintain persistence on victim networks.",
            "svos": [
                {
                    "sub": {
                        "start": 0,
                        "end": 8,
                        "text": "Ke3chang",
                        "id": 1,
                        "label": [
                            "ACTOR"
                        ],
                        "sent_index": 0,
                        "type": "subject",
                        "ids": [
                            1,
                            8
                        ],
                        "texts": [
                            "Ke3chang"
                        ]
                    },
                    "verb": {
                        "negation": false,
                        "text": "develop",
                        "index": 2,
                        "flag": 0
                    },
                    "obj": {
                        "start": 23,
                        "end": 37,
                        "text": "custom malware",
                        "id": 5,
                        "verbs": [
                            "develop"
                        ],
                        "label": [
                            "FUNCTION"
                        ],
                        "sent_index": 0,
                        "type": "object"
                    }
                },
                {
                    "sub": {
                        "start": 51,
                        "end": 55,
                        "text": "them",
                        "id": 8,
                        "label": [
                            "OTHER"
                        ],
                        "sent_index": 0,
                        "type": "subject"
                    },
                    "verb": {
                        "negation": false,
                        "text": "maintain",
                        "index": 9,
                        "flag": 0
                    },
                    "obj": {
                        "start": 68,
                        "end": 79,
                        "text": "persistence",
                        "id": 11,
                        "verbs": [
                            "maintain"
                        ],
                        "label": [
                            "FUNCTION"
                        ],
                        "sent_index": 0,
                        "type": "object"
                    }
                },
                {
                    "sub": {
                        "start": 68,
                        "end": 79,
                        "text": "persistence",
                        "id": 11,
                        "verbs": [
                            "maintain"
                        ],
                        "label": [
                            "FUNCTION"
                        ],
                        "sent_index": 0,
                        "type": "subject"
                    },
                    "verb": {
                        "negation": false,
                        "text": "on",
                        "index": 11,
                        "flag": 0
                    },
                    "obj": {
                        "start": 83,
                        "end": 98,
                        "text": "victim networks",
                        "id": 14,
                        "label": [
                            "NETWORK"
                        ],
                        "sent_index": 0,
                        "type": "object"
                    }
                },
                {
                    "sub": {
                        "start": 51,
                        "end": 55,
                        "text": "them",
                        "id": 8,
                        "label": [
                            "OTHER"
                        ],
                        "sent_index": 0,
                        "type": "subject"
                    },
                    "verb": {
                        "negation": false,
                        "text": "on",
                        "index": 11,
                        "flag": 0
                    },
                    "obj": {
                        "start": 83,
                        "end": 98,
                        "text": "victim networks",
                        "id": 14,
                        "label": [
                            "NETWORK"
                        ],
                        "sent_index": 0,
                        "type": "object"
                    }
                }
            ]
        }
    ],
    "id": "relationship--cb727277-5491-422f-ab40-1bd1be973d1e",
    "tech_id": "T1587.001",
    "location": [],
    "special_id": "T1587.001"
}