{
    "text": "ftp may be abused by adversaries to transfer tools or files from an external system into a compromised environment.",
    "graph_nodes": [
        {
            "id": 1,
            "contracted": 0,
            "meta": {
                "start": 0,
                "end": 3,
                "text": "ftp",
                "id": 1,
                "verbs": [
                    "abuse"
                ],
                "label": [
                    "NETWORK"
                ],
                "sent_index": 0,
                "type": "object"
            }
        },
        {
            "id": 6,
            "contracted": 0,
            "meta": {
                "start": 21,
                "end": 32,
                "text": "adversaries",
                "id": 6,
                "label": [
                    "ACTOR"
                ],
                "sent_index": 0,
                "type": "subject"
            }
        },
        {
            "id": 9,
            "contracted": 0,
            "meta": {
                "start": 45,
                "end": 50,
                "text": "tools",
                "id": 9,
                "verbs": [
                    "transfer"
                ],
                "label": [
                    "FUNCTION",
                    "DATA"
                ],
                "sent_index": 0,
                "type": "object",
                "texts": [
                    "tools",
                    "files"
                ]
            }
        },
        {
            "id": 15,
            "contracted": 0,
            "meta": {
                "start": 68,
                "end": 83,
                "text": "external system",
                "id": 15,
                "verbs": [
                    "from"
                ],
                "label": [
                    "COMPONENT"
                ],
                "sent_index": 0,
                "type": "object"
            }
        },
        {
            "id": 19,
            "contracted": 0,
            "meta": {
                "start": 91,
                "end": 114,
                "text": "compromised environment",
                "id": 19,
                "verbs": [
                    "into"
                ],
                "label": [
                    "COMPONENT"
                ],
                "sent_index": 0,
                "type": "object"
            }
        }
    ],
    "graph_edges": [
        {
            "source": 6,
            "dest": 1,
            "index": 0,
            "verb": "abuse",
            "id": "6_1"
        },
        {
            "source": 1,
            "dest": 9,
            "index": 1,
            "verb": "transfer",
            "id": "1_9"
        },
        {
            "source": 9,
            "dest": 15,
            "index": 3,
            "verb": "from",
            "id": "9_15"
        },
        {
            "source": 9,
            "dest": 19,
            "index": 5,
            "verb": "into",
            "id": "9_19"
        }
    ],
    "replacement_mapper": {},
    "sentences": [
        {
            "id": 0,
            "text": "ftp may be abused by adversaries to transfer tools or files from an external system into a compromised environment.",
            "svos": [
                {
                    "sub": {
                        "start": 21,
                        "end": 32,
                        "text": "adversaries",
                        "id": 6,
                        "label": [
                            "ACTOR"
                        ],
                        "sent_index": 0,
                        "type": "subject"
                    },
                    "verb": {
                        "negation": false,
                        "text": "abuse",
                        "index": 3,
                        "flag": 0
                    },
                    "obj": {
                        "start": 0,
                        "end": 3,
                        "text": "ftp",
                        "id": 1,
                        "verbs": [
                            "abuse"
                        ],
                        "label": [
                            "NETWORK"
                        ],
                        "sent_index": 0,
                        "type": "object"
                    }
                },
                {
                    "sub": {
                        "start": 0,
                        "end": 3,
                        "text": "ftp",
                        "id": 1,
                        "verbs": [
                            "abuse"
                        ],
                        "label": [
                            "NETWORK"
                        ],
                        "sent_index": 0,
                        "type": "subject"
                    },
                    "verb": {
                        "negation": false,
                        "text": "transfer",
                        "index": 7,
                        "flag": 0
                    },
                    "obj": {
                        "start": 45,
                        "end": 50,
                        "text": "tools",
                        "id": 9,
                        "verbs": [
                            "transfer"
                        ],
                        "label": [
                            "FUNCTION",
                            "DATA"
                        ],
                        "sent_index": 0,
                        "type": "object",
                        "texts": [
                            "tools",
                            "files"
                        ]
                    }
                },
                {
                    "sub": {
                        "start": 0,
                        "end": 3,
                        "text": "ftp",
                        "id": 1,
                        "verbs": [
                            "abuse"
                        ],
                        "label": [
                            "NETWORK"
                        ],
                        "sent_index": 0,
                        "type": "subject"
                    },
                    "verb": {
                        "negation": false,
                        "text": "transfer",
                        "index": 7,
                        "flag": 0
                    },
                    "obj": {
                        "start": 54,
                        "end": 59,
                        "text": "files",
                        "id": 11,
                        "verbs": [
                            "transfer"
                        ],
                        "label": [
                            "DATA"
                        ],
                        "sent_index": 0,
                        "type": "object"
                    }
                },
                {
                    "sub": {
                        "start": 45,
                        "end": 50,
                        "text": "tools",
                        "id": 9,
                        "verbs": [
                            "transfer",
                            "transfer"
                        ],
                        "label": [
                            "FUNCTION"
                        ],
                        "sent_index": 0,
                        "type": "subject"
                    },
                    "verb": {
                        "negation": false,
                        "text": "from",
                        "index": 11,
                        "flag": 0
                    },
                    "obj": {
                        "start": 68,
                        "end": 83,
                        "text": "external system",
                        "id": 15,
                        "verbs": [
                            "from"
                        ],
                        "label": [
                            "COMPONENT"
                        ],
                        "sent_index": 0,
                        "type": "object"
                    }
                },
                {
                    "sub": {
                        "start": 54,
                        "end": 59,
                        "text": "files",
                        "id": 11,
                        "verbs": [
                            "transfer"
                        ],
                        "label": [
                            "DATA"
                        ],
                        "sent_index": 0,
                        "type": "subject"
                    },
                    "verb": {
                        "negation": false,
                        "text": "from",
                        "index": 11,
                        "flag": 0
                    },
                    "obj": {
                        "start": 68,
                        "end": 83,
                        "text": "external system",
                        "id": 15,
                        "verbs": [
                            "from"
                        ],
                        "label": [
                            "COMPONENT"
                        ],
                        "sent_index": 0,
                        "type": "object"
                    }
                },
                {
                    "sub": {
                        "start": 45,
                        "end": 50,
                        "text": "tools",
                        "id": 9,
                        "verbs": [
                            "transfer",
                            "transfer"
                        ],
                        "label": [
                            "FUNCTION"
                        ],
                        "sent_index": 0,
                        "type": "subject"
                    },
                    "verb": {
                        "negation": false,
                        "text": "into",
                        "index": 15,
                        "flag": 0
                    },
                    "obj": {
                        "start": 91,
                        "end": 114,
                        "text": "compromised environment",
                        "id": 19,
                        "verbs": [
                            "into"
                        ],
                        "label": [
                            "COMPONENT"
                        ],
                        "sent_index": 0,
                        "type": "object"
                    }
                }
            ]
        }
    ],
    "id": "relationship--bb4592cf-4e26-4999-bb6d-5120e0695bfa",
    "tech_id": "T1105",
    "location": [],
    "special_id": "T1105"
}