{
    "text": "Carbanak has a plugin for VNC and Ammyy Admin Tool.",
    "graph_nodes": [
        {
            "id": 1,
            "contracted": 0,
            "meta": {
                "start": 0,
                "end": 8,
                "text": "Carbanak",
                "id": 1,
                "label": [
                    "ACTOR"
                ],
                "sent_index": 0,
                "type": "subject",
                "sub_label": [
                    "MALWARE"
                ]
            }
        },
        {
            "id": 4,
            "contracted": 0,
            "meta": {
                "start": 15,
                "end": 21,
                "text": "plugin",
                "id": 4,
                "verbs": [
                    "have"
                ],
                "label": [
                    "FUNCTION"
                ],
                "sent_index": 0,
                "type": "object"
            }
        },
        {
            "id": 6,
            "contracted": 0,
            "meta": {
                "start": 26,
                "end": 29,
                "text": "VNC",
                "id": 6,
                "label": [
                    "FUNCTION",
                    "NETWORK"
                ],
                "sent_index": 0,
                "type": "object",
                "texts": [
                    "Ammyy Admin Tool",
                    "VNC"
                ]
            }
        }
    ],
    "graph_edges": [
        {
            "source": 1,
            "dest": 4,
            "index": 0,
            "verb": "have",
            "id": "1_4"
        },
        {
            "source": 4,
            "dest": 6,
            "index": 1,
            "verb": "for",
            "id": "4_6"
        }
    ],
    "replacement_mapper": {},
    "sentences": [
        {
            "id": 0,
            "text": "Carbanak has a plugin for VNC and Ammyy Admin Tool.",
            "svos": [
                {
                    "sub": {
                        "start": 0,
                        "end": 8,
                        "text": "Carbanak",
                        "id": 1,
                        "label": [
                            "ACTOR"
                        ],
                        "sent_index": 0,
                        "type": "subject",
                        "sub_label": [
                            "MALWARE"
                        ]
                    },
                    "verb": {
                        "negation": false,
                        "text": "have",
                        "index": 1,
                        "flag": 0
                    },
                    "obj": {
                        "start": 15,
                        "end": 21,
                        "text": "plugin",
                        "id": 4,
                        "verbs": [
                            "have"
                        ],
                        "label": [
                            "FUNCTION"
                        ],
                        "sent_index": 0,
                        "type": "object"
                    }
                },
                {
                    "sub": {
                        "start": 15,
                        "end": 21,
                        "text": "plugin",
                        "id": 4,
                        "verbs": [
                            "have"
                        ],
                        "label": [
                            "FUNCTION"
                        ],
                        "sent_index": 0,
                        "type": "subject"
                    },
                    "verb": {
                        "negation": false,
                        "text": "for",
                        "index": 4,
                        "flag": 0
                    },
                    "obj": {
                        "start": 26,
                        "end": 29,
                        "text": "VNC",
                        "id": 6,
                        "label": [
                            "FUNCTION",
                            "NETWORK"
                        ],
                        "sent_index": 0,
                        "type": "object",
                        "texts": [
                            "Ammyy Admin Tool",
                            "VNC"
                        ]
                    }
                },
                {
                    "sub": {
                        "start": 15,
                        "end": 21,
                        "text": "plugin",
                        "id": 4,
                        "verbs": [
                            "have"
                        ],
                        "label": [
                            "FUNCTION"
                        ],
                        "sent_index": 0,
                        "type": "subject"
                    },
                    "verb": {
                        "negation": false,
                        "text": "for",
                        "index": 4,
                        "flag": 0
                    },
                    "obj": {
                        "start": 34,
                        "end": 50,
                        "text": "Ammyy Admin Tool",
                        "id": 10,
                        "label": [
                            "FUNCTION"
                        ],
                        "sent_index": 0,
                        "type": "object"
                    }
                }
            ]
        }
    ],
    "id": "relationship--7fa238de-37c5-4224-b760-bf9f00001051",
    "tech_id": "T1219",
    "location": [],
    "special_id": "T1219"
}