{
    "text": "Crimson can use a HTTP GET request to download its final payload.",
    "graph_nodes": [
        {
            "id": 1,
            "contracted": 0,
            "meta": {
                "start": 0,
                "end": 7,
                "text": "Crimson",
                "id": 1,
                "label": [
                    "ACTOR"
                ],
                "sent_index": 0,
                "type": "subject",
                "sub_label": [
                    "MALWARE"
                ]
            }
        },
        {
            "id": 7,
            "contracted": 0,
            "meta": {
                "start": 18,
                "end": 34,
                "text": "HTTP GET request",
                "id": 7,
                "verbs": [
                    "use"
                ],
                "label": [
                    "FUNCTION"
                ],
                "sent_index": 0,
                "type": "object"
            }
        },
        {
            "id": 12,
            "contracted": 0,
            "meta": {
                "start": 51,
                "end": 64,
                "text": "final payload",
                "id": 12,
                "verbs": [
                    "download"
                ],
                "label": [
                    "FUNCTION"
                ],
                "sent_index": 0,
                "type": "object"
            }
        }
    ],
    "graph_edges": [
        {
            "source": 1,
            "dest": 7,
            "index": 0,
            "verb": "use",
            "id": "1_7"
        },
        {
            "source": 1,
            "dest": 12,
            "index": 1,
            "verb": "download",
            "id": "1_12"
        }
    ],
    "replacement_mapper": {},
    "sentences": [
        {
            "id": 0,
            "text": "Crimson can use a HTTP GET request to download its final payload.",
            "svos": [
                {
                    "sub": {
                        "start": 0,
                        "end": 7,
                        "text": "Crimson",
                        "id": 1,
                        "label": [
                            "ACTOR"
                        ],
                        "sent_index": 0,
                        "type": "subject",
                        "sub_label": [
                            "MALWARE"
                        ]
                    },
                    "verb": {
                        "negation": false,
                        "text": "use",
                        "index": 2,
                        "flag": 0
                    },
                    "obj": {
                        "start": 18,
                        "end": 34,
                        "text": "HTTP GET request",
                        "id": 7,
                        "verbs": [
                            "use"
                        ],
                        "label": [
                            "FUNCTION"
                        ],
                        "sent_index": 0,
                        "type": "object"
                    }
                },
                {
                    "sub": {
                        "start": 0,
                        "end": 7,
                        "text": "Crimson",
                        "id": 1,
                        "label": [
                            "FUNCTION"
                        ],
                        "sent_index": 0,
                        "type": "subject"
                    },
                    "verb": {
                        "negation": false,
                        "text": "download",
                        "index": 8,
                        "flag": 0
                    },
                    "obj": {
                        "start": 51,
                        "end": 64,
                        "text": "final payload",
                        "id": 12,
                        "verbs": [
                            "download"
                        ],
                        "label": [
                            "FUNCTION"
                        ],
                        "sent_index": 0,
                        "type": "object"
                    }
                }
            ]
        }
    ],
    "id": "relationship--5ece2c1b-6685-4490-ae4f-6340d205625c",
    "tech_id": "T1071.001",
    "location": [],
    "special_id": "T1071.001"
}