{
    "text": "Astaroth spawns a CMD process to execute commands.",
    "graph_nodes": [
        {
            "id": 1,
            "contracted": 0,
            "meta": {
                "start": 0,
                "end": 8,
                "text": "Astaroth",
                "id": 1,
                "label": [
                    "ACTOR"
                ],
                "sent_index": 0,
                "type": "subject",
                "sub_label": [
                    "MALWARE"
                ]
            }
        },
        {
            "id": 5,
            "contracted": 0,
            "meta": {
                "start": 18,
                "end": 29,
                "text": "CMD process",
                "id": 5,
                "verbs": [
                    "spawn"
                ],
                "label": [
                    "FUNCTION"
                ],
                "sent_index": 0,
                "type": "object"
            }
        },
        {
            "id": 8,
            "contracted": 0,
            "meta": {
                "start": 41,
                "end": 49,
                "text": "commands",
                "id": 8,
                "verbs": [
                    "execute"
                ],
                "label": [
                    "FUNCTION"
                ],
                "sent_index": 0,
                "type": "object"
            }
        }
    ],
    "graph_edges": [
        {
            "source": 1,
            "dest": 5,
            "index": 0,
            "verb": "spawn",
            "id": "1_5"
        },
        {
            "source": 5,
            "dest": 8,
            "index": 1,
            "verb": "execute",
            "id": "5_8"
        }
    ],
    "replacement_mapper": {},
    "sentences": [
        {
            "id": 0,
            "text": "Astaroth spawns a CMD process to execute commands.",
            "svos": [
                {
                    "sub": {
                        "start": 0,
                        "end": 8,
                        "text": "Astaroth",
                        "id": 1,
                        "label": [
                            "ACTOR"
                        ],
                        "sent_index": 0,
                        "type": "subject",
                        "sub_label": [
                            "MALWARE"
                        ]
                    },
                    "verb": {
                        "negation": false,
                        "text": "spawn",
                        "index": 1,
                        "flag": 0
                    },
                    "obj": {
                        "start": 18,
                        "end": 29,
                        "text": "CMD process",
                        "id": 5,
                        "verbs": [
                            "spawn"
                        ],
                        "label": [
                            "FUNCTION"
                        ],
                        "sent_index": 0,
                        "type": "object"
                    }
                },
                {
                    "sub": {
                        "start": 18,
                        "end": 29,
                        "text": "CMD process",
                        "id": 5,
                        "verbs": [
                            "spawn"
                        ],
                        "label": [
                            "FUNCTION"
                        ],
                        "sent_index": 0,
                        "type": "subject"
                    },
                    "verb": {
                        "negation": false,
                        "text": "execute",
                        "index": 6,
                        "flag": 0
                    },
                    "obj": {
                        "start": 41,
                        "end": 49,
                        "text": "commands",
                        "id": 8,
                        "verbs": [
                            "execute"
                        ],
                        "label": [
                            "FUNCTION"
                        ],
                        "sent_index": 0,
                        "type": "object"
                    }
                }
            ]
        }
    ],
    "id": "relationship--f1286eda-5b9a-4fd9-a506-bcc3b2870550",
    "tech_id": "T1059.003",
    "location": [],
    "special_id": "T1059.003"
}