{
    "text": "Empire can use PowerSploit's Invoke-TokenManipulation to manipulate access tokens.",
    "graph_nodes": [
        {
            "id": 1,
            "contracted": 0,
            "meta": {
                "start": 0,
                "end": 6,
                "text": "Empire",
                "id": 1,
                "label": [
                    "FUNCTION"
                ],
                "sent_index": 0,
                "type": "subject"
            }
        },
        {
            "id": 4,
            "contracted": 0,
            "meta": {
                "text": "PowerSploit",
                "start": 15,
                "end": 26,
                "id": 4,
                "label": [
                    "FUNCTION"
                ],
                "sent_index": 0,
                "type": "object"
            }
        },
        {
            "id": 6,
            "contracted": 0,
            "meta": {
                "start": 29,
                "end": 53,
                "text": "Invoke-TokenManipulation",
                "id": 6,
                "verbs": [
                    "use"
                ],
                "label": [
                    "FUNCTION"
                ],
                "sent_index": 0,
                "type": "object"
            }
        },
        {
            "id": 10,
            "contracted": 0,
            "meta": {
                "start": 68,
                "end": 81,
                "text": "access tokens",
                "id": 10,
                "verbs": [
                    "manipulate"
                ],
                "label": [
                    "DATA"
                ],
                "sent_index": 0,
                "type": "object"
            }
        }
    ],
    "graph_edges": [
        {
            "source": 1,
            "dest": 6,
            "index": 0,
            "verb": "use",
            "id": "1_6"
        },
        {
            "source": 1,
            "dest": 10,
            "index": 2,
            "verb": "manipulate",
            "id": "1_10"
        },
        {
            "source": 6,
            "dest": 4,
            "index": 1,
            "verb": "of",
            "id": "6_4"
        }
    ],
    "replacement_mapper": {},
    "sentences": [
        {
            "id": 0,
            "text": "Empire can use PowerSploit's Invoke-TokenManipulation to manipulate access tokens.",
            "svos": [
                {
                    "sub": {
                        "start": 0,
                        "end": 6,
                        "text": "Empire",
                        "id": 1,
                        "label": [
                            "FUNCTION"
                        ],
                        "sent_index": 0,
                        "type": "subject"
                    },
                    "verb": {
                        "negation": false,
                        "text": "use",
                        "index": 2,
                        "flag": 0
                    },
                    "obj": {
                        "start": 29,
                        "end": 53,
                        "text": "Invoke-TokenManipulation",
                        "id": 6,
                        "verbs": [
                            "use"
                        ],
                        "label": [
                            "FUNCTION"
                        ],
                        "sent_index": 0,
                        "type": "object"
                    }
                },
                {
                    "sub": {
                        "start": 29,
                        "end": 53,
                        "text": "Invoke-TokenManipulation",
                        "id": 6,
                        "verbs": [
                            "use"
                        ],
                        "label": [
                            "FUNCTION"
                        ],
                        "sent_index": 0,
                        "type": "subject"
                    },
                    "verb": {
                        "negation": false,
                        "text": "of",
                        "index": 5,
                        "flag": 0
                    },
                    "obj": {
                        "text": "PowerSploit",
                        "start": 15,
                        "end": 26,
                        "id": 4,
                        "label": [
                            "FUNCTION"
                        ],
                        "sent_index": 0,
                        "type": "object"
                    }
                },
                {
                    "sub": {
                        "start": 0,
                        "end": 6,
                        "text": "Empire",
                        "id": 1,
                        "label": [
                            "FUNCTION"
                        ],
                        "sent_index": 0,
                        "type": "subject"
                    },
                    "verb": {
                        "negation": false,
                        "text": "manipulate",
                        "index": 7,
                        "flag": 0
                    },
                    "obj": {
                        "start": 68,
                        "end": 81,
                        "text": "access tokens",
                        "id": 10,
                        "verbs": [
                            "manipulate"
                        ],
                        "label": [
                            "DATA"
                        ],
                        "sent_index": 0,
                        "type": "object"
                    }
                }
            ]
        }
    ],
    "id": "relationship--9bd9e08d-efda-4710-8158-9e915dce16d9",
    "tech_id": "T1134",
    "location": [],
    "special_id": "T1134"
}