{
    "text": "Carbon creates several tasks for later execution to continue persistence on the victim's machine.",
    "graph_nodes": [
        {
            "id": 1,
            "contracted": 0,
            "meta": {
                "start": 0,
                "end": 6,
                "text": "Carbon",
                "id": 1,
                "label": [
                    "ACTOR"
                ],
                "sent_index": 0,
                "type": "subject",
                "sub_label": [
                    "MALWARE"
                ]
            }
        },
        {
            "id": 4,
            "contracted": 0,
            "meta": {
                "start": 23,
                "end": 28,
                "text": "tasks",
                "id": 4,
                "verbs": [
                    "create"
                ],
                "label": [
                    "FUNCTION"
                ],
                "sent_index": 0,
                "type": "object"
            }
        },
        {
            "id": 13,
            "contracted": 0,
            "meta": {
                "text": "victim",
                "start": 80,
                "end": 86,
                "id": 13,
                "label": [
                    "USER"
                ],
                "sent_index": 0,
                "type": "object"
            }
        },
        {
            "id": 15,
            "contracted": 0,
            "meta": {
                "start": 89,
                "end": 96,
                "text": "machine",
                "id": 15,
                "label": [
                    "COMPONENT"
                ],
                "sent_index": 0,
                "type": "object"
            }
        }
    ],
    "graph_edges": [
        {
            "source": 1,
            "dest": 4,
            "index": 0,
            "verb": "create",
            "id": "1_4"
        },
        {
            "source": 15,
            "dest": 13,
            "index": 4,
            "verb": "of",
            "id": "15_13"
        }
    ],
    "replacement_mapper": {},
    "sentences": [
        {
            "id": 0,
            "text": "Carbon creates several tasks for later execution to continue persistence on the victim's machine.",
            "svos": [
                {
                    "sub": {
                        "start": 0,
                        "end": 6,
                        "text": "Carbon",
                        "id": 1,
                        "label": [
                            "ACTOR"
                        ],
                        "sent_index": 0,
                        "type": "subject",
                        "sub_label": [
                            "MALWARE"
                        ]
                    },
                    "verb": {
                        "negation": false,
                        "text": "create",
                        "index": 1,
                        "flag": 0
                    },
                    "obj": {
                        "start": 23,
                        "end": 28,
                        "text": "tasks",
                        "id": 4,
                        "verbs": [
                            "create"
                        ],
                        "label": [
                            "FUNCTION"
                        ],
                        "sent_index": 0,
                        "type": "object"
                    }
                },
                {
                    "sub": {
                        "start": 23,
                        "end": 28,
                        "text": "tasks",
                        "id": 4,
                        "verbs": [
                            "create"
                        ],
                        "label": [
                            "FUNCTION"
                        ],
                        "sent_index": 0,
                        "type": "subject"
                    },
                    "verb": {
                        "negation": false,
                        "text": "for",
                        "index": 4,
                        "flag": 0
                    },
                    "obj": {
                        "start": 33,
                        "end": 48,
                        "text": "later execution",
                        "id": 7,
                        "label": [
                            "FUNCTION"
                        ],
                        "sent_index": 0,
                        "type": "object"
                    }
                },
                {
                    "sub": {
                        "start": 0,
                        "end": 6,
                        "text": "Carbon",
                        "id": 1,
                        "label": [
                            "FUNCTION"
                        ],
                        "sent_index": 0,
                        "type": "subject"
                    },
                    "verb": {
                        "negation": false,
                        "text": "continue",
                        "index": 8,
                        "flag": 0
                    },
                    "obj": {
                        "start": 61,
                        "end": 72,
                        "text": "persistence",
                        "id": 10,
                        "verbs": [
                            "continue"
                        ],
                        "label": [
                            "FUNCTION"
                        ],
                        "sent_index": 0,
                        "type": "object"
                    }
                },
                {
                    "sub": {
                        "start": 61,
                        "end": 72,
                        "text": "persistence",
                        "id": 10,
                        "verbs": [
                            "continue"
                        ],
                        "label": [
                            "FUNCTION"
                        ],
                        "sent_index": 0,
                        "type": "subject"
                    },
                    "verb": {
                        "negation": false,
                        "text": "on",
                        "index": 10,
                        "flag": 0
                    },
                    "obj": {
                        "start": 89,
                        "end": 96,
                        "text": "machine",
                        "id": 15,
                        "label": [
                            "COMPONENT"
                        ],
                        "sent_index": 0,
                        "type": "object"
                    }
                },
                {
                    "sub": {
                        "start": 89,
                        "end": 96,
                        "text": "machine",
                        "id": 15,
                        "label": [
                            "COMPONENT"
                        ],
                        "sent_index": 0,
                        "type": "subject"
                    },
                    "verb": {
                        "negation": false,
                        "text": "of",
                        "index": 14,
                        "flag": 0
                    },
                    "obj": {
                        "text": "victim",
                        "start": 80,
                        "end": 86,
                        "id": 13,
                        "label": [
                            "USER"
                        ],
                        "sent_index": 0,
                        "type": "object"
                    }
                }
            ]
        }
    ],
    "id": "relationship--185a72dd-e151-4eba-81f4-c3eeaa67873a",
    "tech_id": "T1053.005",
    "location": [],
    "special_id": "T1053.005"
}