{
    "text": "CosmicDuke copies and exfiltrates the clipboard contents every 30 seconds.",
    "graph_nodes": [
        {
            "id": 1,
            "contracted": 0,
            "meta": {
                "start": 0,
                "end": 10,
                "text": "CosmicDuke",
                "id": 1,
                "label": [
                    "ACTOR"
                ],
                "sent_index": 0,
                "type": "subject",
                "sub_label": [
                    "MALWARE"
                ]
            }
        },
        {
            "id": 7,
            "contracted": 0,
            "meta": {
                "start": 38,
                "end": 56,
                "text": "clipboard contents",
                "id": 7,
                "verbs": [
                    "copy"
                ],
                "label": [
                    "DATA"
                ],
                "sent_index": 0,
                "type": "object"
            }
        }
    ],
    "graph_edges": [
        {
            "source": 1,
            "dest": 7,
            "index": 1,
            "verb": "exfiltrate",
            "id": "1_7"
        }
    ],
    "replacement_mapper": {},
    "sentences": [
        {
            "id": 0,
            "text": "CosmicDuke copies and exfiltrates the clipboard contents every 30 seconds.",
            "svos": [
                {
                    "sub": {
                        "start": 0,
                        "end": 10,
                        "text": "CosmicDuke",
                        "id": 1,
                        "label": [
                            "ACTOR"
                        ],
                        "sent_index": 0,
                        "type": "subject",
                        "sub_label": [
                            "MALWARE"
                        ]
                    },
                    "verb": {
                        "negation": false,
                        "text": "copy",
                        "index": 1,
                        "flag": 0
                    },
                    "obj": {
                        "start": 38,
                        "end": 56,
                        "text": "clipboard contents",
                        "id": 7,
                        "verbs": [
                            "copy"
                        ],
                        "label": [
                            "DATA"
                        ],
                        "sent_index": 0,
                        "type": "object"
                    }
                },
                {
                    "sub": {
                        "start": 0,
                        "end": 10,
                        "text": "CosmicDuke",
                        "id": 1,
                        "label": [
                            "FUNCTION"
                        ],
                        "sent_index": 0,
                        "type": "subject"
                    },
                    "verb": {
                        "negation": false,
                        "text": "exfiltrate",
                        "index": 3,
                        "flag": 0
                    },
                    "obj": {
                        "start": 38,
                        "end": 56,
                        "text": "clipboard contents",
                        "id": 7,
                        "verbs": [
                            "exfiltrate"
                        ],
                        "label": [
                            "DATA"
                        ],
                        "sent_index": 0,
                        "type": "object"
                    }
                }
            ]
        }
    ],
    "id": "relationship--66625422-17cd-4b04-beb5-fa2eabe350ad",
    "tech_id": "T1115",
    "location": [],
    "special_id": "T1115"
}