{
    "text": "TA551 has prompted users to enable macros within spearphishing attachments to install malware.",
    "graph_nodes": [
        {
            "id": 1,
            "contracted": 0,
            "meta": {
                "start": 0,
                "end": 5,
                "text": "TA551",
                "id": 1,
                "label": [
                    "ACTOR"
                ],
                "sent_index": 0,
                "type": "subject"
            }
        },
        {
            "id": 4,
            "contracted": 0,
            "meta": {
                "start": 19,
                "end": 24,
                "text": "users",
                "id": 4,
                "verbs": [
                    "prompt"
                ],
                "label": [
                    "DATA"
                ],
                "sent_index": 0,
                "type": "object"
            }
        },
        {
            "id": 7,
            "contracted": 0,
            "meta": {
                "start": 35,
                "end": 41,
                "text": "macros",
                "id": 7,
                "verbs": [
                    "enable"
                ],
                "label": [
                    "FUNCTION"
                ],
                "sent_index": 0,
                "type": "object"
            }
        },
        {
            "id": 10,
            "contracted": 0,
            "meta": {
                "start": 49,
                "end": 74,
                "text": "spearphishing attachments",
                "id": 10,
                "verbs": [
                    "within"
                ],
                "label": [
                    "DATA"
                ],
                "sent_index": 0,
                "type": "object"
            }
        },
        {
            "id": 13,
            "contracted": 0,
            "meta": {
                "start": 86,
                "end": 93,
                "text": "malware",
                "id": 13,
                "verbs": [
                    "install"
                ],
                "label": [
                    "FUNCTION"
                ],
                "sent_index": 0,
                "type": "object"
            }
        }
    ],
    "graph_edges": [
        {
            "source": 1,
            "dest": 4,
            "index": 0,
            "verb": "prompt",
            "id": "1_4"
        },
        {
            "source": 1,
            "dest": 7,
            "index": 1,
            "verb": "enable",
            "id": "1_7"
        },
        {
            "source": 1,
            "dest": 13,
            "index": 3,
            "verb": "install",
            "id": "1_13"
        },
        {
            "source": 7,
            "dest": 10,
            "index": 2,
            "verb": "within",
            "id": "7_10"
        }
    ],
    "replacement_mapper": {},
    "sentences": [
        {
            "id": 0,
            "text": "TA551 has prompted users to enable macros within spearphishing attachments to install malware.",
            "svos": [
                {
                    "sub": {
                        "start": 0,
                        "end": 5,
                        "text": "TA551",
                        "id": 1,
                        "label": [
                            "ACTOR"
                        ],
                        "sent_index": 0,
                        "type": "subject"
                    },
                    "verb": {
                        "negation": false,
                        "text": "prompt",
                        "index": 2,
                        "flag": 0
                    },
                    "obj": {
                        "start": 19,
                        "end": 24,
                        "text": "users",
                        "id": 4,
                        "verbs": [
                            "prompt"
                        ],
                        "label": [
                            "DATA"
                        ],
                        "sent_index": 0,
                        "type": "object"
                    }
                },
                {
                    "sub": {
                        "start": 0,
                        "end": 5,
                        "text": "TA551",
                        "id": 1,
                        "label": [
                            "ACTOR"
                        ],
                        "sent_index": 0,
                        "type": "subject"
                    },
                    "verb": {
                        "negation": false,
                        "text": "enable",
                        "index": 5,
                        "flag": 0
                    },
                    "obj": {
                        "start": 35,
                        "end": 41,
                        "text": "macros",
                        "id": 7,
                        "verbs": [
                            "enable"
                        ],
                        "label": [
                            "FUNCTION"
                        ],
                        "sent_index": 0,
                        "type": "object"
                    }
                },
                {
                    "sub": {
                        "start": 35,
                        "end": 41,
                        "text": "macros",
                        "id": 7,
                        "verbs": [
                            "enable"
                        ],
                        "label": [
                            "FUNCTION"
                        ],
                        "sent_index": 0,
                        "type": "subject"
                    },
                    "verb": {
                        "negation": false,
                        "text": "within",
                        "index": 7,
                        "flag": 0
                    },
                    "obj": {
                        "start": 49,
                        "end": 74,
                        "text": "spearphishing attachments",
                        "id": 10,
                        "verbs": [
                            "within"
                        ],
                        "label": [
                            "DATA"
                        ],
                        "sent_index": 0,
                        "type": "object"
                    }
                },
                {
                    "sub": {
                        "start": 0,
                        "end": 5,
                        "text": "TA551",
                        "id": 1,
                        "label": [
                            "ACTOR"
                        ],
                        "sent_index": 0,
                        "type": "subject"
                    },
                    "verb": {
                        "negation": false,
                        "text": "install",
                        "index": 11,
                        "flag": 0
                    },
                    "obj": {
                        "start": 86,
                        "end": 93,
                        "text": "malware",
                        "id": 13,
                        "verbs": [
                            "install"
                        ],
                        "label": [
                            "FUNCTION"
                        ],
                        "sent_index": 0,
                        "type": "object"
                    }
                }
            ]
        }
    ],
    "id": "relationship--354551e4-c6aa-495a-aba5-b7437c485d34",
    "tech_id": "T1204.002",
    "location": [],
    "special_id": "T1204.002"
}