{
    "text": "PolyglotDuke can use a custom algorithm to decrypt strings used by the malware.",
    "graph_nodes": [
        {
            "id": 1,
            "contracted": 0,
            "meta": {
                "start": 0,
                "end": 12,
                "text": "PolyglotDuke",
                "id": 1,
                "label": [
                    "ACTOR"
                ],
                "sent_index": 0,
                "type": "subject",
                "sub_label": [
                    "MALWARE"
                ]
            }
        },
        {
            "id": 6,
            "contracted": 0,
            "meta": {
                "start": 23,
                "end": 39,
                "text": "custom algorithm",
                "id": 6,
                "verbs": [
                    "use"
                ],
                "label": [
                    "FUNCTION"
                ],
                "sent_index": 0,
                "type": "object"
            }
        },
        {
            "id": 9,
            "contracted": 0,
            "meta": {
                "start": 51,
                "end": 58,
                "text": "strings",
                "id": 9,
                "verbs": [
                    "decrypt"
                ],
                "label": [
                    "DATA"
                ],
                "sent_index": 0,
                "type": "object"
            }
        },
        {
            "id": 13,
            "contracted": 0,
            "meta": {
                "start": 71,
                "end": 78,
                "text": "malware",
                "id": 13,
                "label": [
                    "FUNCTION"
                ],
                "sent_index": 0,
                "type": "subject"
            }
        }
    ],
    "graph_edges": [
        {
            "source": 1,
            "dest": 6,
            "index": 0,
            "verb": "use",
            "id": "1_6"
        },
        {
            "source": 1,
            "dest": 9,
            "index": 1,
            "verb": "decrypt",
            "id": "1_9"
        },
        {
            "source": 13,
            "dest": 9,
            "index": 2,
            "verb": "use",
            "id": "13_9"
        }
    ],
    "replacement_mapper": {},
    "sentences": [
        {
            "id": 0,
            "text": "PolyglotDuke can use a custom algorithm to decrypt strings used by the malware.",
            "svos": [
                {
                    "sub": {
                        "start": 0,
                        "end": 12,
                        "text": "PolyglotDuke",
                        "id": 1,
                        "label": [
                            "ACTOR"
                        ],
                        "sent_index": 0,
                        "type": "subject",
                        "sub_label": [
                            "MALWARE"
                        ]
                    },
                    "verb": {
                        "negation": false,
                        "text": "use",
                        "index": 2,
                        "flag": 0
                    },
                    "obj": {
                        "start": 23,
                        "end": 39,
                        "text": "custom algorithm",
                        "id": 6,
                        "verbs": [
                            "use"
                        ],
                        "label": [
                            "FUNCTION"
                        ],
                        "sent_index": 0,
                        "type": "object"
                    }
                },
                {
                    "sub": {
                        "start": 0,
                        "end": 12,
                        "text": "PolyglotDuke",
                        "id": 1,
                        "label": [
                            "FUNCTION"
                        ],
                        "sent_index": 0,
                        "type": "subject"
                    },
                    "verb": {
                        "negation": false,
                        "text": "decrypt",
                        "index": 7,
                        "flag": 0
                    },
                    "obj": {
                        "start": 51,
                        "end": 58,
                        "text": "strings",
                        "id": 9,
                        "verbs": [
                            "decrypt"
                        ],
                        "label": [
                            "DATA"
                        ],
                        "sent_index": 0,
                        "type": "object"
                    }
                },
                {
                    "sub": {
                        "start": 71,
                        "end": 78,
                        "text": "malware",
                        "id": 13,
                        "label": [
                            "FUNCTION"
                        ],
                        "sent_index": 0,
                        "type": "subject"
                    },
                    "verb": {
                        "negation": false,
                        "text": "use",
                        "index": 9,
                        "flag": 0
                    },
                    "obj": {
                        "start": 51,
                        "end": 58,
                        "text": "strings",
                        "id": 9,
                        "verbs": [
                            "use"
                        ],
                        "label": [
                            "DATA"
                        ],
                        "sent_index": 0,
                        "type": "object"
                    }
                }
            ]
        }
    ],
    "id": "relationship--fe2eb5b7-7ae1-4df1-a49e-ad13f50510e8",
    "tech_id": "T1140",
    "location": [],
    "special_id": "T1140"
}