{
    "text": "MuddyWater has used scheduled tasks to establish persistence.",
    "graph_nodes": [
        {
            "id": 1,
            "contracted": 0,
            "meta": {
                "start": 0,
                "end": 10,
                "text": "MuddyWater",
                "id": 1,
                "label": [
                    "ACTOR"
                ],
                "sent_index": 0,
                "type": "subject"
            }
        },
        {
            "id": 5,
            "contracted": 0,
            "meta": {
                "start": 20,
                "end": 35,
                "text": "scheduled tasks",
                "id": 5,
                "verbs": [
                    "use"
                ],
                "label": [
                    "FUNCTION"
                ],
                "sent_index": 0,
                "type": "object"
            }
        }
    ],
    "graph_edges": [
        {
            "source": 1,
            "dest": 5,
            "index": 0,
            "verb": "use",
            "id": "1_5"
        }
    ],
    "replacement_mapper": {},
    "sentences": [
        {
            "id": 0,
            "text": "MuddyWater has used scheduled tasks to establish persistence.",
            "svos": [
                {
                    "sub": {
                        "start": 0,
                        "end": 10,
                        "text": "MuddyWater",
                        "id": 1,
                        "label": [
                            "ACTOR"
                        ],
                        "sent_index": 0,
                        "type": "subject"
                    },
                    "verb": {
                        "negation": false,
                        "text": "use",
                        "index": 2,
                        "flag": 0
                    },
                    "obj": {
                        "start": 20,
                        "end": 35,
                        "text": "scheduled tasks",
                        "id": 5,
                        "verbs": [
                            "use"
                        ],
                        "label": [
                            "FUNCTION"
                        ],
                        "sent_index": 0,
                        "type": "object"
                    }
                },
                {
                    "sub": {
                        "start": 0,
                        "end": 10,
                        "text": "MuddyWater",
                        "id": 1,
                        "label": [
                            "ACTOR"
                        ],
                        "sent_index": 0,
                        "type": "subject"
                    },
                    "verb": {
                        "negation": false,
                        "text": "establish",
                        "index": 6,
                        "flag": 0
                    },
                    "obj": {
                        "start": 49,
                        "end": 60,
                        "text": "persistence",
                        "id": 8,
                        "verbs": [
                            "establish"
                        ],
                        "label": [
                            "FUNCTION"
                        ],
                        "sent_index": 0,
                        "type": "object"
                    }
                }
            ]
        }
    ],
    "id": "relationship--c8f3916d-e020-42a8-afe0-25fe8498245a",
    "tech_id": "T1053.005",
    "location": [],
    "special_id": "T1053.005"
}