{
    "text": "APT38 has used a custom secure delete function to make deleted files unrecoverable.",
    "graph_nodes": [
        {
            "id": 1,
            "contracted": 0,
            "meta": {
                "start": 0,
                "end": 5,
                "text": "APT38",
                "id": 1,
                "label": [
                    "ACTOR"
                ],
                "sent_index": 0,
                "type": "subject"
            }
        },
        {
            "id": 8,
            "contracted": 0,
            "meta": {
                "start": 17,
                "end": 46,
                "text": "custom secure delete function",
                "id": 8,
                "verbs": [
                    "use"
                ],
                "label": [
                    "FUNCTION"
                ],
                "sent_index": 0,
                "type": "object"
            }
        }
    ],
    "graph_edges": [
        {
            "source": 1,
            "dest": 8,
            "index": 0,
            "verb": "use",
            "id": "1_8"
        }
    ],
    "replacement_mapper": {},
    "sentences": [
        {
            "id": 0,
            "text": "APT38 has used a custom secure delete function to make deleted files unrecoverable.",
            "svos": [
                {
                    "sub": {
                        "start": 0,
                        "end": 5,
                        "text": "APT38",
                        "id": 1,
                        "label": [
                            "ACTOR"
                        ],
                        "sent_index": 0,
                        "type": "subject"
                    },
                    "verb": {
                        "negation": false,
                        "text": "use",
                        "index": 2,
                        "flag": 0
                    },
                    "obj": {
                        "start": 17,
                        "end": 46,
                        "text": "custom secure delete function",
                        "id": 8,
                        "verbs": [
                            "use"
                        ],
                        "label": [
                            "FUNCTION"
                        ],
                        "sent_index": 0,
                        "type": "object"
                    }
                }
            ]
        }
    ],
    "id": "relationship--77cd972c-459f-4cac-ae21-3cc1a96df09e",
    "tech_id": "T1485",
    "location": [],
    "special_id": "T1485"
}