{
    "text": "Gelsemium can inject DLLs into specific processes.",
    "graph_nodes": [
        {
            "id": 1,
            "contracted": 0,
            "meta": {
                "start": 0,
                "end": 9,
                "text": "Gelsemium",
                "id": 1,
                "label": [
                    "ACTOR"
                ],
                "sent_index": 0,
                "type": "subject",
                "sub_label": [
                    "MALWARE"
                ]
            }
        },
        {
            "id": 4,
            "contracted": 0,
            "meta": {
                "start": 21,
                "end": 25,
                "text": "DLLs",
                "id": 4,
                "verbs": [
                    "inject"
                ],
                "label": [
                    "REGISTRY"
                ],
                "sent_index": 0,
                "type": "object"
            }
        },
        {
            "id": 7,
            "contracted": 0,
            "meta": {
                "start": 40,
                "end": 49,
                "text": "processes",
                "id": 7,
                "verbs": [
                    "into"
                ],
                "label": [
                    "FUNCTION"
                ],
                "sent_index": 0,
                "type": "object"
            }
        }
    ],
    "graph_edges": [
        {
            "source": 1,
            "dest": 4,
            "index": 0,
            "verb": "inject",
            "id": "1_4"
        },
        {
            "source": 1,
            "dest": 7,
            "index": 2,
            "verb": "into",
            "id": "1_7"
        },
        {
            "source": 4,
            "dest": 7,
            "index": 1,
            "verb": "into",
            "id": "4_7"
        }
    ],
    "replacement_mapper": {},
    "sentences": [
        {
            "id": 0,
            "text": "Gelsemium can inject DLLs into specific processes.",
            "svos": [
                {
                    "sub": {
                        "start": 0,
                        "end": 9,
                        "text": "Gelsemium",
                        "id": 1,
                        "label": [
                            "ACTOR"
                        ],
                        "sent_index": 0,
                        "type": "subject",
                        "sub_label": [
                            "MALWARE"
                        ]
                    },
                    "verb": {
                        "negation": false,
                        "text": "inject",
                        "index": 2,
                        "flag": 0
                    },
                    "obj": {
                        "start": 21,
                        "end": 25,
                        "text": "DLLs",
                        "id": 4,
                        "verbs": [
                            "inject"
                        ],
                        "label": [
                            "REGISTRY"
                        ],
                        "sent_index": 0,
                        "type": "object"
                    }
                },
                {
                    "sub": {
                        "start": 21,
                        "end": 25,
                        "text": "DLLs",
                        "id": 4,
                        "verbs": [
                            "inject"
                        ],
                        "label": [
                            "REGISTRY"
                        ],
                        "sent_index": 0,
                        "type": "subject"
                    },
                    "verb": {
                        "negation": false,
                        "text": "into",
                        "index": 4,
                        "flag": 0
                    },
                    "obj": {
                        "start": 40,
                        "end": 49,
                        "text": "processes",
                        "id": 7,
                        "verbs": [
                            "into"
                        ],
                        "label": [
                            "FUNCTION"
                        ],
                        "sent_index": 0,
                        "type": "object"
                    }
                },
                {
                    "sub": {
                        "start": 0,
                        "end": 9,
                        "text": "Gelsemium",
                        "id": 1,
                        "label": [
                            "FUNCTION"
                        ],
                        "sent_index": 0,
                        "type": "subject"
                    },
                    "verb": {
                        "negation": false,
                        "text": "into",
                        "index": 4,
                        "flag": 0
                    },
                    "obj": {
                        "start": 40,
                        "end": 49,
                        "text": "processes",
                        "id": 7,
                        "verbs": [
                            "into"
                        ],
                        "label": [
                            "FUNCTION"
                        ],
                        "sent_index": 0,
                        "type": "object"
                    }
                }
            ]
        }
    ],
    "id": "relationship--a737a968-1fec-4e9b-b0dd-d4318f07a691",
    "tech_id": "T1055.001",
    "location": [],
    "special_id": "T1055.001"
}