{
    "text": "Lazarus Group has conducted C2 over HTTP and HTTPS.",
    "graph_nodes": [
        {
            "id": 2,
            "contracted": 0,
            "meta": {
                "start": 0,
                "end": 13,
                "text": "Lazarus Group",
                "id": 2,
                "label": [
                    "ACTOR"
                ],
                "sent_index": 0,
                "type": "subject"
            }
        },
        {
            "id": 5,
            "contracted": 0,
            "meta": {
                "start": 28,
                "end": 30,
                "text": "C2",
                "id": 5,
                "verbs": [
                    "conduct"
                ],
                "label": [
                    "NETWORK"
                ],
                "sent_index": 0,
                "type": "object"
            }
        },
        {
            "id": 7,
            "contracted": 0,
            "meta": {
                "start": 36,
                "end": 40,
                "text": "HTTP",
                "id": 7,
                "verbs": [
                    "use"
                ],
                "label": [
                    "NETWORK"
                ],
                "sent_index": 0,
                "type": "object",
                "texts": [
                    "HTTP",
                    "HTTPS"
                ]
            }
        }
    ],
    "graph_edges": [
        {
            "source": 2,
            "dest": 7,
            "index": 5,
            "verb": "over",
            "id": "2_7"
        },
        {
            "source": 2,
            "dest": 5,
            "index": 2,
            "verb": "conduct",
            "id": "2_5"
        },
        {
            "source": 5,
            "dest": 7,
            "index": 3,
            "verb": "over",
            "id": "5_7"
        }
    ],
    "replacement_mapper": {},
    "sentences": [
        {
            "id": 0,
            "text": "Lazarus Group has conducted C2 over HTTP and HTTPS.",
            "svos": [
                {
                    "sub": {
                        "start": 0,
                        "end": 13,
                        "text": "Lazarus Group",
                        "id": 2,
                        "label": [
                            "ACTOR"
                        ],
                        "sent_index": 0,
                        "type": "subject"
                    },
                    "verb": {
                        "negation": false,
                        "text": "use",
                        "index": 0,
                        "flag": 0
                    },
                    "obj": {
                        "start": 36,
                        "end": 40,
                        "text": "HTTP",
                        "id": 7,
                        "verbs": [
                            "use"
                        ],
                        "label": [
                            "NETWORK"
                        ],
                        "sent_index": 0,
                        "type": "object",
                        "texts": [
                            "HTTP",
                            "HTTPS"
                        ]
                    }
                },
                {
                    "sub": {
                        "start": 0,
                        "end": 13,
                        "text": "Lazarus Group",
                        "id": 2,
                        "label": [
                            "ACTOR"
                        ],
                        "sent_index": 0,
                        "type": "subject"
                    },
                    "verb": {
                        "negation": false,
                        "text": "use",
                        "index": 0,
                        "flag": 0
                    },
                    "obj": {
                        "start": 45,
                        "end": 50,
                        "text": "HTTPS",
                        "id": 9,
                        "verbs": [
                            "use"
                        ],
                        "label": [
                            "NETWORK"
                        ],
                        "sent_index": 0,
                        "type": "object"
                    }
                },
                {
                    "sub": {
                        "start": 0,
                        "end": 13,
                        "text": "Lazarus Group",
                        "id": 2,
                        "label": [
                            "ACTOR"
                        ],
                        "sent_index": 0,
                        "type": "subject"
                    },
                    "verb": {
                        "negation": false,
                        "text": "conduct",
                        "index": 3,
                        "flag": 0
                    },
                    "obj": {
                        "start": 28,
                        "end": 30,
                        "text": "C2",
                        "id": 5,
                        "verbs": [
                            "conduct"
                        ],
                        "label": [
                            "NETWORK"
                        ],
                        "sent_index": 0,
                        "type": "object"
                    }
                },
                {
                    "sub": {
                        "start": 28,
                        "end": 30,
                        "text": "C2",
                        "id": 5,
                        "verbs": [
                            "conduct"
                        ],
                        "label": [
                            "NETWORK"
                        ],
                        "sent_index": 0,
                        "type": "subject"
                    },
                    "verb": {
                        "negation": false,
                        "text": "over",
                        "index": 5,
                        "flag": 0
                    },
                    "obj": {
                        "start": 36,
                        "end": 40,
                        "text": "HTTP",
                        "id": 7,
                        "verbs": [
                            "over"
                        ],
                        "label": [
                            "NETWORK"
                        ],
                        "sent_index": 0,
                        "type": "object"
                    }
                },
                {
                    "sub": {
                        "start": 28,
                        "end": 30,
                        "text": "C2",
                        "id": 5,
                        "verbs": [
                            "conduct"
                        ],
                        "label": [
                            "NETWORK"
                        ],
                        "sent_index": 0,
                        "type": "subject"
                    },
                    "verb": {
                        "negation": false,
                        "text": "over",
                        "index": 5,
                        "flag": 0
                    },
                    "obj": {
                        "start": 45,
                        "end": 50,
                        "text": "HTTPS",
                        "id": 9,
                        "verbs": [
                            "over"
                        ],
                        "label": [
                            "NETWORK"
                        ],
                        "sent_index": 0,
                        "type": "object"
                    }
                },
                {
                    "sub": {
                        "start": 0,
                        "end": 13,
                        "text": "Lazarus Group",
                        "id": 2,
                        "label": [
                            "ACTOR"
                        ],
                        "sent_index": 0,
                        "type": "subject"
                    },
                    "verb": {
                        "negation": false,
                        "text": "over",
                        "index": 5,
                        "flag": 0
                    },
                    "obj": {
                        "start": 36,
                        "end": 40,
                        "text": "HTTP",
                        "id": 7,
                        "verbs": [
                            "over"
                        ],
                        "label": [
                            "NETWORK"
                        ],
                        "sent_index": 0,
                        "type": "object"
                    }
                }
            ]
        }
    ],
    "id": "relationship--6549c38d-46b4-4633-a479-0cbeb405f186",
    "tech_id": "T1071.001",
    "location": [],
    "special_id": "T1071.001"
}