{
    "text": "Recent versions of Cherry Picker delete files and registry keys created by the malware.",
    "graph_nodes": [
        {
            "id": 2,
            "contracted": 0,
            "meta": {
                "start": 7,
                "end": 15,
                "text": "versions",
                "id": 2,
                "label": [
                    "DATA"
                ],
                "sent_index": 0,
                "type": "subject"
            }
        },
        {
            "id": 5,
            "contracted": 0,
            "meta": {
                "start": 19,
                "end": 32,
                "text": "Cherry Picker",
                "id": 5,
                "label": [
                    "FUNCTION"
                ],
                "sent_index": 0,
                "type": "object"
            }
        },
        {
            "id": 7,
            "contracted": 0,
            "meta": {
                "start": 40,
                "end": 45,
                "text": "files",
                "id": 7,
                "verbs": [
                    "delete"
                ],
                "label": [
                    "DATA",
                    "REGISTRY"
                ],
                "sent_index": 0,
                "type": "object",
                "texts": [
                    "registry keys",
                    "files"
                ]
            }
        },
        {
            "id": 14,
            "contracted": 0,
            "meta": {
                "start": 79,
                "end": 86,
                "text": "malware",
                "id": 14,
                "label": [
                    "FUNCTION"
                ],
                "sent_index": 0,
                "type": "subject"
            }
        }
    ],
    "graph_edges": [
        {
            "source": 2,
            "dest": 5,
            "index": 0,
            "verb": "of",
            "id": "2_5"
        },
        {
            "source": 2,
            "dest": 7,
            "index": 1,
            "verb": "delete",
            "id": "2_7"
        },
        {
            "source": 14,
            "dest": 7,
            "index": 3,
            "verb": "create",
            "id": "14_7"
        }
    ],
    "replacement_mapper": {},
    "sentences": [
        {
            "id": 0,
            "text": "Recent versions of Cherry Picker delete files and registry keys created by the malware.",
            "svos": [
                {
                    "sub": {
                        "start": 7,
                        "end": 15,
                        "text": "versions",
                        "id": 2,
                        "label": [
                            "DATA"
                        ],
                        "sent_index": 0,
                        "type": "subject"
                    },
                    "verb": {
                        "negation": false,
                        "text": "of",
                        "index": 2,
                        "flag": 0
                    },
                    "obj": {
                        "start": 19,
                        "end": 32,
                        "text": "Cherry Picker",
                        "id": 5,
                        "label": [
                            "FUNCTION"
                        ],
                        "sent_index": 0,
                        "type": "object"
                    }
                },
                {
                    "sub": {
                        "start": 7,
                        "end": 15,
                        "text": "versions",
                        "id": 2,
                        "label": [
                            "DATA"
                        ],
                        "sent_index": 0,
                        "type": "subject"
                    },
                    "verb": {
                        "negation": false,
                        "text": "delete",
                        "index": 5,
                        "flag": 0
                    },
                    "obj": {
                        "start": 40,
                        "end": 45,
                        "text": "files",
                        "id": 7,
                        "verbs": [
                            "delete"
                        ],
                        "label": [
                            "DATA",
                            "REGISTRY"
                        ],
                        "sent_index": 0,
                        "type": "object",
                        "texts": [
                            "registry keys",
                            "files"
                        ]
                    }
                },
                {
                    "sub": {
                        "start": 7,
                        "end": 15,
                        "text": "versions",
                        "id": 2,
                        "label": [
                            "DATA"
                        ],
                        "sent_index": 0,
                        "type": "subject"
                    },
                    "verb": {
                        "negation": false,
                        "text": "delete",
                        "index": 5,
                        "flag": 0
                    },
                    "obj": {
                        "start": 50,
                        "end": 63,
                        "text": "registry keys",
                        "id": 10,
                        "verbs": [
                            "delete"
                        ],
                        "label": [
                            "REGISTRY"
                        ],
                        "sent_index": 0,
                        "type": "object"
                    }
                },
                {
                    "sub": {
                        "start": 79,
                        "end": 86,
                        "text": "malware",
                        "id": 14,
                        "label": [
                            "FUNCTION"
                        ],
                        "sent_index": 0,
                        "type": "subject"
                    },
                    "verb": {
                        "negation": false,
                        "text": "create",
                        "index": 10,
                        "flag": 0
                    },
                    "obj": {
                        "start": 40,
                        "end": 45,
                        "text": "files",
                        "id": 7,
                        "verbs": [
                            "create"
                        ],
                        "label": [
                            "DATA"
                        ],
                        "sent_index": 0,
                        "type": "object"
                    }
                }
            ]
        }
    ],
    "id": "relationship--171380bf-41ff-43da-86fe-c131f5f7b97b",
    "tech_id": "T1070.004",
    "location": [],
    "special_id": "T1070.004"
}