{
    "text": "POWERSOURCE uses DNS TXT records for C2.",
    "graph_nodes": [
        {
            "id": 1,
            "contracted": 0,
            "meta": {
                "start": 0,
                "end": 11,
                "text": "POWERSOURCE",
                "id": 1,
                "label": [
                    "ACTOR"
                ],
                "sent_index": 0,
                "type": "subject",
                "sub_label": [
                    "MALWARE"
                ]
            }
        },
        {
            "id": 5,
            "contracted": 0,
            "meta": {
                "start": 17,
                "end": 32,
                "text": "DNS TXT records",
                "id": 5,
                "verbs": [
                    "use"
                ],
                "label": [
                    "DATA"
                ],
                "sent_index": 0,
                "type": "object"
            }
        },
        {
            "id": 7,
            "contracted": 0,
            "meta": {
                "start": 37,
                "end": 39,
                "text": "C2",
                "id": 7,
                "label": [
                    "NETWORK"
                ],
                "sent_index": 0,
                "type": "object"
            }
        }
    ],
    "graph_edges": [
        {
            "source": 1,
            "dest": 5,
            "index": 0,
            "verb": "use",
            "id": "1_5"
        },
        {
            "source": 1,
            "dest": 7,
            "index": 2,
            "verb": "for",
            "id": "1_7"
        },
        {
            "source": 5,
            "dest": 7,
            "index": 1,
            "verb": "for",
            "id": "5_7"
        }
    ],
    "replacement_mapper": {},
    "sentences": [
        {
            "id": 0,
            "text": "POWERSOURCE uses DNS TXT records for C2.",
            "svos": [
                {
                    "sub": {
                        "start": 0,
                        "end": 11,
                        "text": "POWERSOURCE",
                        "id": 1,
                        "label": [
                            "ACTOR"
                        ],
                        "sent_index": 0,
                        "type": "subject",
                        "sub_label": [
                            "MALWARE"
                        ]
                    },
                    "verb": {
                        "negation": false,
                        "text": "use",
                        "index": 1,
                        "flag": 0
                    },
                    "obj": {
                        "start": 17,
                        "end": 32,
                        "text": "DNS TXT records",
                        "id": 5,
                        "verbs": [
                            "use"
                        ],
                        "label": [
                            "DATA"
                        ],
                        "sent_index": 0,
                        "type": "object"
                    }
                },
                {
                    "sub": {
                        "start": 17,
                        "end": 32,
                        "text": "DNS TXT records",
                        "id": 5,
                        "verbs": [
                            "use"
                        ],
                        "label": [
                            "DATA"
                        ],
                        "sent_index": 0,
                        "type": "subject"
                    },
                    "verb": {
                        "negation": false,
                        "text": "for",
                        "index": 5,
                        "flag": 0
                    },
                    "obj": {
                        "start": 37,
                        "end": 39,
                        "text": "C2",
                        "id": 7,
                        "label": [
                            "NETWORK"
                        ],
                        "sent_index": 0,
                        "type": "object"
                    }
                },
                {
                    "sub": {
                        "start": 0,
                        "end": 11,
                        "text": "POWERSOURCE",
                        "id": 1,
                        "label": [
                            "FUNCTION"
                        ],
                        "sent_index": 0,
                        "type": "subject"
                    },
                    "verb": {
                        "negation": false,
                        "text": "for",
                        "index": 5,
                        "flag": 0
                    },
                    "obj": {
                        "start": 37,
                        "end": 39,
                        "text": "C2",
                        "id": 7,
                        "label": [
                            "NETWORK"
                        ],
                        "sent_index": 0,
                        "type": "object"
                    }
                }
            ]
        }
    ],
    "id": "relationship--c560f682-0d21-4c9b-b35d-33aec2287117",
    "tech_id": "T1071.004",
    "location": [],
    "special_id": "T1071.004"
}