{
    "text": "HiddenWasp uses a script to automate tasks on the victim's machine and to assist in execution.",
    "graph_nodes": [
        {
            "id": 1,
            "contracted": 0,
            "meta": {
                "start": 0,
                "end": 10,
                "text": "HiddenWasp",
                "id": 1,
                "label": [
                    "ACTOR"
                ],
                "sent_index": 0,
                "type": "subject",
                "sub_label": [
                    "MALWARE"
                ]
            }
        },
        {
            "id": 4,
            "contracted": 0,
            "meta": {
                "start": 18,
                "end": 24,
                "text": "script",
                "id": 4,
                "verbs": [
                    "use"
                ],
                "label": [
                    "FUNCTION"
                ],
                "sent_index": 0,
                "type": "object"
            }
        },
        {
            "id": 7,
            "contracted": 0,
            "meta": {
                "start": 37,
                "end": 42,
                "text": "tasks",
                "id": 7,
                "verbs": [
                    "automate"
                ],
                "label": [
                    "FUNCTION"
                ],
                "sent_index": 0,
                "type": "object"
            }
        },
        {
            "id": 10,
            "contracted": 0,
            "meta": {
                "text": "victim",
                "start": 50,
                "end": 56,
                "id": 10,
                "label": [
                    "USER"
                ],
                "sent_index": 0,
                "type": "object"
            }
        },
        {
            "id": 12,
            "contracted": 0,
            "meta": {
                "start": 59,
                "end": 66,
                "text": "machine",
                "id": 12,
                "label": [
                    "COMPONENT"
                ],
                "sent_index": 0,
                "type": "object"
            }
        },
        {
            "id": 16,
            "contracted": 0,
            "meta": {
                "text": "command",
                "start": 84,
                "end": 93,
                "id": 16,
                "verbs": [
                    "execute"
                ],
                "label": [
                    "FUNCTION"
                ],
                "sent_index": 0,
                "type": "object"
            }
        }
    ],
    "graph_edges": [
        {
            "source": 1,
            "dest": 4,
            "index": 0,
            "verb": "use",
            "id": "1_4"
        },
        {
            "source": 1,
            "dest": 7,
            "index": 1,
            "verb": "automate",
            "id": "1_7"
        },
        {
            "source": 7,
            "dest": 12,
            "index": 2,
            "verb": "on",
            "id": "7_12"
        },
        {
            "source": 12,
            "dest": 10,
            "index": 3,
            "verb": "of",
            "id": "12_10"
        }
    ],
    "replacement_mapper": {},
    "sentences": [
        {
            "id": 0,
            "text": "HiddenWasp uses a script to automate tasks on the victim's machine and to assist in execution.",
            "svos": [
                {
                    "sub": {
                        "start": 0,
                        "end": 10,
                        "text": "HiddenWasp",
                        "id": 1,
                        "label": [
                            "ACTOR"
                        ],
                        "sent_index": 0,
                        "type": "subject",
                        "sub_label": [
                            "MALWARE"
                        ]
                    },
                    "verb": {
                        "negation": false,
                        "text": "use",
                        "index": 1,
                        "flag": 0
                    },
                    "obj": {
                        "start": 18,
                        "end": 24,
                        "text": "script",
                        "id": 4,
                        "verbs": [
                            "use"
                        ],
                        "label": [
                            "FUNCTION"
                        ],
                        "sent_index": 0,
                        "type": "object"
                    }
                },
                {
                    "sub": {
                        "start": 0,
                        "end": 10,
                        "text": "HiddenWasp",
                        "id": 1,
                        "label": [
                            "FUNCTION"
                        ],
                        "sent_index": 0,
                        "type": "subject"
                    },
                    "verb": {
                        "negation": false,
                        "text": "automate",
                        "index": 5,
                        "flag": 0
                    },
                    "obj": {
                        "start": 37,
                        "end": 42,
                        "text": "tasks",
                        "id": 7,
                        "verbs": [
                            "automate"
                        ],
                        "label": [
                            "FUNCTION"
                        ],
                        "sent_index": 0,
                        "type": "object"
                    }
                },
                {
                    "sub": {
                        "start": 37,
                        "end": 42,
                        "text": "tasks",
                        "id": 7,
                        "verbs": [
                            "automate"
                        ],
                        "label": [
                            "FUNCTION"
                        ],
                        "sent_index": 0,
                        "type": "subject"
                    },
                    "verb": {
                        "negation": false,
                        "text": "on",
                        "index": 7,
                        "flag": 0
                    },
                    "obj": {
                        "start": 59,
                        "end": 66,
                        "text": "machine",
                        "id": 12,
                        "label": [
                            "COMPONENT"
                        ],
                        "sent_index": 0,
                        "type": "object"
                    }
                },
                {
                    "sub": {
                        "start": 59,
                        "end": 66,
                        "text": "machine",
                        "id": 12,
                        "label": [
                            "COMPONENT"
                        ],
                        "sent_index": 0,
                        "type": "subject"
                    },
                    "verb": {
                        "negation": false,
                        "text": "of",
                        "index": 11,
                        "flag": 0
                    },
                    "obj": {
                        "text": "victim",
                        "start": 50,
                        "end": 56,
                        "id": 10,
                        "label": [
                            "USER"
                        ],
                        "sent_index": 0,
                        "type": "object"
                    }
                },
                {
                    "sub": {
                        "start": 0,
                        "end": 10,
                        "text": "HiddenWasp",
                        "id": 1,
                        "label": [
                            "FUNCTION"
                        ],
                        "sent_index": 0,
                        "type": "subject"
                    },
                    "verb": {
                        "negation": false,
                        "text": "assist",
                        "index": 14,
                        "flag": 0
                    },
                    "obj": {
                        "start": 84,
                        "end": 93,
                        "text": "execution",
                        "id": 17,
                        "verbs": [
                            "assist"
                        ],
                        "label": [
                            "FUNCTION"
                        ],
                        "sent_index": 0,
                        "type": "object"
                    }
                },
                {
                    "sub": {
                        "text": "ANY",
                        "start": 0,
                        "end": 0,
                        "label": [
                            "ACTOR"
                        ],
                        "id": 0,
                        "sent_index": 0,
                        "type": "subject"
                    },
                    "verb": {
                        "negation": false,
                        "text": "execute",
                        "index": 16,
                        "flag": 0
                    },
                    "obj": {
                        "text": "command",
                        "start": 84,
                        "end": 93,
                        "id": 16,
                        "verbs": [
                            "execute"
                        ],
                        "label": [
                            "FUNCTION"
                        ],
                        "sent_index": 0,
                        "type": "object"
                    }
                }
            ]
        }
    ],
    "id": "relationship--a311f17e-9f17-4f4d-b316-d844c0a0f1d2",
    "tech_id": "T1059.003",
    "location": [],
    "special_id": "T1059.003"
}