{
    "text": "Bisonal has renamed malicious code to REGISTRY0 to hide within a legitimate library; earlier versions were disguised as winhelp.",
    "graph_nodes": [
        {
            "id": 1,
            "contracted": 0,
            "meta": {
                "start": 0,
                "end": 7,
                "text": "Bisonal",
                "id": 1,
                "label": [
                    "ACTOR"
                ],
                "sent_index": 0,
                "type": "subject",
                "sub_label": [
                    "MALWARE"
                ]
            }
        },
        {
            "id": 5,
            "contracted": 0,
            "meta": {
                "start": 30,
                "end": 34,
                "text": "code",
                "id": 5,
                "verbs": [
                    "rename"
                ],
                "label": [
                    "FUNCTION"
                ],
                "sent_index": 0,
                "type": "object"
            }
        },
        {
            "id": 7,
            "contracted": 0,
            "meta": {
                "start": 38,
                "end": 47,
                "text": "msacm32.dll",
                "id": 7,
                "verbs": [
                    "to"
                ],
                "label": [
                    "REGISTRY"
                ],
                "sent_index": 0,
                "type": "object"
            }
        },
        {
            "id": 13,
            "contracted": 0,
            "meta": {
                "start": 65,
                "end": 83,
                "text": "legitimate library",
                "id": 13,
                "verbs": [
                    "hide"
                ],
                "label": [
                    "FUNCTION"
                ],
                "sent_index": 0,
                "type": "object"
            }
        },
        {
            "id": 16,
            "contracted": 0,
            "meta": {
                "start": 85,
                "end": 101,
                "text": "earlier versions",
                "id": 16,
                "verbs": [
                    "disguise"
                ],
                "label": [
                    "DATA"
                ],
                "sent_index": 0,
                "type": "object"
            }
        },
        {
            "id": 20,
            "contracted": 0,
            "meta": {
                "start": 120,
                "end": 127,
                "text": "winhelp",
                "id": 20,
                "verbs": [
                    "as"
                ],
                "label": [
                    "FUNCTION"
                ],
                "sent_index": 0,
                "type": "object"
            }
        }
    ],
    "graph_edges": [
        {
            "source": 1,
            "dest": 5,
            "index": 0,
            "verb": "rename",
            "id": "1_5"
        },
        {
            "source": 1,
            "dest": 7,
            "index": 2,
            "verb": "to",
            "id": "1_7"
        },
        {
            "source": 1,
            "dest": 13,
            "index": 3,
            "verb": "hide",
            "id": "1_13"
        },
        {
            "source": 5,
            "dest": 7,
            "index": 1,
            "verb": "to",
            "id": "5_7"
        },
        {
            "source": 16,
            "dest": 20,
            "index": 5,
            "verb": "as",
            "id": "16_20"
        }
    ],
    "replacement_mapper": {
        "REGISTRY0": {
            "text": "msacm32.dll",
            "label": "REGISTRY"
        }
    },
    "sentences": [
        {
            "id": 0,
            "text": "Bisonal has renamed malicious code to msacm32.dll to hide within a legitimate library; earlier versions were disguised as winhelp.",
            "svos": [
                {
                    "sub": {
                        "start": 0,
                        "end": 7,
                        "text": "Bisonal",
                        "id": 1,
                        "label": [
                            "ACTOR"
                        ],
                        "sent_index": 0,
                        "type": "subject",
                        "sub_label": [
                            "MALWARE"
                        ]
                    },
                    "verb": {
                        "negation": false,
                        "text": "rename",
                        "index": 2,
                        "flag": 0
                    },
                    "obj": {
                        "start": 30,
                        "end": 34,
                        "text": "code",
                        "id": 5,
                        "verbs": [
                            "rename"
                        ],
                        "label": [
                            "FUNCTION"
                        ],
                        "sent_index": 0,
                        "type": "object"
                    }
                },
                {
                    "sub": {
                        "start": 30,
                        "end": 34,
                        "text": "code",
                        "id": 5,
                        "verbs": [
                            "rename"
                        ],
                        "label": [
                            "FUNCTION"
                        ],
                        "sent_index": 0,
                        "type": "subject"
                    },
                    "verb": {
                        "negation": false,
                        "text": "to",
                        "index": 5,
                        "flag": 0
                    },
                    "obj": {
                        "start": 38,
                        "end": 47,
                        "text": "msacm32.dll",
                        "id": 7,
                        "verbs": [
                            "to"
                        ],
                        "label": [
                            "REGISTRY"
                        ],
                        "sent_index": 0,
                        "type": "object"
                    }
                },
                {
                    "sub": {
                        "start": 0,
                        "end": 7,
                        "text": "Bisonal",
                        "id": 1,
                        "label": [
                            "FUNCTION"
                        ],
                        "sent_index": 0,
                        "type": "subject"
                    },
                    "verb": {
                        "negation": false,
                        "text": "to",
                        "index": 5,
                        "flag": 0
                    },
                    "obj": {
                        "start": 38,
                        "end": 47,
                        "text": "msacm32.dll",
                        "id": 7,
                        "verbs": [
                            "to"
                        ],
                        "label": [
                            "REGISTRY"
                        ],
                        "sent_index": 0,
                        "type": "object"
                    }
                },
                {
                    "sub": {
                        "start": 0,
                        "end": 7,
                        "text": "Bisonal",
                        "id": 1,
                        "label": [
                            "FUNCTION"
                        ],
                        "sent_index": 0,
                        "type": "subject"
                    },
                    "verb": {
                        "negation": false,
                        "text": "hide",
                        "index": 8,
                        "flag": 0
                    },
                    "obj": {
                        "start": 65,
                        "end": 83,
                        "text": "legitimate library",
                        "id": 13,
                        "verbs": [
                            "hide"
                        ],
                        "label": [
                            "FUNCTION"
                        ],
                        "sent_index": 0,
                        "type": "object"
                    }
                },
                {
                    "sub": {
                        "text": "ANY",
                        "start": 0,
                        "end": 0,
                        "label": [
                            "ACTOR"
                        ],
                        "id": 0,
                        "sent_index": 0,
                        "type": "subject"
                    },
                    "verb": {
                        "negation": false,
                        "text": "disguise",
                        "index": 17,
                        "flag": 0
                    },
                    "obj": {
                        "start": 85,
                        "end": 101,
                        "text": "earlier versions",
                        "id": 16,
                        "verbs": [
                            "disguise"
                        ],
                        "label": [
                            "DATA"
                        ],
                        "sent_index": 0,
                        "type": "object"
                    }
                },
                {
                    "sub": {
                        "start": 85,
                        "end": 101,
                        "text": "earlier versions",
                        "id": 16,
                        "verbs": [
                            "disguise"
                        ],
                        "label": [
                            "DATA"
                        ],
                        "sent_index": 0,
                        "type": "subject"
                    },
                    "verb": {
                        "negation": false,
                        "text": "as",
                        "index": 18,
                        "flag": 0
                    },
                    "obj": {
                        "start": 120,
                        "end": 127,
                        "text": "winhelp",
                        "id": 20,
                        "verbs": [
                            "as"
                        ],
                        "label": [
                            "FUNCTION"
                        ],
                        "sent_index": 0,
                        "type": "object"
                    }
                }
            ]
        }
    ],
    "id": "relationship--e9ddb0b6-298e-4061-b194-c9ea5d49c6d0",
    "tech_id": "T1036.005",
    "location": [],
    "special_id": "T1036.005"
}