{
    "text": "Denis exploits a security vulnerability to load a fake DLL and execute its code.",
    "graph_nodes": [
        {
            "id": 1,
            "contracted": 0,
            "meta": {
                "start": 0,
                "end": 5,
                "text": "Denis",
                "id": 1,
                "label": [
                    "ACTOR"
                ],
                "sent_index": 0,
                "type": "subject",
                "sub_label": [
                    "MALWARE"
                ]
            }
        },
        {
            "id": 5,
            "contracted": 0,
            "meta": {
                "start": 17,
                "end": 39,
                "text": "security vulnerability",
                "id": 5,
                "verbs": [
                    "exploit"
                ],
                "label": [
                    "VULNERABILITY"
                ],
                "sent_index": 0,
                "type": "object"
            }
        },
        {
            "id": 10,
            "contracted": 0,
            "meta": {
                "start": 50,
                "end": 58,
                "text": "fake DLL",
                "id": 10,
                "verbs": [
                    "load"
                ],
                "label": [
                    "REGISTRY"
                ],
                "sent_index": 0,
                "type": "object"
            }
        },
        {
            "id": 14,
            "contracted": 0,
            "meta": {
                "start": 75,
                "end": 79,
                "text": "code",
                "id": 14,
                "verbs": [
                    "execute"
                ],
                "label": [
                    "FUNCTION"
                ],
                "sent_index": 0,
                "type": "object"
            }
        }
    ],
    "graph_edges": [
        {
            "source": 1,
            "dest": 5,
            "index": 0,
            "verb": "exploit",
            "id": "1_5"
        },
        {
            "source": 1,
            "dest": 10,
            "index": 1,
            "verb": "load",
            "id": "1_10"
        },
        {
            "source": 1,
            "dest": 14,
            "index": 2,
            "verb": "execute",
            "id": "1_14"
        }
    ],
    "replacement_mapper": {},
    "sentences": [
        {
            "id": 0,
            "text": "Denis exploits a security vulnerability to load a fake DLL and execute its code.",
            "svos": [
                {
                    "sub": {
                        "start": 0,
                        "end": 5,
                        "text": "Denis",
                        "id": 1,
                        "label": [
                            "ACTOR"
                        ],
                        "sent_index": 0,
                        "type": "subject",
                        "sub_label": [
                            "MALWARE"
                        ]
                    },
                    "verb": {
                        "negation": false,
                        "text": "exploit",
                        "index": 1,
                        "flag": 0
                    },
                    "obj": {
                        "start": 17,
                        "end": 39,
                        "text": "security vulnerability",
                        "id": 5,
                        "verbs": [
                            "exploit"
                        ],
                        "label": [
                            "VULNERABILITY"
                        ],
                        "sent_index": 0,
                        "type": "object"
                    }
                },
                {
                    "sub": {
                        "start": 0,
                        "end": 5,
                        "text": "Denis",
                        "id": 1,
                        "label": [
                            "FUNCTION"
                        ],
                        "sent_index": 0,
                        "type": "subject"
                    },
                    "verb": {
                        "negation": false,
                        "text": "load",
                        "index": 6,
                        "flag": 0
                    },
                    "obj": {
                        "start": 50,
                        "end": 58,
                        "text": "fake DLL",
                        "id": 10,
                        "verbs": [
                            "load"
                        ],
                        "label": [
                            "REGISTRY"
                        ],
                        "sent_index": 0,
                        "type": "object"
                    }
                },
                {
                    "sub": {
                        "start": 0,
                        "end": 5,
                        "text": "Denis",
                        "id": 1,
                        "label": [
                            "FUNCTION"
                        ],
                        "sent_index": 0,
                        "type": "subject"
                    },
                    "verb": {
                        "negation": false,
                        "text": "execute",
                        "index": 11,
                        "flag": 0
                    },
                    "obj": {
                        "start": 75,
                        "end": 79,
                        "text": "code",
                        "id": 14,
                        "verbs": [
                            "execute"
                        ],
                        "label": [
                            "FUNCTION"
                        ],
                        "sent_index": 0,
                        "type": "object"
                    }
                }
            ]
        }
    ],
    "id": "relationship--e2b750e7-ad43-4e27-96a1-9bdb0e886a72",
    "tech_id": "T1574.002",
    "location": [],
    "special_id": "T1574.002"
}