{
    "text": "RainyDay can uninstall itself by deleting its service and files.",
    "graph_nodes": [
        {
            "id": 1,
            "contracted": 0,
            "meta": {
                "start": 0,
                "end": 8,
                "text": "RainyDay",
                "id": 1,
                "label": [
                    "ACTOR"
                ],
                "sent_index": 0,
                "type": "subject",
                "sub_label": [
                    "MALWARE"
                ]
            }
        },
        {
            "id": 4,
            "contracted": 0,
            "meta": {
                "text": "itself",
                "start": 23,
                "end": 29,
                "id": 4,
                "verbs": [
                    "uninstall"
                ],
                "label": [
                    "OTHER"
                ],
                "sent_index": 0,
                "type": "object"
            }
        },
        {
            "id": 8,
            "contracted": 0,
            "meta": {
                "start": 46,
                "end": 53,
                "text": "service",
                "id": 8,
                "verbs": [
                    "delete"
                ],
                "label": [
                    "FUNCTION",
                    "DATA"
                ],
                "sent_index": 0,
                "type": "object",
                "texts": [
                    "files",
                    "service"
                ]
            }
        }
    ],
    "graph_edges": [
        {
            "source": 1,
            "dest": 4,
            "index": 0,
            "verb": "uninstall",
            "id": "1_4"
        },
        {
            "source": 1,
            "dest": 8,
            "index": 1,
            "verb": "delete",
            "id": "1_8"
        }
    ],
    "replacement_mapper": {},
    "sentences": [
        {
            "id": 0,
            "text": "RainyDay can uninstall itself by deleting its service and files.",
            "svos": [
                {
                    "sub": {
                        "start": 0,
                        "end": 8,
                        "text": "RainyDay",
                        "id": 1,
                        "label": [
                            "ACTOR"
                        ],
                        "sent_index": 0,
                        "type": "subject",
                        "sub_label": [
                            "MALWARE"
                        ]
                    },
                    "verb": {
                        "negation": false,
                        "text": "uninstall",
                        "index": 2,
                        "flag": 0
                    },
                    "obj": {
                        "text": "itself",
                        "start": 23,
                        "end": 29,
                        "id": 4,
                        "verbs": [
                            "uninstall"
                        ],
                        "label": [
                            "OTHER"
                        ],
                        "sent_index": 0,
                        "type": "object"
                    }
                },
                {
                    "sub": {
                        "start": 0,
                        "end": 8,
                        "text": "RainyDay",
                        "id": 1,
                        "label": [
                            "FUNCTION"
                        ],
                        "sent_index": 0,
                        "type": "subject"
                    },
                    "verb": {
                        "negation": false,
                        "text": "delete",
                        "index": 5,
                        "flag": 0
                    },
                    "obj": {
                        "start": 46,
                        "end": 53,
                        "text": "service",
                        "id": 8,
                        "verbs": [
                            "delete"
                        ],
                        "label": [
                            "FUNCTION",
                            "DATA"
                        ],
                        "sent_index": 0,
                        "type": "object",
                        "texts": [
                            "files",
                            "service"
                        ]
                    }
                },
                {
                    "sub": {
                        "start": 0,
                        "end": 8,
                        "text": "RainyDay",
                        "id": 1,
                        "label": [
                            "FUNCTION"
                        ],
                        "sent_index": 0,
                        "type": "subject"
                    },
                    "verb": {
                        "negation": false,
                        "text": "delete",
                        "index": 5,
                        "flag": 0
                    },
                    "obj": {
                        "start": 58,
                        "end": 63,
                        "text": "files",
                        "id": 10,
                        "verbs": [
                            "delete"
                        ],
                        "label": [
                            "DATA"
                        ],
                        "sent_index": 0,
                        "type": "object"
                    }
                }
            ]
        }
    ],
    "id": "relationship--16b2871e-c793-4362-89b8-b893806d147a",
    "tech_id": "T1070.004",
    "location": [],
    "special_id": "T1070.004"
}