{
    "text": "Empire can utilize built-in modules to modify service binaries and restore them to their original state.",
    "graph_nodes": [
        {
            "id": 1,
            "contracted": 0,
            "meta": {
                "start": 0,
                "end": 6,
                "text": "Empire",
                "id": 1,
                "label": [
                    "FUNCTION"
                ],
                "sent_index": 0,
                "type": "subject"
            }
        },
        {
            "id": 5,
            "contracted": 0,
            "meta": {
                "start": 28,
                "end": 35,
                "text": "modules",
                "id": 5,
                "verbs": [
                    "utilize"
                ],
                "label": [
                    "FUNCTION"
                ],
                "sent_index": 0,
                "type": "object"
            }
        },
        {
            "id": 9,
            "contracted": 0,
            "meta": {
                "start": 46,
                "end": 62,
                "text": "service binaries",
                "id": 9,
                "verbs": [
                    "modify"
                ],
                "label": [
                    "FUNCTION"
                ],
                "sent_index": 0,
                "type": "object",
                "ids": [
                    9,
                    12
                ],
                "texts": [
                    "service binaries"
                ]
            }
        },
        {
            "id": 16,
            "contracted": 0,
            "meta": {
                "start": 98,
                "end": 103,
                "text": "state",
                "id": 16,
                "verbs": [
                    "to"
                ],
                "label": [
                    "DATA"
                ],
                "sent_index": 0,
                "type": "object"
            }
        }
    ],
    "graph_edges": [
        {
            "source": 1,
            "dest": 5,
            "index": 0,
            "verb": "utilize",
            "id": "1_5"
        },
        {
            "source": 1,
            "dest": 9,
            "index": 1,
            "verb": "modify",
            "id": "1_9"
        },
        {
            "source": 9,
            "dest": 16,
            "index": 3,
            "verb": "to",
            "id": "9_16"
        }
    ],
    "replacement_mapper": {},
    "sentences": [
        {
            "id": 0,
            "text": "Empire can utilize built-in modules to modify service binaries and restore them to their original state.",
            "svos": [
                {
                    "sub": {
                        "start": 0,
                        "end": 6,
                        "text": "Empire",
                        "id": 1,
                        "label": [
                            "FUNCTION"
                        ],
                        "sent_index": 0,
                        "type": "subject"
                    },
                    "verb": {
                        "negation": false,
                        "text": "utilize",
                        "index": 2,
                        "flag": 0
                    },
                    "obj": {
                        "start": 28,
                        "end": 35,
                        "text": "modules",
                        "id": 5,
                        "verbs": [
                            "utilize"
                        ],
                        "label": [
                            "FUNCTION"
                        ],
                        "sent_index": 0,
                        "type": "object"
                    }
                },
                {
                    "sub": {
                        "start": 0,
                        "end": 6,
                        "text": "Empire",
                        "id": 1,
                        "label": [
                            "FUNCTION"
                        ],
                        "sent_index": 0,
                        "type": "subject"
                    },
                    "verb": {
                        "negation": false,
                        "text": "modify",
                        "index": 6,
                        "flag": 0
                    },
                    "obj": {
                        "start": 46,
                        "end": 62,
                        "text": "service binaries",
                        "id": 9,
                        "verbs": [
                            "modify"
                        ],
                        "label": [
                            "FUNCTION"
                        ],
                        "sent_index": 0,
                        "type": "object",
                        "ids": [
                            9,
                            12
                        ],
                        "texts": [
                            "service binaries"
                        ]
                    }
                },
                {
                    "sub": {
                        "start": 0,
                        "end": 6,
                        "text": "Empire",
                        "id": 1,
                        "label": [
                            "FUNCTION"
                        ],
                        "sent_index": 0,
                        "type": "subject"
                    },
                    "verb": {
                        "negation": false,
                        "text": "restore",
                        "index": 10,
                        "flag": 0
                    },
                    "obj": {
                        "start": 75,
                        "end": 79,
                        "text": "them",
                        "id": 12,
                        "verbs": [
                            "restore"
                        ],
                        "label": [
                            "OTHER"
                        ],
                        "sent_index": 0,
                        "type": "object"
                    }
                },
                {
                    "sub": {
                        "start": 75,
                        "end": 79,
                        "text": "them",
                        "id": 12,
                        "verbs": [
                            "restore"
                        ],
                        "label": [
                            "OTHER"
                        ],
                        "sent_index": 0,
                        "type": "subject"
                    },
                    "verb": {
                        "negation": false,
                        "text": "to",
                        "index": 12,
                        "flag": 0
                    },
                    "obj": {
                        "start": 98,
                        "end": 103,
                        "text": "state",
                        "id": 16,
                        "verbs": [
                            "to"
                        ],
                        "label": [
                            "DATA"
                        ],
                        "sent_index": 0,
                        "type": "object"
                    }
                }
            ]
        }
    ],
    "id": "relationship--eabdbef7-440f-42ca-99b1-a4d08a1c955e",
    "tech_id": "T1543.003",
    "location": [],
    "special_id": "T1543.003"
}