{
    "text": "OilRig has used ENTITY0, ENTITY1, and ENTITY2 to find domain group permission settings.",
    "graph_nodes": [
        {
            "id": 1,
            "contracted": 0,
            "meta": {
                "start": 0,
                "end": 6,
                "text": "OilRig",
                "id": 1,
                "label": [
                    "ACTOR"
                ],
                "sent_index": 0,
                "type": "subject"
            }
        },
        {
            "id": 4,
            "contracted": 0,
            "meta": {
                "start": 16,
                "end": 23,
                "text": "net group /domain",
                "id": 4,
                "verbs": [
                    "use"
                ],
                "label": [
                    "FUNCTION"
                ],
                "sent_index": 0,
                "type": "object",
                "texts": [
                    "net group \"Exchange Trusted Subsystem\" /domain",
                    "net group \"domain admins\" /domain",
                    "net group /domain"
                ]
            }
        },
        {
            "id": 15,
            "contracted": 0,
            "meta": {
                "start": 54,
                "end": 86,
                "text": "domain group permission settings",
                "id": 15,
                "verbs": [
                    "find"
                ],
                "label": [
                    "DATA"
                ],
                "sent_index": 0,
                "type": "object"
            }
        }
    ],
    "graph_edges": [
        {
            "source": 1,
            "dest": 4,
            "index": 0,
            "verb": "use",
            "id": "1_4"
        },
        {
            "source": 1,
            "dest": 15,
            "index": 3,
            "verb": "find",
            "id": "1_15"
        }
    ],
    "replacement_mapper": {
        "ENTITY0": {
            "text": "net group /domain",
            "label": "FUNCTION"
        },
        "ENTITY1": {
            "text": "net group \"domain admins\" /domain",
            "label": "FUNCTION"
        },
        "ENTITY2": {
            "text": "net group \"Exchange Trusted Subsystem\" /domain",
            "label": "FUNCTION"
        }
    },
    "sentences": [
        {
            "id": 0,
            "text": "OilRig has used net group /domain, net group \"domain admins\" /domain, and net group \"Exchange Trusted Subsystem\" /domain to find domain group permission settings.",
            "svos": [
                {
                    "sub": {
                        "start": 0,
                        "end": 6,
                        "text": "OilRig",
                        "id": 1,
                        "label": [
                            "ACTOR"
                        ],
                        "sent_index": 0,
                        "type": "subject"
                    },
                    "verb": {
                        "negation": false,
                        "text": "use",
                        "index": 2,
                        "flag": 0
                    },
                    "obj": {
                        "start": 16,
                        "end": 23,
                        "text": "net group /domain",
                        "id": 4,
                        "verbs": [
                            "use"
                        ],
                        "label": [
                            "FUNCTION"
                        ],
                        "sent_index": 0,
                        "type": "object",
                        "texts": [
                            "net group \"Exchange Trusted Subsystem\" /domain",
                            "net group \"domain admins\" /domain",
                            "net group /domain"
                        ]
                    }
                },
                {
                    "sub": {
                        "start": 0,
                        "end": 6,
                        "text": "OilRig",
                        "id": 1,
                        "label": [
                            "ACTOR"
                        ],
                        "sent_index": 0,
                        "type": "subject"
                    },
                    "verb": {
                        "negation": false,
                        "text": "use",
                        "index": 2,
                        "flag": 0
                    },
                    "obj": {
                        "start": 25,
                        "end": 32,
                        "text": "net group \"domain admins\" /domain",
                        "id": 6,
                        "verbs": [
                            "use"
                        ],
                        "label": [
                            "FUNCTION"
                        ],
                        "sent_index": 0,
                        "type": "object",
                        "texts": [
                            "net group \"Exchange Trusted Subsystem\" /domain",
                            "net group \"domain admins\" /domain"
                        ]
                    }
                },
                {
                    "sub": {
                        "start": 0,
                        "end": 6,
                        "text": "OilRig",
                        "id": 1,
                        "label": [
                            "ACTOR"
                        ],
                        "sent_index": 0,
                        "type": "subject"
                    },
                    "verb": {
                        "negation": false,
                        "text": "use",
                        "index": 2,
                        "flag": 0
                    },
                    "obj": {
                        "start": 38,
                        "end": 45,
                        "text": "net group \"Exchange Trusted Subsystem\" /domain",
                        "id": 9,
                        "verbs": [
                            "use"
                        ],
                        "label": [
                            "FUNCTION"
                        ],
                        "sent_index": 0,
                        "type": "object"
                    }
                },
                {
                    "sub": {
                        "start": 0,
                        "end": 6,
                        "text": "OilRig",
                        "id": 1,
                        "label": [
                            "ACTOR"
                        ],
                        "sent_index": 0,
                        "type": "subject"
                    },
                    "verb": {
                        "negation": false,
                        "text": "find",
                        "index": 10,
                        "flag": 0
                    },
                    "obj": {
                        "start": 54,
                        "end": 86,
                        "text": "domain group permission settings",
                        "id": 15,
                        "verbs": [
                            "find"
                        ],
                        "label": [
                            "DATA"
                        ],
                        "sent_index": 0,
                        "type": "object"
                    }
                }
            ]
        }
    ],
    "id": "relationship--409581f2-270d-43ce-8044-34bc09874548",
    "tech_id": "T1069.002",
    "location": [],
    "special_id": "T1069.002"
}