{
    "text": "Brute Ratel C4 can take screenshots on compromised hosts.",
    "graph_nodes": [
        {
            "id": 3,
            "contracted": 0,
            "meta": {
                "start": 0,
                "end": 14,
                "text": "Brute Ratel C4",
                "id": 3,
                "label": [
                    "FUNCTION"
                ],
                "sent_index": 0,
                "type": "subject"
            }
        },
        {
            "id": 6,
            "contracted": 0,
            "meta": {
                "start": 24,
                "end": 35,
                "text": "screenshots",
                "id": 6,
                "verbs": [
                    "take"
                ],
                "label": [
                    "DATA"
                ],
                "sent_index": 0,
                "type": "object"
            }
        },
        {
            "id": 9,
            "contracted": 0,
            "meta": {
                "start": 39,
                "end": 56,
                "text": "compromised hosts",
                "id": 9,
                "label": [
                    "COMPONENT"
                ],
                "sent_index": 0,
                "type": "object"
            }
        }
    ],
    "graph_edges": [
        {
            "source": 3,
            "dest": 6,
            "index": 0,
            "verb": "take",
            "id": "3_6"
        },
        {
            "source": 3,
            "dest": 9,
            "index": 2,
            "verb": "on",
            "id": "3_9"
        },
        {
            "source": 6,
            "dest": 9,
            "index": 1,
            "verb": "on",
            "id": "6_9"
        }
    ],
    "replacement_mapper": {},
    "sentences": [
        {
            "id": 0,
            "text": "Brute Ratel C4 can take screenshots on compromised hosts.",
            "svos": [
                {
                    "sub": {
                        "start": 0,
                        "end": 14,
                        "text": "Brute Ratel C4",
                        "id": 3,
                        "label": [
                            "FUNCTION"
                        ],
                        "sent_index": 0,
                        "type": "subject"
                    },
                    "verb": {
                        "negation": false,
                        "text": "take",
                        "index": 4,
                        "flag": 0
                    },
                    "obj": {
                        "start": 24,
                        "end": 35,
                        "text": "screenshots",
                        "id": 6,
                        "verbs": [
                            "take"
                        ],
                        "label": [
                            "DATA"
                        ],
                        "sent_index": 0,
                        "type": "object"
                    }
                },
                {
                    "sub": {
                        "start": 24,
                        "end": 35,
                        "text": "screenshots",
                        "id": 6,
                        "verbs": [
                            "take"
                        ],
                        "label": [
                            "DATA"
                        ],
                        "sent_index": 0,
                        "type": "subject"
                    },
                    "verb": {
                        "negation": false,
                        "text": "on",
                        "index": 6,
                        "flag": 0
                    },
                    "obj": {
                        "start": 39,
                        "end": 56,
                        "text": "compromised hosts",
                        "id": 9,
                        "label": [
                            "COMPONENT"
                        ],
                        "sent_index": 0,
                        "type": "object"
                    }
                },
                {
                    "sub": {
                        "start": 0,
                        "end": 14,
                        "text": "Brute Ratel C4",
                        "id": 3,
                        "label": [
                            "FUNCTION"
                        ],
                        "sent_index": 0,
                        "type": "subject"
                    },
                    "verb": {
                        "negation": false,
                        "text": "on",
                        "index": 6,
                        "flag": 0
                    },
                    "obj": {
                        "start": 39,
                        "end": 56,
                        "text": "compromised hosts",
                        "id": 9,
                        "label": [
                            "COMPONENT"
                        ],
                        "sent_index": 0,
                        "type": "object"
                    }
                }
            ]
        }
    ],
    "id": "relationship--4f8e76b5-603e-4557-8635-465d988a4072",
    "tech_id": "T1113",
    "location": [],
    "special_id": "T1113"
}