{
    "text": "UNC3890 actors established domains that appeared to be legitimate services and entities, such as LinkedIn, Facebook, Office 365, and Pfizer.",
    "graph_nodes": [
        {
            "id": 2,
            "contracted": 0,
            "meta": {
                "start": 0,
                "end": 14,
                "text": "UNC3890 actors",
                "id": 2,
                "label": [
                    "ACTOR"
                ],
                "sent_index": 0,
                "type": "subject"
            }
        },
        {
            "id": 4,
            "contracted": 0,
            "meta": {
                "start": 27,
                "end": 34,
                "text": "domains",
                "id": 4,
                "verbs": [
                    "establish"
                ],
                "label": [
                    "NETWORK",
                    "COMPONENT",
                    "OTHER"
                ],
                "sent_index": 0,
                "type": "object",
                "texts": [
                    "LinkedIn",
                    "domains",
                    "Facebook",
                    "Pfizer",
                    "Office 365"
                ]
            }
        },
        {
            "id": 10,
            "contracted": 0,
            "meta": {
                "start": 55,
                "end": 74,
                "text": "legitimate services",
                "id": 10,
                "verbs": [
                    "be"
                ],
                "label": [
                    "FUNCTION",
                    "OTHER"
                ],
                "sent_index": 0,
                "type": "object",
                "texts": [
                    "entities",
                    "legitimate services"
                ]
            }
        }
    ],
    "graph_edges": [
        {
            "source": 2,
            "dest": 4,
            "index": 0,
            "verb": "establish",
            "id": "2_4"
        },
        {
            "source": 4,
            "dest": 10,
            "index": 1,
            "verb": "be",
            "id": "4_10"
        }
    ],
    "replacement_mapper": {},
    "sentences": [
        {
            "id": 0,
            "text": "UNC3890 actors established domains that appeared to be legitimate services and entities, such as LinkedIn, Facebook, Office 365, and Pfizer.",
            "svos": [
                {
                    "sub": {
                        "start": 0,
                        "end": 14,
                        "text": "UNC3890 actors",
                        "id": 2,
                        "label": [
                            "ACTOR"
                        ],
                        "sent_index": 0,
                        "type": "subject"
                    },
                    "verb": {
                        "negation": false,
                        "text": "establish",
                        "index": 2,
                        "flag": 0
                    },
                    "obj": {
                        "start": 27,
                        "end": 34,
                        "text": "domains",
                        "id": 4,
                        "verbs": [
                            "establish"
                        ],
                        "label": [
                            "NETWORK",
                            "COMPONENT",
                            "OTHER"
                        ],
                        "sent_index": 0,
                        "type": "object",
                        "texts": [
                            "LinkedIn",
                            "domains",
                            "Facebook",
                            "Pfizer",
                            "Office 365"
                        ]
                    }
                },
                {
                    "sub": {
                        "start": 27,
                        "end": 34,
                        "text": "domains",
                        "id": 4,
                        "verbs": [
                            "establish"
                        ],
                        "label": [
                            "NETWORK"
                        ],
                        "sent_index": 0,
                        "type": "subject"
                    },
                    "verb": {
                        "negation": false,
                        "text": "be",
                        "index": 7,
                        "flag": 0
                    },
                    "obj": {
                        "start": 55,
                        "end": 74,
                        "text": "legitimate services",
                        "id": 10,
                        "verbs": [
                            "be"
                        ],
                        "label": [
                            "FUNCTION",
                            "OTHER"
                        ],
                        "sent_index": 0,
                        "type": "object",
                        "texts": [
                            "entities",
                            "legitimate services"
                        ]
                    }
                },
                {
                    "sub": {
                        "start": 27,
                        "end": 34,
                        "text": "domains",
                        "id": 4,
                        "verbs": [
                            "establish"
                        ],
                        "label": [
                            "NETWORK"
                        ],
                        "sent_index": 0,
                        "type": "subject"
                    },
                    "verb": {
                        "negation": false,
                        "text": "be",
                        "index": 7,
                        "flag": 0
                    },
                    "obj": {
                        "start": 79,
                        "end": 87,
                        "text": "entities",
                        "id": 12,
                        "verbs": [
                            "be"
                        ],
                        "label": [
                            "OTHER"
                        ],
                        "sent_index": 0,
                        "type": "object"
                    }
                },
                {
                    "sub": {
                        "start": 27,
                        "end": 34,
                        "text": "domains",
                        "id": 4,
                        "verbs": [
                            "establish"
                        ],
                        "label": [
                            "NETWORK"
                        ],
                        "sent_index": 0,
                        "type": "subject"
                    },
                    "verb": {
                        "negation": false,
                        "text": "as",
                        "index": 14,
                        "flag": 1
                    },
                    "obj": {
                        "start": 97,
                        "end": 105,
                        "text": "LinkedIn",
                        "id": 16,
                        "verbs": [
                            "as"
                        ],
                        "label": [
                            "NETWORK"
                        ],
                        "sent_index": 0,
                        "type": "object"
                    }
                },
                {
                    "sub": {
                        "start": 27,
                        "end": 34,
                        "text": "domains",
                        "id": 4,
                        "verbs": [
                            "establish"
                        ],
                        "label": [
                            "NETWORK"
                        ],
                        "sent_index": 0,
                        "type": "subject"
                    },
                    "verb": {
                        "negation": false,
                        "text": "as",
                        "index": 14,
                        "flag": 1
                    },
                    "obj": {
                        "start": 107,
                        "end": 115,
                        "text": "Facebook",
                        "id": 18,
                        "verbs": [
                            "as"
                        ],
                        "label": [
                            "NETWORK"
                        ],
                        "sent_index": 0,
                        "type": "object"
                    }
                },
                {
                    "sub": {
                        "start": 27,
                        "end": 34,
                        "text": "domains",
                        "id": 4,
                        "verbs": [
                            "establish"
                        ],
                        "label": [
                            "NETWORK"
                        ],
                        "sent_index": 0,
                        "type": "subject"
                    },
                    "verb": {
                        "negation": false,
                        "text": "as",
                        "index": 14,
                        "flag": 1
                    },
                    "obj": {
                        "start": 117,
                        "end": 127,
                        "text": "Office 365",
                        "id": 21,
                        "verbs": [
                            "as"
                        ],
                        "label": [
                            "COMPONENT"
                        ],
                        "sent_index": 0,
                        "type": "object"
                    }
                },
                {
                    "sub": {
                        "start": 27,
                        "end": 34,
                        "text": "domains",
                        "id": 4,
                        "verbs": [
                            "establish"
                        ],
                        "label": [
                            "NETWORK"
                        ],
                        "sent_index": 0,
                        "type": "subject"
                    },
                    "verb": {
                        "negation": false,
                        "text": "as",
                        "index": 14,
                        "flag": 1
                    },
                    "obj": {
                        "start": 133,
                        "end": 139,
                        "text": "Pfizer",
                        "id": 24,
                        "verbs": [
                            "as"
                        ],
                        "label": [
                            "OTHER"
                        ],
                        "sent_index": 0,
                        "type": "object"
                    }
                }
            ]
        }
    ],
    "id": "relationship--b0ad4286-8434-400c-9eff-1b0ca2b7a094",
    "tech_id": "T1583.001",
    "location": [],
    "special_id": "T1583.001"
}