{
    "text": "FinFisher obtains the hardware device list and checks if the MD5 of the vendor ID is equal to a predefined list to check for sandbox/virtualized environments.",
    "graph_nodes": [
        {
            "id": 1,
            "contracted": 0,
            "meta": {
                "start": 0,
                "end": 9,
                "text": "FinFisher",
                "id": 1,
                "label": [
                    "ACTOR"
                ],
                "sent_index": 0,
                "type": "subject",
                "sub_label": [
                    "MALWARE"
                ]
            }
        },
        {
            "id": 6,
            "contracted": 0,
            "meta": {
                "start": 22,
                "end": 42,
                "text": "hardware device list",
                "id": 6,
                "verbs": [
                    "obtain"
                ],
                "label": [
                    "DATA"
                ],
                "sent_index": 0,
                "type": "object"
            }
        },
        {
            "id": 11,
            "contracted": 0,
            "meta": {
                "start": 61,
                "end": 64,
                "text": "MD5",
                "id": 11,
                "label": [
                    "DATA"
                ],
                "sent_index": 0,
                "type": "subject"
            }
        },
        {
            "id": 15,
            "contracted": 0,
            "meta": {
                "start": 72,
                "end": 81,
                "text": "vendor ID",
                "id": 15,
                "label": [
                    "DATA"
                ],
                "sent_index": 0,
                "type": "object"
            }
        },
        {
            "id": 28,
            "contracted": 0,
            "meta": {
                "start": 125,
                "end": 157,
                "text": "sandbox/virtualized environments",
                "id": 28,
                "verbs": [
                    "check"
                ],
                "label": [
                    "COMPONENT"
                ],
                "sent_index": 0,
                "type": "object"
            }
        }
    ],
    "graph_edges": [
        {
            "source": 1,
            "dest": 6,
            "index": 0,
            "verb": "obtain",
            "id": "1_6"
        },
        {
            "source": 1,
            "dest": 28,
            "index": 2,
            "verb": "check",
            "id": "1_28"
        },
        {
            "source": 11,
            "dest": 15,
            "index": 1,
            "verb": "of",
            "id": "11_15"
        }
    ],
    "replacement_mapper": {},
    "sentences": [
        {
            "id": 0,
            "text": "FinFisher obtains the hardware device list and checks if the MD5 of the vendor ID is equal to a predefined list to check for sandbox/virtualized environments.",
            "svos": [
                {
                    "sub": {
                        "start": 0,
                        "end": 9,
                        "text": "FinFisher",
                        "id": 1,
                        "label": [
                            "ACTOR"
                        ],
                        "sent_index": 0,
                        "type": "subject",
                        "sub_label": [
                            "MALWARE"
                        ]
                    },
                    "verb": {
                        "negation": false,
                        "text": "obtain",
                        "index": 1,
                        "flag": 0
                    },
                    "obj": {
                        "start": 22,
                        "end": 42,
                        "text": "hardware device list",
                        "id": 6,
                        "verbs": [
                            "obtain"
                        ],
                        "label": [
                            "DATA"
                        ],
                        "sent_index": 0,
                        "type": "object"
                    }
                },
                {
                    "sub": {
                        "start": 61,
                        "end": 64,
                        "text": "MD5",
                        "id": 11,
                        "label": [
                            "DATA"
                        ],
                        "sent_index": 0,
                        "type": "subject"
                    },
                    "verb": {
                        "negation": false,
                        "text": "of",
                        "index": 11,
                        "flag": 0
                    },
                    "obj": {
                        "start": 72,
                        "end": 81,
                        "text": "vendor ID",
                        "id": 15,
                        "label": [
                            "DATA"
                        ],
                        "sent_index": 0,
                        "type": "object"
                    }
                },
                {
                    "sub": {
                        "start": 0,
                        "end": 9,
                        "text": "FinFisher",
                        "id": 1,
                        "label": [
                            "FUNCTION"
                        ],
                        "sent_index": 0,
                        "type": "subject"
                    },
                    "verb": {
                        "negation": false,
                        "text": "check",
                        "index": 22,
                        "flag": 0
                    },
                    "obj": {
                        "start": 125,
                        "end": 157,
                        "text": "sandbox/virtualized environments",
                        "id": 28,
                        "verbs": [
                            "check"
                        ],
                        "label": [
                            "COMPONENT"
                        ],
                        "sent_index": 0,
                        "type": "object"
                    }
                }
            ]
        }
    ],
    "id": "relationship--2af8a4f4-fcac-4081-86f9-ba74140580dc",
    "tech_id": "T1497.001",
    "location": [],
    "special_id": "T1497.001"
}