{
    "text": "SombRAT can use the getprocesslist command to enumerate processes on a compromised host.",
    "graph_nodes": [
        {
            "id": 1,
            "contracted": 0,
            "meta": {
                "start": 0,
                "end": 7,
                "text": "SombRAT",
                "id": 1,
                "label": [
                    "ACTOR"
                ],
                "sent_index": 0,
                "type": "subject",
                "sub_label": [
                    "MALWARE"
                ]
            }
        },
        {
            "id": 6,
            "contracted": 0,
            "meta": {
                "start": 20,
                "end": 42,
                "text": "getprocesslist command",
                "id": 6,
                "verbs": [
                    "use"
                ],
                "label": [
                    "FUNCTION"
                ],
                "sent_index": 0,
                "type": "object"
            }
        },
        {
            "id": 9,
            "contracted": 0,
            "meta": {
                "start": 56,
                "end": 65,
                "text": "processes",
                "id": 9,
                "verbs": [
                    "enumerate"
                ],
                "label": [
                    "FUNCTION"
                ],
                "sent_index": 0,
                "type": "object"
            }
        },
        {
            "id": 13,
            "contracted": 0,
            "meta": {
                "start": 71,
                "end": 87,
                "text": "compromised host",
                "id": 13,
                "label": [
                    "COMPONENT"
                ],
                "sent_index": 0,
                "type": "object"
            }
        }
    ],
    "graph_edges": [
        {
            "source": 1,
            "dest": 6,
            "index": 0,
            "verb": "use",
            "id": "1_6"
        },
        {
            "source": 1,
            "dest": 9,
            "index": 1,
            "verb": "enumerate",
            "id": "1_9"
        },
        {
            "source": 9,
            "dest": 13,
            "index": 2,
            "verb": "on",
            "id": "9_13"
        }
    ],
    "replacement_mapper": {},
    "sentences": [
        {
            "id": 0,
            "text": "SombRAT can use the getprocesslist command to enumerate processes on a compromised host.",
            "svos": [
                {
                    "sub": {
                        "start": 0,
                        "end": 7,
                        "text": "SombRAT",
                        "id": 1,
                        "label": [
                            "ACTOR"
                        ],
                        "sent_index": 0,
                        "type": "subject",
                        "sub_label": [
                            "MALWARE"
                        ]
                    },
                    "verb": {
                        "negation": false,
                        "text": "use",
                        "index": 2,
                        "flag": 0
                    },
                    "obj": {
                        "start": 20,
                        "end": 42,
                        "text": "getprocesslist command",
                        "id": 6,
                        "verbs": [
                            "use"
                        ],
                        "label": [
                            "FUNCTION"
                        ],
                        "sent_index": 0,
                        "type": "object"
                    }
                },
                {
                    "sub": {
                        "start": 0,
                        "end": 7,
                        "text": "SombRAT",
                        "id": 1,
                        "label": [
                            "FUNCTION"
                        ],
                        "sent_index": 0,
                        "type": "subject"
                    },
                    "verb": {
                        "negation": false,
                        "text": "enumerate",
                        "index": 7,
                        "flag": 0
                    },
                    "obj": {
                        "start": 56,
                        "end": 65,
                        "text": "processes",
                        "id": 9,
                        "verbs": [
                            "enumerate"
                        ],
                        "label": [
                            "FUNCTION"
                        ],
                        "sent_index": 0,
                        "type": "object"
                    }
                },
                {
                    "sub": {
                        "start": 56,
                        "end": 65,
                        "text": "processes",
                        "id": 9,
                        "verbs": [
                            "enumerate"
                        ],
                        "label": [
                            "FUNCTION"
                        ],
                        "sent_index": 0,
                        "type": "subject"
                    },
                    "verb": {
                        "negation": false,
                        "text": "on",
                        "index": 9,
                        "flag": 0
                    },
                    "obj": {
                        "start": 71,
                        "end": 87,
                        "text": "compromised host",
                        "id": 13,
                        "label": [
                            "COMPONENT"
                        ],
                        "sent_index": 0,
                        "type": "object"
                    }
                }
            ]
        }
    ],
    "id": "relationship--18c07e03-0456-4854-bf63-07eb6d6bd868",
    "tech_id": "T1057",
    "location": [],
    "special_id": "T1057"
}