{
    "text": "DRATzarus can use HTTP or HTTPS for C2 communications.",
    "graph_nodes": [
        {
            "id": 1,
            "contracted": 0,
            "meta": {
                "start": 0,
                "end": 9,
                "text": "DRATzarus",
                "id": 1,
                "label": [
                    "ACTOR"
                ],
                "sent_index": 0,
                "type": "subject",
                "sub_label": [
                    "MALWARE"
                ]
            }
        },
        {
            "id": 4,
            "contracted": 0,
            "meta": {
                "start": 18,
                "end": 22,
                "text": "HTTP",
                "id": 4,
                "verbs": [
                    "use"
                ],
                "label": [
                    "NETWORK"
                ],
                "sent_index": 0,
                "type": "object",
                "texts": [
                    "HTTP",
                    "HTTPS"
                ]
            }
        },
        {
            "id": 9,
            "contracted": 0,
            "meta": {
                "start": 36,
                "end": 53,
                "text": "C2 communications",
                "id": 9,
                "label": [
                    "NETWORK"
                ],
                "sent_index": 0,
                "type": "object"
            }
        }
    ],
    "graph_edges": [
        {
            "source": 1,
            "dest": 4,
            "index": 0,
            "verb": "use",
            "id": "1_4"
        },
        {
            "source": 1,
            "dest": 9,
            "index": 3,
            "verb": "for",
            "id": "1_9"
        },
        {
            "source": 4,
            "dest": 9,
            "index": 2,
            "verb": "for",
            "id": "4_9"
        }
    ],
    "replacement_mapper": {},
    "sentences": [
        {
            "id": 0,
            "text": "DRATzarus can use HTTP or HTTPS for C2 communications.",
            "svos": [
                {
                    "sub": {
                        "start": 0,
                        "end": 9,
                        "text": "DRATzarus",
                        "id": 1,
                        "label": [
                            "ACTOR"
                        ],
                        "sent_index": 0,
                        "type": "subject",
                        "sub_label": [
                            "MALWARE"
                        ]
                    },
                    "verb": {
                        "negation": false,
                        "text": "use",
                        "index": 2,
                        "flag": 0
                    },
                    "obj": {
                        "start": 18,
                        "end": 22,
                        "text": "HTTP",
                        "id": 4,
                        "verbs": [
                            "use"
                        ],
                        "label": [
                            "NETWORK"
                        ],
                        "sent_index": 0,
                        "type": "object",
                        "texts": [
                            "HTTP",
                            "HTTPS"
                        ]
                    }
                },
                {
                    "sub": {
                        "start": 0,
                        "end": 9,
                        "text": "DRATzarus",
                        "id": 1,
                        "label": [
                            "FUNCTION"
                        ],
                        "sent_index": 0,
                        "type": "subject"
                    },
                    "verb": {
                        "negation": false,
                        "text": "use",
                        "index": 2,
                        "flag": 0
                    },
                    "obj": {
                        "start": 26,
                        "end": 31,
                        "text": "HTTPS",
                        "id": 6,
                        "verbs": [
                            "use"
                        ],
                        "label": [
                            "NETWORK"
                        ],
                        "sent_index": 0,
                        "type": "object"
                    }
                },
                {
                    "sub": {
                        "start": 18,
                        "end": 22,
                        "text": "HTTP",
                        "id": 4,
                        "verbs": [
                            "use",
                            "use"
                        ],
                        "label": [
                            "NETWORK"
                        ],
                        "sent_index": 0,
                        "type": "subject"
                    },
                    "verb": {
                        "negation": false,
                        "text": "for",
                        "index": 6,
                        "flag": 0
                    },
                    "obj": {
                        "start": 36,
                        "end": 53,
                        "text": "C2 communications",
                        "id": 9,
                        "label": [
                            "NETWORK"
                        ],
                        "sent_index": 0,
                        "type": "object"
                    }
                },
                {
                    "sub": {
                        "start": 0,
                        "end": 9,
                        "text": "DRATzarus",
                        "id": 1,
                        "label": [
                            "FUNCTION"
                        ],
                        "sent_index": 0,
                        "type": "subject"
                    },
                    "verb": {
                        "negation": false,
                        "text": "for",
                        "index": 6,
                        "flag": 0
                    },
                    "obj": {
                        "start": 36,
                        "end": 53,
                        "text": "C2 communications",
                        "id": 9,
                        "label": [
                            "NETWORK"
                        ],
                        "sent_index": 0,
                        "type": "object"
                    }
                }
            ]
        }
    ],
    "id": "relationship--b76abf9c-e38e-4a33-ae5f-7e9f1dad00b9",
    "tech_id": "T1071.001",
    "location": [],
    "special_id": "T1071.001"
}