{
    "text": "the threat actors used a custom tool to dump OS credentials and used following commands: ENTITY0, ENTITY1, and ENTITY2, to dump REGISTRY3, SYSTEM and SECURITY hives.",
    "graph_nodes": [
        {
            "id": 3,
            "contracted": 0,
            "meta": {
                "start": 4,
                "end": 17,
                "text": "threat actors",
                "id": 3,
                "label": [
                    "ACTOR"
                ],
                "sent_index": 0,
                "type": "subject"
            }
        },
        {
            "id": 7,
            "contracted": 0,
            "meta": {
                "start": 25,
                "end": 36,
                "text": "custom tool",
                "id": 7,
                "verbs": [
                    "use"
                ],
                "label": [
                    "FUNCTION"
                ],
                "sent_index": 0,
                "type": "object"
            }
        },
        {
            "id": 11,
            "contracted": 0,
            "meta": {
                "start": 45,
                "end": 59,
                "text": "OS credentials",
                "id": 11,
                "verbs": [
                    "dump"
                ],
                "label": [
                    "DATA"
                ],
                "sent_index": 0,
                "type": "object"
            }
        },
        {
            "id": 15,
            "contracted": 0,
            "meta": {
                "start": 79,
                "end": 87,
                "text": "commands",
                "id": 15,
                "verbs": [
                    "use"
                ],
                "label": [
                    "FUNCTION"
                ],
                "sent_index": 0,
                "type": "object"
            }
        },
        {
            "id": 17,
            "contracted": 0,
            "meta": {
                "start": 89,
                "end": 96,
                "text": "reg save HKLM\\\\SYSTEM system.hiv",
                "id": 17,
                "verbs": [
                    "use"
                ],
                "label": [
                    "REGISTRY"
                ],
                "sent_index": 0,
                "type": "object",
                "texts": [
                    "reg save HKLM\\\\SYSTEM system.hiv",
                    "reg save HKLM\\\\SECURITY security.hiv",
                    "reg save HKLM\\\\SAM sam.hiv"
                ]
            }
        },
        {
            "id": 31,
            "contracted": 0,
            "meta": {
                "start": 128,
                "end": 164,
                "text": "SAM, SYSTEM and SECURITY hives",
                "id": 31,
                "verbs": [
                    "dump"
                ],
                "label": [
                    "REGISTRY"
                ],
                "sent_index": 0,
                "type": "object"
            }
        }
    ],
    "graph_edges": [
        {
            "source": 3,
            "dest": 7,
            "index": 0,
            "verb": "use",
            "id": "3_7"
        },
        {
            "source": 3,
            "dest": 11,
            "index": 1,
            "verb": "dump",
            "id": "3_11"
        },
        {
            "source": 3,
            "dest": 15,
            "index": 2,
            "verb": "use",
            "id": "3_15"
        },
        {
            "source": 3,
            "dest": 17,
            "index": 3,
            "verb": "use",
            "id": "3_17"
        },
        {
            "source": 3,
            "dest": 31,
            "index": 6,
            "verb": "dump",
            "id": "3_31"
        }
    ],
    "replacement_mapper": {
        "ENTITY0": {
            "text": "reg save HKLM\\\\SYSTEM system.hiv",
            "label": "REGISTRY"
        },
        "ENTITY1": {
            "text": "reg save HKLM\\\\SAM sam.hiv",
            "label": "REGISTRY"
        },
        "ENTITY2": {
            "text": "reg save HKLM\\\\SECURITY security.hiv",
            "label": "REGISTRY"
        },
        "REGISTRY3": {
            "text": "SAM",
            "label": "REGISTRY"
        }
    },
    "sentences": [
        {
            "id": 0,
            "text": "the threat actors used a custom tool to dump OS credentials and used following commands: reg save HKLM\\\\SYSTEM system.hiv, reg save HKLM\\\\SAM sam.hiv, and reg save HKLM\\\\SECURITY security.hiv, to dump SAM, SYSTEM and SECURITY hives.",
            "svos": [
                {
                    "sub": {
                        "start": 4,
                        "end": 17,
                        "text": "threat actors",
                        "id": 3,
                        "label": [
                            "ACTOR"
                        ],
                        "sent_index": 0,
                        "type": "subject"
                    },
                    "verb": {
                        "negation": false,
                        "text": "use",
                        "index": 3,
                        "flag": 0
                    },
                    "obj": {
                        "start": 25,
                        "end": 36,
                        "text": "custom tool",
                        "id": 7,
                        "verbs": [
                            "use"
                        ],
                        "label": [
                            "FUNCTION"
                        ],
                        "sent_index": 0,
                        "type": "object"
                    }
                },
                {
                    "sub": {
                        "start": 4,
                        "end": 17,
                        "text": "threat actors",
                        "id": 3,
                        "label": [
                            "ACTOR"
                        ],
                        "sent_index": 0,
                        "type": "subject"
                    },
                    "verb": {
                        "negation": false,
                        "text": "dump",
                        "index": 8,
                        "flag": 0
                    },
                    "obj": {
                        "start": 45,
                        "end": 59,
                        "text": "OS credentials",
                        "id": 11,
                        "verbs": [
                            "dump"
                        ],
                        "label": [
                            "DATA"
                        ],
                        "sent_index": 0,
                        "type": "object"
                    }
                },
                {
                    "sub": {
                        "start": 4,
                        "end": 17,
                        "text": "threat actors",
                        "id": 3,
                        "label": [
                            "ACTOR"
                        ],
                        "sent_index": 0,
                        "type": "subject"
                    },
                    "verb": {
                        "negation": false,
                        "text": "use",
                        "index": 12,
                        "flag": 0
                    },
                    "obj": {
                        "start": 79,
                        "end": 87,
                        "text": "commands",
                        "id": 15,
                        "verbs": [
                            "use"
                        ],
                        "label": [
                            "FUNCTION"
                        ],
                        "sent_index": 0,
                        "type": "object"
                    }
                },
                {
                    "sub": {
                        "start": 4,
                        "end": 17,
                        "text": "threat actors",
                        "id": 3,
                        "label": [
                            "ACTOR"
                        ],
                        "sent_index": 0,
                        "type": "subject"
                    },
                    "verb": {
                        "negation": false,
                        "text": "use",
                        "index": 12,
                        "flag": 0
                    },
                    "obj": {
                        "start": 89,
                        "end": 96,
                        "text": "reg save HKLM\\\\SYSTEM system.hiv",
                        "id": 17,
                        "verbs": [
                            "use"
                        ],
                        "label": [
                            "REGISTRY"
                        ],
                        "sent_index": 0,
                        "type": "object",
                        "texts": [
                            "reg save HKLM\\\\SYSTEM system.hiv",
                            "reg save HKLM\\\\SECURITY security.hiv",
                            "reg save HKLM\\\\SAM sam.hiv"
                        ]
                    }
                },
                {
                    "sub": {
                        "start": 4,
                        "end": 17,
                        "text": "threat actors",
                        "id": 3,
                        "label": [
                            "ACTOR"
                        ],
                        "sent_index": 0,
                        "type": "subject"
                    },
                    "verb": {
                        "negation": false,
                        "text": "use",
                        "index": 12,
                        "flag": 0
                    },
                    "obj": {
                        "start": 98,
                        "end": 105,
                        "text": "reg save HKLM\\\\SAM sam.hiv",
                        "id": 19,
                        "verbs": [
                            "use"
                        ],
                        "label": [
                            "REGISTRY"
                        ],
                        "sent_index": 0,
                        "type": "object",
                        "texts": [
                            "reg save HKLM\\\\SECURITY security.hiv",
                            "reg save HKLM\\\\SAM sam.hiv"
                        ]
                    }
                },
                {
                    "sub": {
                        "start": 4,
                        "end": 17,
                        "text": "threat actors",
                        "id": 3,
                        "label": [
                            "ACTOR"
                        ],
                        "sent_index": 0,
                        "type": "subject"
                    },
                    "verb": {
                        "negation": false,
                        "text": "use",
                        "index": 12,
                        "flag": 0
                    },
                    "obj": {
                        "start": 111,
                        "end": 118,
                        "text": "reg save HKLM\\\\SECURITY security.hiv",
                        "id": 22,
                        "verbs": [
                            "use"
                        ],
                        "label": [
                            "REGISTRY"
                        ],
                        "sent_index": 0,
                        "type": "object"
                    }
                },
                {
                    "sub": {
                        "start": 4,
                        "end": 17,
                        "text": "threat actors",
                        "id": 3,
                        "label": [
                            "ACTOR"
                        ],
                        "sent_index": 0,
                        "type": "subject"
                    },
                    "verb": {
                        "negation": false,
                        "text": "dump",
                        "index": 24,
                        "flag": 0
                    },
                    "obj": {
                        "start": 128,
                        "end": 164,
                        "text": "SAM, SYSTEM and SECURITY hives",
                        "id": 31,
                        "verbs": [
                            "dump"
                        ],
                        "label": [
                            "REGISTRY"
                        ],
                        "sent_index": 0,
                        "type": "object"
                    }
                }
            ]
        }
    ],
    "id": "relationship--b69fa422-d118-4d30-948b-422e737b1116",
    "tech_id": "T1003.002",
    "location": [],
    "special_id": "T1003.002"
}