{
    "text": "Pillowmint can iterate by running processes every six seconds collecting processes to capture from later.",
    "graph_nodes": [
        {
            "id": 1,
            "contracted": 0,
            "meta": {
                "start": 0,
                "end": 10,
                "text": "Pillowmint",
                "id": 1,
                "label": [
                    "ACTOR"
                ],
                "sent_index": 0,
                "type": "subject",
                "sub_label": [
                    "MALWARE"
                ]
            }
        },
        {
            "id": 6,
            "contracted": 0,
            "meta": {
                "start": 34,
                "end": 43,
                "text": "processes",
                "id": 6,
                "verbs": [
                    "run"
                ],
                "label": [
                    "FUNCTION"
                ],
                "sent_index": 0,
                "type": "object"
            }
        },
        {
            "id": 11,
            "contracted": 0,
            "meta": {
                "start": 73,
                "end": 82,
                "text": "processes",
                "id": 11,
                "verbs": [
                    "collect"
                ],
                "label": [
                    "FUNCTION"
                ],
                "sent_index": 0,
                "type": "object"
            }
        }
    ],
    "graph_edges": [
        {
            "source": 1,
            "dest": 6,
            "index": 0,
            "verb": "run",
            "id": "1_6"
        },
        {
            "source": 1,
            "dest": 11,
            "index": 1,
            "verb": "collect",
            "id": "1_11"
        }
    ],
    "replacement_mapper": {},
    "sentences": [
        {
            "id": 0,
            "text": "Pillowmint can iterate by running processes every six seconds collecting processes to capture from later.",
            "svos": [
                {
                    "sub": {
                        "start": 0,
                        "end": 10,
                        "text": "Pillowmint",
                        "id": 1,
                        "label": [
                            "ACTOR"
                        ],
                        "sent_index": 0,
                        "type": "subject",
                        "sub_label": [
                            "MALWARE"
                        ]
                    },
                    "verb": {
                        "negation": false,
                        "text": "run",
                        "index": 4,
                        "flag": 0
                    },
                    "obj": {
                        "start": 34,
                        "end": 43,
                        "text": "processes",
                        "id": 6,
                        "verbs": [
                            "run"
                        ],
                        "label": [
                            "FUNCTION"
                        ],
                        "sent_index": 0,
                        "type": "object"
                    }
                },
                {
                    "sub": {
                        "start": 0,
                        "end": 10,
                        "text": "Pillowmint",
                        "id": 1,
                        "label": [
                            "FUNCTION"
                        ],
                        "sent_index": 0,
                        "type": "subject"
                    },
                    "verb": {
                        "negation": false,
                        "text": "collect",
                        "index": 9,
                        "flag": 0
                    },
                    "obj": {
                        "start": 73,
                        "end": 82,
                        "text": "processes",
                        "id": 11,
                        "verbs": [
                            "collect"
                        ],
                        "label": [
                            "FUNCTION"
                        ],
                        "sent_index": 0,
                        "type": "object"
                    }
                }
            ]
        }
    ],
    "id": "relationship--8977c8db-64e4-44b5-bee9-362779624a42",
    "tech_id": "T1057",
    "location": [],
    "special_id": "T1057"
}