{
    "text": "Agent Tesla can collect the timestamp from the victim's machine.",
    "graph_nodes": [
        {
            "id": 2,
            "contracted": 0,
            "meta": {
                "start": 0,
                "end": 11,
                "text": "Agent Tesla",
                "id": 2,
                "label": [
                    "ACTOR"
                ],
                "sent_index": 0,
                "type": "subject",
                "sub_label": [
                    "MALWARE"
                ]
            }
        },
        {
            "id": 6,
            "contracted": 0,
            "meta": {
                "start": 28,
                "end": 37,
                "text": "timestamp",
                "id": 6,
                "verbs": [
                    "collect"
                ],
                "label": [
                    "DATA"
                ],
                "sent_index": 0,
                "type": "object"
            }
        },
        {
            "id": 9,
            "contracted": 0,
            "meta": {
                "text": "victim",
                "start": 47,
                "end": 53,
                "id": 9,
                "label": [
                    "USER"
                ],
                "sent_index": 0,
                "type": "object"
            }
        },
        {
            "id": 11,
            "contracted": 0,
            "meta": {
                "start": 56,
                "end": 63,
                "text": "machine",
                "id": 11,
                "verbs": [
                    "from"
                ],
                "label": [
                    "COMPONENT"
                ],
                "sent_index": 0,
                "type": "object"
            }
        }
    ],
    "graph_edges": [
        {
            "source": 2,
            "dest": 6,
            "index": 0,
            "verb": "collect",
            "id": "2_6"
        },
        {
            "source": 2,
            "dest": 11,
            "index": 2,
            "verb": "from",
            "id": "2_11"
        },
        {
            "source": 6,
            "dest": 11,
            "index": 1,
            "verb": "from",
            "id": "6_11"
        },
        {
            "source": 11,
            "dest": 9,
            "index": 3,
            "verb": "of",
            "id": "11_9"
        }
    ],
    "replacement_mapper": {},
    "sentences": [
        {
            "id": 0,
            "text": "Agent Tesla can collect the timestamp from the victim's machine.",
            "svos": [
                {
                    "sub": {
                        "start": 0,
                        "end": 11,
                        "text": "Agent Tesla",
                        "id": 2,
                        "label": [
                            "ACTOR"
                        ],
                        "sent_index": 0,
                        "type": "subject",
                        "sub_label": [
                            "MALWARE"
                        ]
                    },
                    "verb": {
                        "negation": false,
                        "text": "collect",
                        "index": 3,
                        "flag": 0
                    },
                    "obj": {
                        "start": 28,
                        "end": 37,
                        "text": "timestamp",
                        "id": 6,
                        "verbs": [
                            "collect"
                        ],
                        "label": [
                            "DATA"
                        ],
                        "sent_index": 0,
                        "type": "object"
                    }
                },
                {
                    "sub": {
                        "start": 28,
                        "end": 37,
                        "text": "timestamp",
                        "id": 6,
                        "verbs": [
                            "collect"
                        ],
                        "label": [
                            "DATA"
                        ],
                        "sent_index": 0,
                        "type": "subject"
                    },
                    "verb": {
                        "negation": false,
                        "text": "from",
                        "index": 6,
                        "flag": 0
                    },
                    "obj": {
                        "start": 56,
                        "end": 63,
                        "text": "machine",
                        "id": 11,
                        "verbs": [
                            "from"
                        ],
                        "label": [
                            "COMPONENT"
                        ],
                        "sent_index": 0,
                        "type": "object"
                    }
                },
                {
                    "sub": {
                        "start": 0,
                        "end": 11,
                        "text": "Agent Tesla",
                        "id": 2,
                        "label": [
                            "FUNCTION"
                        ],
                        "sent_index": 0,
                        "type": "subject"
                    },
                    "verb": {
                        "negation": false,
                        "text": "from",
                        "index": 6,
                        "flag": 0
                    },
                    "obj": {
                        "start": 56,
                        "end": 63,
                        "text": "machine",
                        "id": 11,
                        "verbs": [
                            "from"
                        ],
                        "label": [
                            "COMPONENT"
                        ],
                        "sent_index": 0,
                        "type": "object"
                    }
                },
                {
                    "sub": {
                        "start": 56,
                        "end": 63,
                        "text": "machine",
                        "id": 11,
                        "verbs": [
                            "from"
                        ],
                        "label": [
                            "COMPONENT"
                        ],
                        "sent_index": 0,
                        "type": "subject"
                    },
                    "verb": {
                        "negation": false,
                        "text": "of",
                        "index": 10,
                        "flag": 0
                    },
                    "obj": {
                        "text": "victim",
                        "start": 47,
                        "end": 53,
                        "id": 9,
                        "label": [
                            "USER"
                        ],
                        "sent_index": 0,
                        "type": "object"
                    }
                }
            ]
        }
    ],
    "id": "relationship--38248217-7c11-4ae9-a13e-7296dead0df8",
    "tech_id": "T1124",
    "location": [],
    "special_id": "T1124"
}