{
    "text": "Reaver encrypts some of its files with XOR.",
    "graph_nodes": [
        {
            "id": 1,
            "contracted": 0,
            "meta": {
                "start": 0,
                "end": 6,
                "text": "Reaver",
                "id": 1,
                "label": [
                    "ACTOR"
                ],
                "sent_index": 0,
                "type": "subject",
                "sub_label": [
                    "MALWARE"
                ]
            }
        },
        {
            "id": 3,
            "contracted": 0,
            "meta": {
                "text": "some",
                "start": 16,
                "end": 20,
                "id": 3,
                "verbs": [
                    "encrypt"
                ],
                "label": [
                    "OTHER"
                ],
                "sent_index": 0,
                "type": "object"
            }
        },
        {
            "id": 6,
            "contracted": 0,
            "meta": {
                "start": 28,
                "end": 33,
                "text": "files",
                "id": 6,
                "label": [
                    "DATA"
                ],
                "sent_index": 0,
                "type": "object"
            }
        },
        {
            "id": 8,
            "contracted": 0,
            "meta": {
                "start": 39,
                "end": 42,
                "text": "XOR",
                "id": 8,
                "verbs": [
                    "with"
                ],
                "label": [
                    "ENCRYPTION"
                ],
                "sent_index": 0,
                "type": "object"
            }
        }
    ],
    "graph_edges": [
        {
            "source": 1,
            "dest": 3,
            "index": 0,
            "verb": "encrypt",
            "id": "1_3"
        },
        {
            "source": 1,
            "dest": 8,
            "index": 3,
            "verb": "with",
            "id": "1_8"
        },
        {
            "source": 3,
            "dest": 6,
            "index": 1,
            "verb": "of",
            "id": "3_6"
        },
        {
            "source": 3,
            "dest": 8,
            "index": 2,
            "verb": "with",
            "id": "3_8"
        }
    ],
    "replacement_mapper": {},
    "sentences": [
        {
            "id": 0,
            "text": "Reaver encrypts some of its files with XOR.",
            "svos": [
                {
                    "sub": {
                        "start": 0,
                        "end": 6,
                        "text": "Reaver",
                        "id": 1,
                        "label": [
                            "ACTOR"
                        ],
                        "sent_index": 0,
                        "type": "subject",
                        "sub_label": [
                            "MALWARE"
                        ]
                    },
                    "verb": {
                        "negation": false,
                        "text": "encrypt",
                        "index": 1,
                        "flag": 0
                    },
                    "obj": {
                        "text": "some",
                        "start": 16,
                        "end": 20,
                        "id": 3,
                        "verbs": [
                            "encrypt"
                        ],
                        "label": [
                            "OTHER"
                        ],
                        "sent_index": 0,
                        "type": "object"
                    }
                },
                {
                    "sub": {
                        "text": "some",
                        "start": 16,
                        "end": 20,
                        "id": 3,
                        "verbs": [
                            "encrypt"
                        ],
                        "label": [
                            "OTHER"
                        ],
                        "sent_index": 0,
                        "type": "subject"
                    },
                    "verb": {
                        "negation": false,
                        "text": "of",
                        "index": 3,
                        "flag": 0
                    },
                    "obj": {
                        "start": 28,
                        "end": 33,
                        "text": "files",
                        "id": 6,
                        "label": [
                            "DATA"
                        ],
                        "sent_index": 0,
                        "type": "object"
                    }
                },
                {
                    "sub": {
                        "text": "some",
                        "start": 16,
                        "end": 20,
                        "id": 3,
                        "verbs": [
                            "encrypt"
                        ],
                        "label": [
                            "OTHER"
                        ],
                        "sent_index": 0,
                        "type": "subject"
                    },
                    "verb": {
                        "negation": false,
                        "text": "with",
                        "index": 6,
                        "flag": 0
                    },
                    "obj": {
                        "start": 39,
                        "end": 42,
                        "text": "XOR",
                        "id": 8,
                        "verbs": [
                            "with"
                        ],
                        "label": [
                            "ENCRYPTION"
                        ],
                        "sent_index": 0,
                        "type": "object"
                    }
                },
                {
                    "sub": {
                        "start": 0,
                        "end": 6,
                        "text": "Reaver",
                        "id": 1,
                        "label": [
                            "FUNCTION"
                        ],
                        "sent_index": 0,
                        "type": "subject"
                    },
                    "verb": {
                        "negation": false,
                        "text": "with",
                        "index": 6,
                        "flag": 0
                    },
                    "obj": {
                        "start": 39,
                        "end": 42,
                        "text": "XOR",
                        "id": 8,
                        "verbs": [
                            "with"
                        ],
                        "label": [
                            "ENCRYPTION"
                        ],
                        "sent_index": 0,
                        "type": "object"
                    }
                }
            ]
        }
    ],
    "id": "relationship--5077f774-95a4-459e-b88c-cb3a4dd5c8c6",
    "tech_id": "T1027",
    "location": [],
    "special_id": "T1027"
}