{
    "text": "threat actors sent malicious Word OLE documents to victims.",
    "graph_nodes": [
        {
            "id": 2,
            "contracted": 0,
            "meta": {
                "start": 0,
                "end": 13,
                "text": "threat actors",
                "id": 2,
                "label": [
                    "ACTOR"
                ],
                "sent_index": 0,
                "type": "subject"
            }
        },
        {
            "id": 7,
            "contracted": 0,
            "meta": {
                "start": 29,
                "end": 47,
                "text": "Word OLE documents",
                "id": 7,
                "verbs": [
                    "send"
                ],
                "label": [
                    "DATA"
                ],
                "sent_index": 0,
                "type": "object"
            }
        },
        {
            "id": 9,
            "contracted": 0,
            "meta": {
                "start": 51,
                "end": 58,
                "text": "victims",
                "id": 9,
                "verbs": [
                    "to"
                ],
                "label": [
                    "USER"
                ],
                "sent_index": 0,
                "type": "object"
            }
        }
    ],
    "graph_edges": [
        {
            "source": 2,
            "dest": 7,
            "index": 0,
            "verb": "send",
            "id": "2_7"
        },
        {
            "source": 7,
            "dest": 9,
            "index": 1,
            "verb": "to",
            "id": "7_9"
        }
    ],
    "replacement_mapper": {},
    "sentences": [
        {
            "id": 0,
            "text": "threat actors sent malicious Word OLE documents to victims.",
            "svos": [
                {
                    "sub": {
                        "start": 0,
                        "end": 13,
                        "text": "threat actors",
                        "id": 2,
                        "label": [
                            "ACTOR"
                        ],
                        "sent_index": 0,
                        "type": "subject"
                    },
                    "verb": {
                        "negation": false,
                        "text": "send",
                        "index": 2,
                        "flag": 0
                    },
                    "obj": {
                        "start": 29,
                        "end": 47,
                        "text": "Word OLE documents",
                        "id": 7,
                        "verbs": [
                            "send"
                        ],
                        "label": [
                            "DATA"
                        ],
                        "sent_index": 0,
                        "type": "object"
                    }
                },
                {
                    "sub": {
                        "start": 29,
                        "end": 47,
                        "text": "Word OLE documents",
                        "id": 7,
                        "verbs": [
                            "send"
                        ],
                        "label": [
                            "DATA"
                        ],
                        "sent_index": 0,
                        "type": "subject"
                    },
                    "verb": {
                        "negation": false,
                        "text": "to",
                        "index": 7,
                        "flag": 0
                    },
                    "obj": {
                        "start": 51,
                        "end": 58,
                        "text": "victims",
                        "id": 9,
                        "verbs": [
                            "to"
                        ],
                        "label": [
                            "USER"
                        ],
                        "sent_index": 0,
                        "type": "object"
                    }
                }
            ]
        }
    ],
    "id": "relationship--14acc004-9b77-4a4a-b31d-a8eea459b4bb",
    "tech_id": "T1559.002",
    "location": [],
    "special_id": "T1559.002"
}