{
    "text": "Scattered Spider downloaded tools using victim organization systems.",
    "graph_nodes": [
        {
            "id": 2,
            "contracted": 0,
            "meta": {
                "start": 0,
                "end": 16,
                "text": "Scattered Spider",
                "id": 2,
                "label": [
                    "OTHER"
                ],
                "sent_index": 0,
                "type": "subject"
            }
        },
        {
            "id": 4,
            "contracted": 0,
            "meta": {
                "start": 28,
                "end": 33,
                "text": "tools",
                "id": 4,
                "verbs": [
                    "download"
                ],
                "label": [
                    "FUNCTION"
                ],
                "sent_index": 0,
                "type": "object"
            }
        },
        {
            "id": 8,
            "contracted": 0,
            "meta": {
                "start": 40,
                "end": 67,
                "text": "victim organization systems",
                "id": 8,
                "verbs": [
                    "use"
                ],
                "label": [
                    "COMPONENT"
                ],
                "sent_index": 0,
                "type": "object"
            }
        }
    ],
    "graph_edges": [
        {
            "source": 2,
            "dest": 4,
            "index": 0,
            "verb": "download",
            "id": "2_4"
        },
        {
            "source": 2,
            "dest": 8,
            "index": 1,
            "verb": "use",
            "id": "2_8"
        }
    ],
    "replacement_mapper": {},
    "sentences": [
        {
            "id": 0,
            "text": "Scattered Spider downloaded tools using victim organization systems.",
            "svos": [
                {
                    "sub": {
                        "start": 0,
                        "end": 16,
                        "text": "Scattered Spider",
                        "id": 2,
                        "label": [
                            "OTHER"
                        ],
                        "sent_index": 0,
                        "type": "subject"
                    },
                    "verb": {
                        "negation": false,
                        "text": "download",
                        "index": 2,
                        "flag": 0
                    },
                    "obj": {
                        "start": 28,
                        "end": 33,
                        "text": "tools",
                        "id": 4,
                        "verbs": [
                            "download"
                        ],
                        "label": [
                            "FUNCTION"
                        ],
                        "sent_index": 0,
                        "type": "object"
                    }
                },
                {
                    "sub": {
                        "start": 0,
                        "end": 16,
                        "text": "Scattered Spider",
                        "id": 2,
                        "label": [
                            "OTHER"
                        ],
                        "sent_index": 0,
                        "type": "subject"
                    },
                    "verb": {
                        "negation": false,
                        "text": "use",
                        "index": 4,
                        "flag": 0
                    },
                    "obj": {
                        "start": 40,
                        "end": 67,
                        "text": "victim organization systems",
                        "id": 8,
                        "verbs": [
                            "use"
                        ],
                        "label": [
                            "COMPONENT"
                        ],
                        "sent_index": 0,
                        "type": "object"
                    }
                }
            ]
        }
    ],
    "id": "relationship--2f785f1f-04f8-42f0-8082-a03fed3c3a94",
    "tech_id": "T1105",
    "location": [],
    "special_id": "T1105"
}