{
    "text": "Pysa can perform network reconnaissance using the Advanced IP Scanner tool.",
    "graph_nodes": [
        {
            "id": 1,
            "contracted": 0,
            "meta": {
                "start": 0,
                "end": 4,
                "text": "Pysa",
                "id": 1,
                "label": [
                    "ACTOR"
                ],
                "sent_index": 0,
                "type": "subject",
                "sub_label": [
                    "MALWARE"
                ]
            }
        },
        {
            "id": 5,
            "contracted": 0,
            "meta": {
                "start": 17,
                "end": 39,
                "text": "network reconnaissance",
                "id": 5,
                "verbs": [
                    "perform"
                ],
                "label": [
                    "FUNCTION"
                ],
                "sent_index": 0,
                "type": "object"
            }
        },
        {
            "id": 11,
            "contracted": 0,
            "meta": {
                "start": 50,
                "end": 74,
                "text": "Advanced IP Scanner tool",
                "id": 11,
                "verbs": [
                    "use"
                ],
                "label": [
                    "FUNCTION"
                ],
                "sent_index": 0,
                "type": "object"
            }
        }
    ],
    "graph_edges": [
        {
            "source": 1,
            "dest": 5,
            "index": 0,
            "verb": "perform",
            "id": "1_5"
        },
        {
            "source": 1,
            "dest": 11,
            "index": 1,
            "verb": "use",
            "id": "1_11"
        }
    ],
    "replacement_mapper": {},
    "sentences": [
        {
            "id": 0,
            "text": "Pysa can perform network reconnaissance using the Advanced IP Scanner tool.",
            "svos": [
                {
                    "sub": {
                        "start": 0,
                        "end": 4,
                        "text": "Pysa",
                        "id": 1,
                        "label": [
                            "ACTOR"
                        ],
                        "sent_index": 0,
                        "type": "subject",
                        "sub_label": [
                            "MALWARE"
                        ]
                    },
                    "verb": {
                        "negation": false,
                        "text": "perform",
                        "index": 2,
                        "flag": 0
                    },
                    "obj": {
                        "start": 17,
                        "end": 39,
                        "text": "network reconnaissance",
                        "id": 5,
                        "verbs": [
                            "perform"
                        ],
                        "label": [
                            "FUNCTION"
                        ],
                        "sent_index": 0,
                        "type": "object"
                    }
                },
                {
                    "sub": {
                        "start": 0,
                        "end": 4,
                        "text": "Pysa",
                        "id": 1,
                        "label": [
                            "FUNCTION"
                        ],
                        "sent_index": 0,
                        "type": "subject"
                    },
                    "verb": {
                        "negation": false,
                        "text": "use",
                        "index": 5,
                        "flag": 0
                    },
                    "obj": {
                        "start": 50,
                        "end": 74,
                        "text": "Advanced IP Scanner tool",
                        "id": 11,
                        "verbs": [
                            "use"
                        ],
                        "label": [
                            "FUNCTION"
                        ],
                        "sent_index": 0,
                        "type": "object"
                    }
                }
            ]
        }
    ],
    "id": "relationship--15e5a285-2177-462f-bd40-bc68347efcaf",
    "tech_id": "T1016",
    "location": [],
    "special_id": "T1016"
}