{
    "text": "OilRig has exfiltrated data over FTP separately from its primary C2 channel over DNS.",
    "graph_nodes": [
        {
            "id": 1,
            "contracted": 0,
            "meta": {
                "start": 0,
                "end": 6,
                "text": "OilRig",
                "id": 1,
                "label": [
                    "ACTOR"
                ],
                "sent_index": 0,
                "type": "subject"
            }
        },
        {
            "id": 4,
            "contracted": 0,
            "meta": {
                "start": 23,
                "end": 27,
                "text": "data",
                "id": 4,
                "verbs": [
                    "exfiltrate"
                ],
                "label": [
                    "DATA"
                ],
                "sent_index": 0,
                "type": "object"
            }
        },
        {
            "id": 6,
            "contracted": 0,
            "meta": {
                "start": 33,
                "end": 36,
                "text": "FTP",
                "id": 6,
                "verbs": [
                    "use"
                ],
                "label": [
                    "NETWORK"
                ],
                "sent_index": 0,
                "type": "object"
            }
        },
        {
            "id": 12,
            "contracted": 0,
            "meta": {
                "start": 57,
                "end": 75,
                "text": "primary C2 channel",
                "id": 12,
                "label": [
                    "NETWORK"
                ],
                "sent_index": 0,
                "type": "subject"
            }
        },
        {
            "id": 14,
            "contracted": 0,
            "meta": {
                "start": 81,
                "end": 84,
                "text": "DNS",
                "id": 14,
                "verbs": [
                    "over"
                ],
                "label": [
                    "NETWORK"
                ],
                "sent_index": 0,
                "type": "object"
            }
        }
    ],
    "graph_edges": [
        {
            "source": 1,
            "dest": 6,
            "index": 3,
            "verb": "over",
            "id": "1_6"
        },
        {
            "source": 1,
            "dest": 4,
            "index": 1,
            "verb": "exfiltrate",
            "id": "1_4"
        },
        {
            "source": 4,
            "dest": 6,
            "index": 2,
            "verb": "over",
            "id": "4_6"
        },
        {
            "source": 12,
            "dest": 14,
            "index": 4,
            "verb": "over",
            "id": "12_14"
        }
    ],
    "replacement_mapper": {},
    "sentences": [
        {
            "id": 0,
            "text": "OilRig has exfiltrated data over FTP separately from its primary C2 channel over DNS.",
            "svos": [
                {
                    "sub": {
                        "start": 0,
                        "end": 6,
                        "text": "OilRig",
                        "id": 1,
                        "label": [
                            "ACTOR"
                        ],
                        "sent_index": 0,
                        "type": "subject"
                    },
                    "verb": {
                        "negation": false,
                        "text": "use",
                        "index": 0,
                        "flag": 0
                    },
                    "obj": {
                        "start": 33,
                        "end": 36,
                        "text": "FTP",
                        "id": 6,
                        "verbs": [
                            "use"
                        ],
                        "label": [
                            "NETWORK"
                        ],
                        "sent_index": 0,
                        "type": "object"
                    }
                },
                {
                    "sub": {
                        "start": 0,
                        "end": 6,
                        "text": "OilRig",
                        "id": 1,
                        "label": [
                            "ACTOR"
                        ],
                        "sent_index": 0,
                        "type": "subject"
                    },
                    "verb": {
                        "negation": false,
                        "text": "exfiltrate",
                        "index": 2,
                        "flag": 0
                    },
                    "obj": {
                        "start": 23,
                        "end": 27,
                        "text": "data",
                        "id": 4,
                        "verbs": [
                            "exfiltrate"
                        ],
                        "label": [
                            "DATA"
                        ],
                        "sent_index": 0,
                        "type": "object"
                    }
                },
                {
                    "sub": {
                        "start": 23,
                        "end": 27,
                        "text": "data",
                        "id": 4,
                        "verbs": [
                            "exfiltrate"
                        ],
                        "label": [
                            "DATA"
                        ],
                        "sent_index": 0,
                        "type": "subject"
                    },
                    "verb": {
                        "negation": false,
                        "text": "over",
                        "index": 4,
                        "flag": 0
                    },
                    "obj": {
                        "start": 33,
                        "end": 36,
                        "text": "FTP",
                        "id": 6,
                        "verbs": [
                            "over"
                        ],
                        "label": [
                            "NETWORK"
                        ],
                        "sent_index": 0,
                        "type": "object"
                    }
                },
                {
                    "sub": {
                        "start": 0,
                        "end": 6,
                        "text": "OilRig",
                        "id": 1,
                        "label": [
                            "ACTOR"
                        ],
                        "sent_index": 0,
                        "type": "subject"
                    },
                    "verb": {
                        "negation": false,
                        "text": "over",
                        "index": 4,
                        "flag": 0
                    },
                    "obj": {
                        "start": 33,
                        "end": 36,
                        "text": "FTP",
                        "id": 6,
                        "verbs": [
                            "over"
                        ],
                        "label": [
                            "NETWORK"
                        ],
                        "sent_index": 0,
                        "type": "object"
                    }
                },
                {
                    "sub": {
                        "start": 57,
                        "end": 75,
                        "text": "primary C2 channel",
                        "id": 12,
                        "label": [
                            "NETWORK"
                        ],
                        "sent_index": 0,
                        "type": "subject"
                    },
                    "verb": {
                        "negation": false,
                        "text": "over",
                        "index": 12,
                        "flag": 0
                    },
                    "obj": {
                        "start": 81,
                        "end": 84,
                        "text": "DNS",
                        "id": 14,
                        "verbs": [
                            "over"
                        ],
                        "label": [
                            "NETWORK"
                        ],
                        "sent_index": 0,
                        "type": "object"
                    }
                }
            ]
        }
    ],
    "id": "relationship--70495f42-0a81-485c-8f30-c75af61f1c6a",
    "tech_id": "T1048.003",
    "location": [],
    "special_id": "T1048.003"
}