{
    "text": "Okrum can impersonate a logged-on user's security context using a call to the ImpersonateLoggedOnUser API.",
    "graph_nodes": [
        {
            "id": 1,
            "contracted": 0,
            "meta": {
                "start": 0,
                "end": 5,
                "text": "Okrum",
                "id": 1,
                "label": [
                    "ACTOR"
                ],
                "sent_index": 0,
                "type": "subject",
                "sub_label": [
                    "MALWARE"
                ]
            }
        },
        {
            "id": 6,
            "contracted": 0,
            "meta": {
                "text": "user",
                "start": 34,
                "end": 38,
                "id": 6,
                "label": [
                    "USER"
                ],
                "sent_index": 0,
                "type": "object"
            }
        },
        {
            "id": 9,
            "contracted": 0,
            "meta": {
                "start": 41,
                "end": 57,
                "text": "security context",
                "id": 9,
                "verbs": [
                    "impersonate"
                ],
                "label": [
                    "DATA"
                ],
                "sent_index": 0,
                "type": "object"
            }
        },
        {
            "id": 12,
            "contracted": 0,
            "meta": {
                "start": 66,
                "end": 70,
                "text": "call",
                "id": 12,
                "verbs": [
                    "use"
                ],
                "label": [
                    "FUNCTION"
                ],
                "sent_index": 0,
                "type": "object"
            }
        },
        {
            "id": 16,
            "contracted": 0,
            "meta": {
                "start": 78,
                "end": 105,
                "text": "ImpersonateLoggedOnUser API",
                "id": 16,
                "verbs": [
                    "to"
                ],
                "label": [
                    "FUNCTION"
                ],
                "sent_index": 0,
                "type": "object"
            }
        }
    ],
    "graph_edges": [
        {
            "source": 1,
            "dest": 9,
            "index": 0,
            "verb": "impersonate",
            "id": "1_9"
        },
        {
            "source": 1,
            "dest": 12,
            "index": 2,
            "verb": "use",
            "id": "1_12"
        },
        {
            "source": 9,
            "dest": 6,
            "index": 1,
            "verb": "of",
            "id": "9_6"
        },
        {
            "source": 12,
            "dest": 16,
            "index": 3,
            "verb": "to",
            "id": "12_16"
        }
    ],
    "replacement_mapper": {},
    "sentences": [
        {
            "id": 0,
            "text": "Okrum can impersonate a logged-on user's security context using a call to the ImpersonateLoggedOnUser API.",
            "svos": [
                {
                    "sub": {
                        "start": 0,
                        "end": 5,
                        "text": "Okrum",
                        "id": 1,
                        "label": [
                            "ACTOR"
                        ],
                        "sent_index": 0,
                        "type": "subject",
                        "sub_label": [
                            "MALWARE"
                        ]
                    },
                    "verb": {
                        "negation": false,
                        "text": "impersonate",
                        "index": 2,
                        "flag": 0
                    },
                    "obj": {
                        "start": 41,
                        "end": 57,
                        "text": "security context",
                        "id": 9,
                        "verbs": [
                            "impersonate"
                        ],
                        "label": [
                            "DATA"
                        ],
                        "sent_index": 0,
                        "type": "object"
                    }
                },
                {
                    "sub": {
                        "start": 41,
                        "end": 57,
                        "text": "security context",
                        "id": 9,
                        "verbs": [
                            "impersonate"
                        ],
                        "label": [
                            "DATA"
                        ],
                        "sent_index": 0,
                        "type": "subject"
                    },
                    "verb": {
                        "negation": false,
                        "text": "of",
                        "index": 8,
                        "flag": 0
                    },
                    "obj": {
                        "text": "user",
                        "start": 34,
                        "end": 38,
                        "id": 6,
                        "label": [
                            "USER"
                        ],
                        "sent_index": 0,
                        "type": "object"
                    }
                },
                {
                    "sub": {
                        "start": 0,
                        "end": 5,
                        "text": "Okrum",
                        "id": 1,
                        "label": [
                            "FUNCTION"
                        ],
                        "sent_index": 0,
                        "type": "subject"
                    },
                    "verb": {
                        "negation": false,
                        "text": "use",
                        "index": 9,
                        "flag": 0
                    },
                    "obj": {
                        "start": 66,
                        "end": 70,
                        "text": "call",
                        "id": 12,
                        "verbs": [
                            "use"
                        ],
                        "label": [
                            "FUNCTION"
                        ],
                        "sent_index": 0,
                        "type": "object"
                    }
                },
                {
                    "sub": {
                        "start": 66,
                        "end": 70,
                        "text": "call",
                        "id": 12,
                        "verbs": [
                            "use"
                        ],
                        "label": [
                            "FUNCTION"
                        ],
                        "sent_index": 0,
                        "type": "subject"
                    },
                    "verb": {
                        "negation": false,
                        "text": "to",
                        "index": 12,
                        "flag": 0
                    },
                    "obj": {
                        "start": 78,
                        "end": 105,
                        "text": "ImpersonateLoggedOnUser API",
                        "id": 16,
                        "verbs": [
                            "to"
                        ],
                        "label": [
                            "FUNCTION"
                        ],
                        "sent_index": 0,
                        "type": "object"
                    }
                }
            ]
        }
    ],
    "id": "relationship--874148d5-d7cb-43c2-905f-1582f90005f6",
    "tech_id": "T1134.001",
    "location": [],
    "special_id": "T1134.001"
}