{
    "text": "KOPILUWAK has been delivered to victims as a malicious email attachment.",
    "graph_nodes": [
        {
            "id": 1,
            "contracted": 0,
            "meta": {
                "start": 0,
                "end": 9,
                "text": "KOPILUWAK",
                "id": 1,
                "verbs": [
                    "deliver"
                ],
                "label": [
                    "ACTOR"
                ],
                "sent_index": 0,
                "type": "object",
                "sub_label": [
                    "MALWARE"
                ]
            }
        },
        {
            "id": 6,
            "contracted": 0,
            "meta": {
                "start": 32,
                "end": 39,
                "text": "victims",
                "id": 6,
                "verbs": [
                    "to"
                ],
                "label": [
                    "USER"
                ],
                "sent_index": 0,
                "type": "object"
            }
        },
        {
            "id": 11,
            "contracted": 0,
            "meta": {
                "start": 55,
                "end": 71,
                "text": "email attachment",
                "id": 11,
                "verbs": [
                    "as"
                ],
                "label": [
                    "DATA"
                ],
                "sent_index": 0,
                "type": "object"
            }
        }
    ],
    "graph_edges": [
        {
            "source": 1,
            "dest": 6,
            "index": 1,
            "verb": "to",
            "id": "1_6"
        },
        {
            "source": 1,
            "dest": 11,
            "index": 2,
            "verb": "as",
            "id": "1_11"
        }
    ],
    "replacement_mapper": {},
    "sentences": [
        {
            "id": 0,
            "text": "KOPILUWAK has been delivered to victims as a malicious email attachment.",
            "svos": [
                {
                    "sub": {
                        "text": "ANY",
                        "start": 0,
                        "end": 0,
                        "label": [
                            "ACTOR"
                        ],
                        "id": 0,
                        "sent_index": 0,
                        "type": "subject"
                    },
                    "verb": {
                        "negation": false,
                        "text": "deliver",
                        "index": 3,
                        "flag": 0
                    },
                    "obj": {
                        "start": 0,
                        "end": 9,
                        "text": "KOPILUWAK",
                        "id": 1,
                        "verbs": [
                            "deliver"
                        ],
                        "label": [
                            "ACTOR"
                        ],
                        "sent_index": 0,
                        "type": "object",
                        "sub_label": [
                            "MALWARE"
                        ]
                    }
                },
                {
                    "sub": {
                        "start": 0,
                        "end": 9,
                        "text": "KOPILUWAK",
                        "id": 1,
                        "verbs": [
                            "deliver"
                        ],
                        "label": [
                            "FUNCTION"
                        ],
                        "sent_index": 0,
                        "type": "subject"
                    },
                    "verb": {
                        "negation": false,
                        "text": "to",
                        "index": 4,
                        "flag": 0
                    },
                    "obj": {
                        "start": 32,
                        "end": 39,
                        "text": "victims",
                        "id": 6,
                        "verbs": [
                            "to"
                        ],
                        "label": [
                            "USER"
                        ],
                        "sent_index": 0,
                        "type": "object"
                    }
                },
                {
                    "sub": {
                        "start": 0,
                        "end": 9,
                        "text": "KOPILUWAK",
                        "id": 1,
                        "verbs": [
                            "deliver"
                        ],
                        "label": [
                            "FUNCTION"
                        ],
                        "sent_index": 0,
                        "type": "subject"
                    },
                    "verb": {
                        "negation": false,
                        "text": "as",
                        "index": 6,
                        "flag": 0
                    },
                    "obj": {
                        "start": 55,
                        "end": 71,
                        "text": "email attachment",
                        "id": 11,
                        "verbs": [
                            "as"
                        ],
                        "label": [
                            "DATA"
                        ],
                        "sent_index": 0,
                        "type": "object"
                    }
                }
            ]
        }
    ],
    "id": "relationship--da37b8c0-7006-43f9-aebb-44ae51a54dd0",
    "tech_id": "T1566.001",
    "location": [],
    "special_id": "T1566.001"
}