{
    "text": "IndigoZebra has established domains, some of which were designed to as official government domains, for their operations.",
    "graph_nodes": [
        {
            "id": 1,
            "contracted": 0,
            "meta": {
                "start": 0,
                "end": 11,
                "text": "IndigoZebra",
                "id": 1,
                "label": [
                    "ACTOR"
                ],
                "sent_index": 0,
                "type": "subject",
                "texts": [
                    "IndigoZebra"
                ]
            }
        },
        {
            "id": 4,
            "contracted": 0,
            "meta": {
                "start": 28,
                "end": 35,
                "text": "domains",
                "id": 4,
                "verbs": [
                    "establish"
                ],
                "label": [
                    "NETWORK"
                ],
                "sent_index": 0,
                "type": "object"
            }
        },
        {
            "id": 6,
            "contracted": 0,
            "meta": {
                "text": "some",
                "start": 37,
                "end": 41,
                "id": 6,
                "verbs": [
                    "design"
                ],
                "label": [
                    "OTHER"
                ],
                "sent_index": 0,
                "type": "object"
            }
        },
        {
            "id": 8,
            "contracted": 0,
            "meta": {
                "start": 45,
                "end": 50,
                "text": "which",
                "id": 8,
                "label": [
                    "OTHER"
                ],
                "sent_index": 0,
                "type": "object"
            }
        },
        {
            "id": 15,
            "contracted": 0,
            "meta": {
                "start": 71,
                "end": 98,
                "text": "official government domains",
                "id": 15,
                "verbs": [
                    "as"
                ],
                "label": [
                    "NETWORK"
                ],
                "sent_index": 0,
                "type": "object"
            }
        },
        {
            "id": 19,
            "contracted": 0,
            "meta": {
                "start": 110,
                "end": 120,
                "text": "operations",
                "id": 19,
                "label": [
                    "FUNCTION"
                ],
                "sent_index": 0,
                "type": "object"
            }
        }
    ],
    "graph_edges": [
        {
            "source": 1,
            "dest": 4,
            "index": 0,
            "verb": "establish",
            "id": "1_4"
        },
        {
            "source": 1,
            "dest": 6,
            "index": 2,
            "verb": "design",
            "id": "1_6"
        },
        {
            "source": 4,
            "dest": 8,
            "index": 1,
            "verb": "of",
            "id": "4_8"
        },
        {
            "source": 4,
            "dest": 19,
            "index": 4,
            "verb": "for",
            "id": "4_19"
        },
        {
            "source": 6,
            "dest": 15,
            "index": 3,
            "verb": "as",
            "id": "6_15"
        }
    ],
    "replacement_mapper": {},
    "sentences": [
        {
            "id": 0,
            "text": "IndigoZebra has established domains, some of which were designed to as official government domains, for their operations.",
            "svos": [
                {
                    "sub": {
                        "start": 0,
                        "end": 11,
                        "text": "IndigoZebra",
                        "id": 1,
                        "label": [
                            "ACTOR"
                        ],
                        "sent_index": 0,
                        "type": "subject",
                        "texts": [
                            "IndigoZebra"
                        ]
                    },
                    "verb": {
                        "negation": false,
                        "text": "establish",
                        "index": 2,
                        "flag": 0
                    },
                    "obj": {
                        "start": 28,
                        "end": 35,
                        "text": "domains",
                        "id": 4,
                        "verbs": [
                            "establish"
                        ],
                        "label": [
                            "NETWORK"
                        ],
                        "sent_index": 0,
                        "type": "object"
                    }
                },
                {
                    "sub": {
                        "start": 28,
                        "end": 35,
                        "text": "domains",
                        "id": 4,
                        "verbs": [
                            "establish"
                        ],
                        "label": [
                            "NETWORK"
                        ],
                        "sent_index": 0,
                        "type": "subject"
                    },
                    "verb": {
                        "negation": false,
                        "text": "of",
                        "index": 6,
                        "flag": 0
                    },
                    "obj": {
                        "start": 45,
                        "end": 50,
                        "text": "which",
                        "id": 8,
                        "label": [
                            "OTHER"
                        ],
                        "sent_index": 0,
                        "type": "object"
                    }
                },
                {
                    "sub": {
                        "text": "ANY",
                        "start": 0,
                        "end": 0,
                        "label": [
                            "ACTOR"
                        ],
                        "id": 0,
                        "sent_index": 0,
                        "type": "subject"
                    },
                    "verb": {
                        "negation": false,
                        "text": "design",
                        "index": 9,
                        "flag": 0
                    },
                    "obj": {
                        "text": "some",
                        "start": 37,
                        "end": 41,
                        "id": 6,
                        "verbs": [
                            "design"
                        ],
                        "label": [
                            "OTHER"
                        ],
                        "sent_index": 0,
                        "type": "object"
                    }
                },
                {
                    "sub": {
                        "text": "some",
                        "start": 37,
                        "end": 41,
                        "id": 6,
                        "verbs": [
                            "design"
                        ],
                        "label": [
                            "OTHER"
                        ],
                        "sent_index": 0,
                        "type": "subject"
                    },
                    "verb": {
                        "negation": false,
                        "text": "as",
                        "index": 11,
                        "flag": 0
                    },
                    "obj": {
                        "start": 71,
                        "end": 98,
                        "text": "official government domains",
                        "id": 15,
                        "verbs": [
                            "as"
                        ],
                        "label": [
                            "NETWORK"
                        ],
                        "sent_index": 0,
                        "type": "object"
                    }
                },
                {
                    "sub": {
                        "start": 28,
                        "end": 35,
                        "text": "domains",
                        "id": 4,
                        "verbs": [
                            "establish"
                        ],
                        "label": [
                            "NETWORK"
                        ],
                        "sent_index": 0,
                        "type": "subject"
                    },
                    "verb": {
                        "negation": false,
                        "text": "for",
                        "index": 16,
                        "flag": 0
                    },
                    "obj": {
                        "start": 110,
                        "end": 120,
                        "text": "operations",
                        "id": 19,
                        "label": [
                            "FUNCTION"
                        ],
                        "sent_index": 0,
                        "type": "object"
                    }
                }
            ]
        }
    ],
    "id": "relationship--4db1e255-d845-459c-8553-39f1a278758f",
    "tech_id": "T1583.001",
    "location": [],
    "special_id": "T1583.001"
}