{
    "text": "Chaes has used Python scripts for execution and the installation of additional files.",
    "graph_nodes": [
        {
            "id": 1,
            "contracted": 0,
            "meta": {
                "start": 0,
                "end": 5,
                "text": "Chaes",
                "id": 1,
                "label": [
                    "ACTOR"
                ],
                "sent_index": 0,
                "type": "subject",
                "sub_label": [
                    "MALWARE"
                ]
            }
        },
        {
            "id": 5,
            "contracted": 0,
            "meta": {
                "start": 15,
                "end": 29,
                "text": "Python scripts",
                "id": 5,
                "verbs": [
                    "use"
                ],
                "label": [
                    "FUNCTION"
                ],
                "sent_index": 0,
                "type": "object"
            }
        },
        {
            "id": 6,
            "contracted": 0,
            "meta": {
                "text": "command",
                "start": 34,
                "end": 43,
                "id": 6,
                "verbs": [
                    "execute"
                ],
                "label": [
                    "FUNCTION"
                ],
                "sent_index": 0,
                "type": "object"
            }
        },
        {
            "id": 13,
            "contracted": 0,
            "meta": {
                "start": 79,
                "end": 84,
                "text": "files",
                "id": 13,
                "label": [
                    "DATA"
                ],
                "sent_index": 0,
                "type": "object"
            }
        }
    ],
    "graph_edges": [
        {
            "source": 1,
            "dest": 5,
            "index": 0,
            "verb": "use",
            "id": "1_5"
        }
    ],
    "replacement_mapper": {},
    "sentences": [
        {
            "id": 0,
            "text": "Chaes has used Python scripts for execution and the installation of additional files.",
            "svos": [
                {
                    "sub": {
                        "start": 0,
                        "end": 5,
                        "text": "Chaes",
                        "id": 1,
                        "label": [
                            "ACTOR"
                        ],
                        "sent_index": 0,
                        "type": "subject",
                        "sub_label": [
                            "MALWARE"
                        ]
                    },
                    "verb": {
                        "negation": false,
                        "text": "use",
                        "index": 2,
                        "flag": 0
                    },
                    "obj": {
                        "start": 15,
                        "end": 29,
                        "text": "Python scripts",
                        "id": 5,
                        "verbs": [
                            "use"
                        ],
                        "label": [
                            "FUNCTION"
                        ],
                        "sent_index": 0,
                        "type": "object"
                    }
                },
                {
                    "sub": {
                        "start": 15,
                        "end": 29,
                        "text": "Python scripts",
                        "id": 5,
                        "verbs": [
                            "use"
                        ],
                        "label": [
                            "FUNCTION"
                        ],
                        "sent_index": 0,
                        "type": "subject"
                    },
                    "verb": {
                        "negation": false,
                        "text": "for",
                        "index": 5,
                        "flag": 0
                    },
                    "obj": {
                        "start": 34,
                        "end": 43,
                        "text": "execution",
                        "id": 7,
                        "label": [
                            "FUNCTION"
                        ],
                        "sent_index": 0,
                        "type": "object",
                        "texts": [
                            "execution",
                            "installation"
                        ]
                    }
                },
                {
                    "sub": {
                        "start": 15,
                        "end": 29,
                        "text": "Python scripts",
                        "id": 5,
                        "verbs": [
                            "use"
                        ],
                        "label": [
                            "FUNCTION"
                        ],
                        "sent_index": 0,
                        "type": "subject"
                    },
                    "verb": {
                        "negation": false,
                        "text": "for",
                        "index": 5,
                        "flag": 0
                    },
                    "obj": {
                        "start": 52,
                        "end": 64,
                        "text": "installation",
                        "id": 10,
                        "label": [
                            "FUNCTION"
                        ],
                        "sent_index": 0,
                        "type": "object"
                    }
                },
                {
                    "sub": {
                        "start": 0,
                        "end": 5,
                        "text": "Chaes",
                        "id": 1,
                        "label": [
                            "FUNCTION"
                        ],
                        "sent_index": 0,
                        "type": "subject"
                    },
                    "verb": {
                        "negation": false,
                        "text": "for",
                        "index": 5,
                        "flag": 0
                    },
                    "obj": {
                        "start": 34,
                        "end": 43,
                        "text": "execution",
                        "id": 7,
                        "label": [
                            "FUNCTION"
                        ],
                        "sent_index": 0,
                        "type": "object"
                    }
                },
                {
                    "sub": {
                        "text": "ANY",
                        "start": 0,
                        "end": 0,
                        "label": [
                            "ACTOR"
                        ],
                        "id": 0,
                        "sent_index": 0,
                        "type": "subject"
                    },
                    "verb": {
                        "negation": false,
                        "text": "execute",
                        "index": 6,
                        "flag": 0
                    },
                    "obj": {
                        "text": "command",
                        "start": 34,
                        "end": 43,
                        "id": 6,
                        "verbs": [
                            "execute"
                        ],
                        "label": [
                            "FUNCTION"
                        ],
                        "sent_index": 0,
                        "type": "object"
                    }
                },
                {
                    "sub": {
                        "start": 52,
                        "end": 64,
                        "text": "installation",
                        "id": 10,
                        "label": [
                            "FUNCTION"
                        ],
                        "sent_index": 0,
                        "type": "subject"
                    },
                    "verb": {
                        "negation": false,
                        "text": "of",
                        "index": 10,
                        "flag": 0
                    },
                    "obj": {
                        "start": 79,
                        "end": 84,
                        "text": "files",
                        "id": 13,
                        "label": [
                            "DATA"
                        ],
                        "sent_index": 0,
                        "type": "object"
                    }
                }
            ]
        }
    ],
    "id": "relationship--876a57e9-4a60-4863-a1b7-c1dad9903971",
    "tech_id": "T1059.006",
    "location": [],
    "special_id": "T1059.006"
}