{
    "text": "REvil can decode encrypted strings to enable execution of commands and payloads.",
    "graph_nodes": [
        {
            "id": 1,
            "contracted": 0,
            "meta": {
                "start": 0,
                "end": 5,
                "text": "REvil",
                "id": 1,
                "label": [
                    "ACTOR"
                ],
                "sent_index": 0,
                "type": "subject",
                "sub_label": [
                    "MALWARE"
                ]
            }
        },
        {
            "id": 5,
            "contracted": 0,
            "meta": {
                "start": 17,
                "end": 34,
                "text": "encrypted strings",
                "id": 5,
                "verbs": [
                    "decode"
                ],
                "label": [
                    "DATA"
                ],
                "sent_index": 0,
                "type": "object"
            }
        },
        {
            "id": 7,
            "contracted": 0,
            "meta": {
                "text": "command",
                "start": 45,
                "end": 54,
                "id": 7,
                "verbs": [
                    "execute"
                ],
                "label": [
                    "FUNCTION"
                ],
                "sent_index": 0,
                "type": "object"
            }
        },
        {
            "id": 10,
            "contracted": 0,
            "meta": {
                "start": 58,
                "end": 66,
                "text": "commands",
                "id": 10,
                "label": [
                    "FUNCTION"
                ],
                "sent_index": 0,
                "type": "object",
                "texts": [
                    "commands",
                    "payloads"
                ]
            }
        }
    ],
    "graph_edges": [
        {
            "source": 1,
            "dest": 5,
            "index": 0,
            "verb": "decode",
            "id": "1_5"
        }
    ],
    "replacement_mapper": {},
    "sentences": [
        {
            "id": 0,
            "text": "REvil can decode encrypted strings to enable execution of commands and payloads.",
            "svos": [
                {
                    "sub": {
                        "start": 0,
                        "end": 5,
                        "text": "REvil",
                        "id": 1,
                        "label": [
                            "ACTOR"
                        ],
                        "sent_index": 0,
                        "type": "subject",
                        "sub_label": [
                            "MALWARE"
                        ]
                    },
                    "verb": {
                        "negation": false,
                        "text": "decode",
                        "index": 2,
                        "flag": 0
                    },
                    "obj": {
                        "start": 17,
                        "end": 34,
                        "text": "encrypted strings",
                        "id": 5,
                        "verbs": [
                            "decode"
                        ],
                        "label": [
                            "DATA"
                        ],
                        "sent_index": 0,
                        "type": "object"
                    }
                },
                {
                    "sub": {
                        "start": 0,
                        "end": 5,
                        "text": "REvil",
                        "id": 1,
                        "label": [
                            "FUNCTION"
                        ],
                        "sent_index": 0,
                        "type": "subject"
                    },
                    "verb": {
                        "negation": false,
                        "text": "enable",
                        "index": 6,
                        "flag": 0
                    },
                    "obj": {
                        "start": 45,
                        "end": 54,
                        "text": "execution",
                        "id": 8,
                        "verbs": [
                            "enable"
                        ],
                        "label": [
                            "FUNCTION"
                        ],
                        "sent_index": 0,
                        "type": "object"
                    }
                },
                {
                    "sub": {
                        "text": "ANY",
                        "start": 0,
                        "end": 0,
                        "label": [
                            "ACTOR"
                        ],
                        "id": 0,
                        "sent_index": 0,
                        "type": "subject"
                    },
                    "verb": {
                        "negation": false,
                        "text": "execute",
                        "index": 7,
                        "flag": 0
                    },
                    "obj": {
                        "text": "command",
                        "start": 45,
                        "end": 54,
                        "id": 7,
                        "verbs": [
                            "execute"
                        ],
                        "label": [
                            "FUNCTION"
                        ],
                        "sent_index": 0,
                        "type": "object"
                    }
                },
                {
                    "sub": {
                        "start": 45,
                        "end": 54,
                        "text": "execution",
                        "id": 8,
                        "verbs": [
                            "enable"
                        ],
                        "label": [
                            "FUNCTION"
                        ],
                        "sent_index": 0,
                        "type": "subject"
                    },
                    "verb": {
                        "negation": false,
                        "text": "of",
                        "index": 8,
                        "flag": 0
                    },
                    "obj": {
                        "start": 58,
                        "end": 66,
                        "text": "commands",
                        "id": 10,
                        "label": [
                            "FUNCTION"
                        ],
                        "sent_index": 0,
                        "type": "object",
                        "texts": [
                            "commands",
                            "payloads"
                        ]
                    }
                },
                {
                    "sub": {
                        "start": 45,
                        "end": 54,
                        "text": "execution",
                        "id": 8,
                        "verbs": [
                            "enable"
                        ],
                        "label": [
                            "FUNCTION"
                        ],
                        "sent_index": 0,
                        "type": "subject"
                    },
                    "verb": {
                        "negation": false,
                        "text": "of",
                        "index": 8,
                        "flag": 0
                    },
                    "obj": {
                        "start": 71,
                        "end": 79,
                        "text": "payloads",
                        "id": 12,
                        "label": [
                            "FUNCTION"
                        ],
                        "sent_index": 0,
                        "type": "object"
                    }
                }
            ]
        }
    ],
    "id": "relationship--a0ff37b8-1a73-45dd-a645-fe2a43fad9f6",
    "tech_id": "T1140",
    "location": [],
    "special_id": "T1140"
}