{
    "text": "Wingbird checks the victim OS version after executing to determine where to drop files based on whether the victim is 32-bit or 64-bit.",
    "graph_nodes": [
        {
            "id": 1,
            "contracted": 0,
            "meta": {
                "start": 0,
                "end": 8,
                "text": "Wingbird",
                "id": 1,
                "label": [
                    "ACTOR"
                ],
                "sent_index": 0,
                "type": "subject",
                "sub_label": [
                    "MALWARE"
                ]
            }
        },
        {
            "id": 6,
            "contracted": 0,
            "meta": {
                "start": 20,
                "end": 37,
                "text": "victim OS version",
                "id": 6,
                "verbs": [
                    "check"
                ],
                "label": [
                    "DATA"
                ],
                "sent_index": 0,
                "type": "object"
            }
        },
        {
            "id": 14,
            "contracted": 0,
            "meta": {
                "start": 81,
                "end": 86,
                "text": "files",
                "id": 14,
                "verbs": [
                    "drop"
                ],
                "label": [
                    "DATA"
                ],
                "sent_index": 0,
                "type": "object"
            }
        },
        {
            "id": 19,
            "contracted": 0,
            "meta": {
                "start": 108,
                "end": 114,
                "text": "victim",
                "id": 19,
                "label": [
                    "USER"
                ],
                "sent_index": 0,
                "type": "subject"
            }
        },
        {
            "id": 21,
            "contracted": 0,
            "meta": {
                "start": 118,
                "end": 124,
                "text": "32-bit",
                "id": 21,
                "verbs": [
                    "be"
                ],
                "label": [
                    "OTHER"
                ],
                "sent_index": 0,
                "type": "object"
            }
        },
        {
            "id": 23,
            "contracted": 0,
            "meta": {
                "start": 128,
                "end": 134,
                "text": "64-bit",
                "id": 23,
                "verbs": [
                    "be"
                ],
                "label": [
                    "OTHER"
                ],
                "sent_index": 0,
                "type": "object"
            }
        }
    ],
    "graph_edges": [
        {
            "source": 1,
            "dest": 6,
            "index": 0,
            "verb": "check",
            "id": "1_6"
        },
        {
            "source": 1,
            "dest": 14,
            "index": 1,
            "verb": "drop",
            "id": "1_14"
        },
        {
            "source": 19,
            "dest": 21,
            "index": 2,
            "verb": "be",
            "id": "19_21"
        },
        {
            "source": 19,
            "dest": 23,
            "index": 3,
            "verb": "be",
            "id": "19_23"
        }
    ],
    "replacement_mapper": {},
    "sentences": [
        {
            "id": 0,
            "text": "Wingbird checks the victim OS version after executing to determine where to drop files based on whether the victim is 32-bit or 64-bit.",
            "svos": [
                {
                    "sub": {
                        "start": 0,
                        "end": 8,
                        "text": "Wingbird",
                        "id": 1,
                        "label": [
                            "ACTOR"
                        ],
                        "sent_index": 0,
                        "type": "subject",
                        "sub_label": [
                            "MALWARE"
                        ]
                    },
                    "verb": {
                        "negation": false,
                        "text": "check",
                        "index": 1,
                        "flag": 0
                    },
                    "obj": {
                        "start": 20,
                        "end": 37,
                        "text": "victim OS version",
                        "id": 6,
                        "verbs": [
                            "check"
                        ],
                        "label": [
                            "DATA"
                        ],
                        "sent_index": 0,
                        "type": "object"
                    }
                },
                {
                    "sub": {
                        "start": 0,
                        "end": 8,
                        "text": "Wingbird",
                        "id": 1,
                        "label": [
                            "FUNCTION"
                        ],
                        "sent_index": 0,
                        "type": "subject"
                    },
                    "verb": {
                        "negation": false,
                        "text": "drop",
                        "index": 12,
                        "flag": 0
                    },
                    "obj": {
                        "start": 81,
                        "end": 86,
                        "text": "files",
                        "id": 14,
                        "verbs": [
                            "drop"
                        ],
                        "label": [
                            "DATA"
                        ],
                        "sent_index": 0,
                        "type": "object"
                    }
                },
                {
                    "sub": {
                        "start": 108,
                        "end": 114,
                        "text": "victim",
                        "id": 19,
                        "label": [
                            "USER"
                        ],
                        "sent_index": 0,
                        "type": "subject"
                    },
                    "verb": {
                        "negation": false,
                        "text": "be",
                        "index": 19,
                        "flag": 0
                    },
                    "obj": {
                        "start": 118,
                        "end": 124,
                        "text": "32-bit",
                        "id": 21,
                        "verbs": [
                            "be"
                        ],
                        "label": [
                            "OTHER"
                        ],
                        "sent_index": 0,
                        "type": "object"
                    }
                },
                {
                    "sub": {
                        "start": 108,
                        "end": 114,
                        "text": "victim",
                        "id": 19,
                        "label": [
                            "USER"
                        ],
                        "sent_index": 0,
                        "type": "subject"
                    },
                    "verb": {
                        "negation": false,
                        "text": "be",
                        "index": 19,
                        "flag": 0
                    },
                    "obj": {
                        "start": 128,
                        "end": 134,
                        "text": "64-bit",
                        "id": 23,
                        "verbs": [
                            "be"
                        ],
                        "label": [
                            "OTHER"
                        ],
                        "sent_index": 0,
                        "type": "object"
                    }
                }
            ]
        }
    ],
    "id": "relationship--fe786b29-e621-48e2-84b5-aed35e6930fe",
    "tech_id": "T1082",
    "location": [],
    "special_id": "T1082"
}