{
    "text": "Avenger can use Tasklist to identify running processes.",
    "graph_nodes": [
        {
            "id": 1,
            "contracted": 0,
            "meta": {
                "start": 0,
                "end": 7,
                "text": "Avenger",
                "id": 1,
                "label": [
                    "ACTOR"
                ],
                "sent_index": 0,
                "type": "subject",
                "sub_label": [
                    "MALWARE"
                ]
            }
        },
        {
            "id": 4,
            "contracted": 0,
            "meta": {
                "start": 16,
                "end": 24,
                "text": "Tasklist",
                "id": 4,
                "verbs": [
                    "use"
                ],
                "label": [
                    "FUNCTION"
                ],
                "sent_index": 0,
                "type": "object"
            }
        },
        {
            "id": 8,
            "contracted": 0,
            "meta": {
                "start": 45,
                "end": 54,
                "text": "processes",
                "id": 8,
                "verbs": [
                    "identify"
                ],
                "label": [
                    "FUNCTION"
                ],
                "sent_index": 0,
                "type": "object"
            }
        }
    ],
    "graph_edges": [
        {
            "source": 1,
            "dest": 4,
            "index": 0,
            "verb": "use",
            "id": "1_4"
        },
        {
            "source": 1,
            "dest": 8,
            "index": 1,
            "verb": "identify",
            "id": "1_8"
        }
    ],
    "replacement_mapper": {},
    "sentences": [
        {
            "id": 0,
            "text": "Avenger can use Tasklist to identify running processes.",
            "svos": [
                {
                    "sub": {
                        "start": 0,
                        "end": 7,
                        "text": "Avenger",
                        "id": 1,
                        "label": [
                            "ACTOR"
                        ],
                        "sent_index": 0,
                        "type": "subject",
                        "sub_label": [
                            "MALWARE"
                        ]
                    },
                    "verb": {
                        "negation": false,
                        "text": "use",
                        "index": 2,
                        "flag": 0
                    },
                    "obj": {
                        "start": 16,
                        "end": 24,
                        "text": "Tasklist",
                        "id": 4,
                        "verbs": [
                            "use"
                        ],
                        "label": [
                            "FUNCTION"
                        ],
                        "sent_index": 0,
                        "type": "object"
                    }
                },
                {
                    "sub": {
                        "start": 0,
                        "end": 7,
                        "text": "Avenger",
                        "id": 1,
                        "label": [
                            "FUNCTION"
                        ],
                        "sent_index": 0,
                        "type": "subject"
                    },
                    "verb": {
                        "negation": false,
                        "text": "identify",
                        "index": 5,
                        "flag": 0
                    },
                    "obj": {
                        "start": 45,
                        "end": 54,
                        "text": "processes",
                        "id": 8,
                        "verbs": [
                            "identify"
                        ],
                        "label": [
                            "FUNCTION"
                        ],
                        "sent_index": 0,
                        "type": "object"
                    }
                }
            ]
        }
    ],
    "id": "relationship--4a5d8511-633c-4429-ac64-37a4815bf545",
    "tech_id": "T1057",
    "location": [],
    "special_id": "T1057"
}