{
    "text": "AppleSeed can disguise JavaScript files as PDFs.",
    "graph_nodes": [
        {
            "id": 1,
            "contracted": 0,
            "meta": {
                "start": 0,
                "end": 9,
                "text": "AppleSeed",
                "id": 1,
                "label": [
                    "ACTOR"
                ],
                "sent_index": 0,
                "type": "subject",
                "sub_label": [
                    "MALWARE"
                ]
            }
        },
        {
            "id": 5,
            "contracted": 0,
            "meta": {
                "start": 23,
                "end": 39,
                "text": "JavaScript files",
                "id": 5,
                "verbs": [
                    "disguise"
                ],
                "label": [
                    "FUNCTION"
                ],
                "sent_index": 0,
                "type": "object"
            }
        },
        {
            "id": 7,
            "contracted": 0,
            "meta": {
                "start": 43,
                "end": 47,
                "text": "PDFs",
                "id": 7,
                "verbs": [
                    "as"
                ],
                "label": [
                    "DATA"
                ],
                "sent_index": 0,
                "type": "object"
            }
        }
    ],
    "graph_edges": [
        {
            "source": 1,
            "dest": 5,
            "index": 0,
            "verb": "disguise",
            "id": "1_5"
        },
        {
            "source": 1,
            "dest": 7,
            "index": 1,
            "verb": "as",
            "id": "1_7"
        },
        {
            "source": 5,
            "dest": 7,
            "index": 2,
            "verb": "as",
            "id": "5_7"
        }
    ],
    "replacement_mapper": {},
    "sentences": [
        {
            "id": 0,
            "text": "AppleSeed can disguise JavaScript files as PDFs.",
            "svos": [
                {
                    "sub": {
                        "start": 0,
                        "end": 9,
                        "text": "AppleSeed",
                        "id": 1,
                        "label": [
                            "ACTOR"
                        ],
                        "sent_index": 0,
                        "type": "subject",
                        "sub_label": [
                            "MALWARE"
                        ]
                    },
                    "verb": {
                        "negation": false,
                        "text": "disguise",
                        "index": 2,
                        "flag": 0
                    },
                    "obj": {
                        "start": 23,
                        "end": 39,
                        "text": "JavaScript files",
                        "id": 5,
                        "verbs": [
                            "disguise"
                        ],
                        "label": [
                            "FUNCTION"
                        ],
                        "sent_index": 0,
                        "type": "object"
                    }
                },
                {
                    "sub": {
                        "start": 0,
                        "end": 9,
                        "text": "AppleSeed",
                        "id": 1,
                        "label": [
                            "FUNCTION"
                        ],
                        "sent_index": 0,
                        "type": "subject"
                    },
                    "verb": {
                        "negation": false,
                        "text": "as",
                        "index": 5,
                        "flag": 0
                    },
                    "obj": {
                        "start": 43,
                        "end": 47,
                        "text": "PDFs",
                        "id": 7,
                        "verbs": [
                            "as"
                        ],
                        "label": [
                            "DATA"
                        ],
                        "sent_index": 0,
                        "type": "object"
                    }
                },
                {
                    "sub": {
                        "start": 23,
                        "end": 39,
                        "text": "JavaScript files",
                        "id": 5,
                        "verbs": [
                            "disguise"
                        ],
                        "label": [
                            "FUNCTION"
                        ],
                        "sent_index": 0,
                        "type": "subject"
                    },
                    "verb": {
                        "negation": false,
                        "text": "as",
                        "index": 5,
                        "flag": 0
                    },
                    "obj": {
                        "start": 43,
                        "end": 47,
                        "text": "PDFs",
                        "id": 7,
                        "verbs": [
                            "as"
                        ],
                        "label": [
                            "DATA"
                        ],
                        "sent_index": 0,
                        "type": "object"
                    }
                }
            ]
        }
    ],
    "id": "relationship--2f249959-a448-454d-85ab-f71c8c5ff277",
    "tech_id": "T1036",
    "location": [],
    "special_id": "T1036"
}