{
    "text": "GoldenSpy's installer has delayed installation of GoldenSpy for two hours after it reaches a victim system.",
    "graph_nodes": [
        {
            "id": 1,
            "contracted": 0,
            "meta": {
                "text": "GoldenSpy",
                "start": 0,
                "end": 9,
                "id": 1,
                "label": [
                    "ACTOR"
                ],
                "sent_index": 0,
                "type": "object",
                "ids": [
                    1,
                    8
                ],
                "texts": [
                    "GoldenSpy"
                ],
                "sub_label": [
                    "MALWARE"
                ]
            }
        },
        {
            "id": 3,
            "contracted": 0,
            "meta": {
                "start": 12,
                "end": 21,
                "text": "installer",
                "id": 3,
                "label": [
                    "FUNCTION"
                ],
                "sent_index": 0,
                "type": "subject",
                "ids": [
                    3,
                    13
                ],
                "texts": [
                    "installer"
                ]
            }
        },
        {
            "id": 6,
            "contracted": 0,
            "meta": {
                "start": 34,
                "end": 46,
                "text": "installation",
                "id": 6,
                "verbs": [
                    "delay"
                ],
                "label": [
                    "FUNCTION"
                ],
                "sent_index": 0,
                "type": "object"
            }
        },
        {
            "id": 11,
            "contracted": 0,
            "meta": {
                "start": 68,
                "end": 73,
                "text": "hours",
                "id": 11,
                "label": [
                    "DATA"
                ],
                "sent_index": 0,
                "type": "object"
            }
        },
        {
            "id": 17,
            "contracted": 0,
            "meta": {
                "start": 93,
                "end": 106,
                "text": "victim system",
                "id": 17,
                "verbs": [
                    "reach"
                ],
                "label": [
                    "COMPONENT"
                ],
                "sent_index": 0,
                "type": "object"
            }
        }
    ],
    "graph_edges": [
        {
            "source": 3,
            "dest": 1,
            "index": 0,
            "verb": "of",
            "id": "3_1"
        },
        {
            "source": 3,
            "dest": 6,
            "index": 2,
            "verb": "delay",
            "id": "3_6"
        },
        {
            "source": 3,
            "dest": 11,
            "index": 5,
            "verb": "for",
            "id": "3_11"
        },
        {
            "source": 3,
            "dest": 17,
            "index": 1,
            "verb": "reach",
            "id": "3_17"
        },
        {
            "source": 6,
            "dest": 11,
            "index": 4,
            "verb": "for",
            "id": "6_11"
        },
        {
            "source": 6,
            "dest": 1,
            "index": 3,
            "verb": "of",
            "id": "6_1"
        }
    ],
    "replacement_mapper": {},
    "sentences": [
        {
            "id": 0,
            "text": "GoldenSpy's installer has delayed installation of GoldenSpy for two hours after it reaches a victim system.",
            "svos": [
                {
                    "sub": {
                        "start": 12,
                        "end": 21,
                        "text": "installer",
                        "id": 3,
                        "label": [
                            "FUNCTION"
                        ],
                        "sent_index": 0,
                        "type": "subject",
                        "ids": [
                            3,
                            13
                        ],
                        "texts": [
                            "installer"
                        ]
                    },
                    "verb": {
                        "negation": false,
                        "text": "of",
                        "index": 2,
                        "flag": 0
                    },
                    "obj": {
                        "text": "GoldenSpy",
                        "start": 0,
                        "end": 9,
                        "id": 1,
                        "label": [
                            "ACTOR"
                        ],
                        "sent_index": 0,
                        "type": "object",
                        "ids": [
                            1,
                            8
                        ],
                        "texts": [
                            "GoldenSpy"
                        ],
                        "sub_label": [
                            "MALWARE"
                        ]
                    }
                },
                {
                    "sub": {
                        "start": 80,
                        "end": 82,
                        "text": "it",
                        "id": 13,
                        "label": [
                            "ACTOR"
                        ],
                        "sent_index": 0,
                        "type": "subject"
                    },
                    "verb": {
                        "negation": false,
                        "text": "reach",
                        "index": 3,
                        "flag": 0
                    },
                    "obj": {
                        "start": 93,
                        "end": 106,
                        "text": "victim system",
                        "id": 17,
                        "verbs": [
                            "reach"
                        ],
                        "label": [
                            "COMPONENT"
                        ],
                        "sent_index": 0,
                        "type": "object"
                    }
                },
                {
                    "sub": {
                        "start": 12,
                        "end": 21,
                        "text": "installer",
                        "id": 3,
                        "label": [
                            "FUNCTION"
                        ],
                        "sent_index": 0,
                        "type": "subject"
                    },
                    "verb": {
                        "negation": false,
                        "text": "delay",
                        "index": 4,
                        "flag": 0
                    },
                    "obj": {
                        "start": 34,
                        "end": 46,
                        "text": "installation",
                        "id": 6,
                        "verbs": [
                            "delay"
                        ],
                        "label": [
                            "FUNCTION"
                        ],
                        "sent_index": 0,
                        "type": "object"
                    }
                },
                {
                    "sub": {
                        "start": 34,
                        "end": 46,
                        "text": "installation",
                        "id": 6,
                        "verbs": [
                            "delay"
                        ],
                        "label": [
                            "FUNCTION"
                        ],
                        "sent_index": 0,
                        "type": "subject"
                    },
                    "verb": {
                        "negation": false,
                        "text": "of",
                        "index": 6,
                        "flag": 0
                    },
                    "obj": {
                        "start": 50,
                        "end": 59,
                        "text": "GoldenSpy",
                        "id": 8,
                        "label": [
                            "FUNCTION"
                        ],
                        "sent_index": 0,
                        "type": "object"
                    }
                },
                {
                    "sub": {
                        "start": 34,
                        "end": 46,
                        "text": "installation",
                        "id": 6,
                        "verbs": [
                            "delay"
                        ],
                        "label": [
                            "FUNCTION"
                        ],
                        "sent_index": 0,
                        "type": "subject"
                    },
                    "verb": {
                        "negation": false,
                        "text": "for",
                        "index": 8,
                        "flag": 0
                    },
                    "obj": {
                        "start": 68,
                        "end": 73,
                        "text": "hours",
                        "id": 11,
                        "label": [
                            "DATA"
                        ],
                        "sent_index": 0,
                        "type": "object"
                    }
                },
                {
                    "sub": {
                        "start": 12,
                        "end": 21,
                        "text": "installer",
                        "id": 3,
                        "label": [
                            "FUNCTION"
                        ],
                        "sent_index": 0,
                        "type": "subject"
                    },
                    "verb": {
                        "negation": false,
                        "text": "for",
                        "index": 8,
                        "flag": 0
                    },
                    "obj": {
                        "start": 68,
                        "end": 73,
                        "text": "hours",
                        "id": 11,
                        "label": [
                            "DATA"
                        ],
                        "sent_index": 0,
                        "type": "object"
                    }
                }
            ]
        }
    ],
    "id": "relationship--bd289f02-1354-423e-b5e4-7aca35ec9d8a",
    "tech_id": "T1497.003",
    "location": [],
    "special_id": "T1497.003"
}