{
    "text": "NETWIRE has been executed by convincing victims into clicking malicious links.",
    "graph_nodes": [
        {
            "id": 1,
            "contracted": 0,
            "meta": {
                "start": 0,
                "end": 7,
                "text": "NETWIRE",
                "id": 1,
                "verbs": [
                    "execute"
                ],
                "label": [
                    "ACTOR"
                ],
                "sent_index": 0,
                "type": "object",
                "sub_label": [
                    "MALWARE"
                ]
            }
        },
        {
            "id": 7,
            "contracted": 0,
            "meta": {
                "start": 40,
                "end": 47,
                "text": "victims",
                "id": 7,
                "verbs": [
                    "convince"
                ],
                "label": [
                    "USER"
                ],
                "sent_index": 0,
                "type": "object"
            }
        },
        {
            "id": 11,
            "contracted": 0,
            "meta": {
                "start": 72,
                "end": 77,
                "text": "links",
                "id": 11,
                "verbs": [
                    "click"
                ],
                "label": [
                    "NETWORK"
                ],
                "sent_index": 0,
                "type": "object"
            }
        }
    ],
    "graph_edges": [
        {
            "source": 1,
            "dest": 7,
            "index": 1,
            "verb": "convince",
            "id": "1_7"
        },
        {
            "source": 1,
            "dest": 11,
            "index": 2,
            "verb": "click",
            "id": "1_11"
        }
    ],
    "replacement_mapper": {},
    "sentences": [
        {
            "id": 0,
            "text": "NETWIRE has been executed by convincing victims into clicking malicious links.",
            "svos": [
                {
                    "sub": {
                        "text": "ANY",
                        "start": 0,
                        "end": 0,
                        "label": [
                            "ACTOR"
                        ],
                        "id": 0,
                        "sent_index": 0,
                        "type": "subject"
                    },
                    "verb": {
                        "negation": false,
                        "text": "execute",
                        "index": 3,
                        "flag": 0
                    },
                    "obj": {
                        "start": 0,
                        "end": 7,
                        "text": "NETWIRE",
                        "id": 1,
                        "verbs": [
                            "execute"
                        ],
                        "label": [
                            "ACTOR"
                        ],
                        "sent_index": 0,
                        "type": "object",
                        "sub_label": [
                            "MALWARE"
                        ]
                    }
                },
                {
                    "sub": {
                        "start": 0,
                        "end": 7,
                        "text": "NETWIRE",
                        "id": 1,
                        "verbs": [
                            "execute"
                        ],
                        "label": [
                            "FUNCTION"
                        ],
                        "sent_index": 0,
                        "type": "subject"
                    },
                    "verb": {
                        "negation": false,
                        "text": "convince",
                        "index": 5,
                        "flag": 0
                    },
                    "obj": {
                        "start": 40,
                        "end": 47,
                        "text": "victims",
                        "id": 7,
                        "verbs": [
                            "convince"
                        ],
                        "label": [
                            "USER"
                        ],
                        "sent_index": 0,
                        "type": "object"
                    }
                },
                {
                    "sub": {
                        "start": 0,
                        "end": 7,
                        "text": "NETWIRE",
                        "id": 1,
                        "verbs": [
                            "execute"
                        ],
                        "label": [
                            "FUNCTION"
                        ],
                        "sent_index": 0,
                        "type": "subject"
                    },
                    "verb": {
                        "negation": false,
                        "text": "click",
                        "index": 8,
                        "flag": 0
                    },
                    "obj": {
                        "start": 72,
                        "end": 77,
                        "text": "links",
                        "id": 11,
                        "verbs": [
                            "click"
                        ],
                        "label": [
                            "NETWORK"
                        ],
                        "sent_index": 0,
                        "type": "object"
                    }
                }
            ]
        }
    ],
    "id": "relationship--393317c3-7dd7-487c-a2cb-81dfe4333ea3",
    "tech_id": "T1204.001",
    "location": [],
    "special_id": "T1204.001"
}