{
    "text": "TeamTNT has added batch scripts to the startup folder.",
    "graph_nodes": [
        {
            "id": 1,
            "contracted": 0,
            "meta": {
                "start": 0,
                "end": 7,
                "text": "TeamTNT",
                "id": 1,
                "label": [
                    "ACTOR"
                ],
                "sent_index": 0,
                "type": "subject"
            }
        },
        {
            "id": 5,
            "contracted": 0,
            "meta": {
                "start": 18,
                "end": 31,
                "text": "batch scripts",
                "id": 5,
                "verbs": [
                    "add"
                ],
                "label": [
                    "FUNCTION"
                ],
                "sent_index": 0,
                "type": "object"
            }
        },
        {
            "id": 9,
            "contracted": 0,
            "meta": {
                "start": 39,
                "end": 53,
                "text": "startup folder",
                "id": 9,
                "verbs": [
                    "to"
                ],
                "label": [
                    "DIRECTORY"
                ],
                "sent_index": 0,
                "type": "object"
            }
        }
    ],
    "graph_edges": [
        {
            "source": 1,
            "dest": 5,
            "index": 0,
            "verb": "add",
            "id": "1_5"
        },
        {
            "source": 1,
            "dest": 9,
            "index": 2,
            "verb": "to",
            "id": "1_9"
        },
        {
            "source": 5,
            "dest": 9,
            "index": 1,
            "verb": "to",
            "id": "5_9"
        }
    ],
    "replacement_mapper": {},
    "sentences": [
        {
            "id": 0,
            "text": "TeamTNT has added batch scripts to the startup folder.",
            "svos": [
                {
                    "sub": {
                        "start": 0,
                        "end": 7,
                        "text": "TeamTNT",
                        "id": 1,
                        "label": [
                            "ACTOR"
                        ],
                        "sent_index": 0,
                        "type": "subject"
                    },
                    "verb": {
                        "negation": false,
                        "text": "add",
                        "index": 2,
                        "flag": 0
                    },
                    "obj": {
                        "start": 18,
                        "end": 31,
                        "text": "batch scripts",
                        "id": 5,
                        "verbs": [
                            "add"
                        ],
                        "label": [
                            "FUNCTION"
                        ],
                        "sent_index": 0,
                        "type": "object"
                    }
                },
                {
                    "sub": {
                        "start": 18,
                        "end": 31,
                        "text": "batch scripts",
                        "id": 5,
                        "verbs": [
                            "add"
                        ],
                        "label": [
                            "FUNCTION"
                        ],
                        "sent_index": 0,
                        "type": "subject"
                    },
                    "verb": {
                        "negation": false,
                        "text": "to",
                        "index": 5,
                        "flag": 0
                    },
                    "obj": {
                        "start": 39,
                        "end": 53,
                        "text": "startup folder",
                        "id": 9,
                        "verbs": [
                            "to"
                        ],
                        "label": [
                            "DIRECTORY"
                        ],
                        "sent_index": 0,
                        "type": "object"
                    }
                },
                {
                    "sub": {
                        "start": 0,
                        "end": 7,
                        "text": "TeamTNT",
                        "id": 1,
                        "label": [
                            "ACTOR"
                        ],
                        "sent_index": 0,
                        "type": "subject"
                    },
                    "verb": {
                        "negation": false,
                        "text": "to",
                        "index": 5,
                        "flag": 0
                    },
                    "obj": {
                        "start": 39,
                        "end": 53,
                        "text": "startup folder",
                        "id": 9,
                        "verbs": [
                            "to"
                        ],
                        "label": [
                            "DIRECTORY"
                        ],
                        "sent_index": 0,
                        "type": "object"
                    }
                }
            ]
        }
    ],
    "id": "relationship--19bede58-549b-4e7d-b206-6045370b9995",
    "tech_id": "T1547.001",
    "location": [],
    "special_id": "T1547.001"
}