{
    "text": "StoneDrill can obtain the current date and time of the victim machine.",
    "graph_nodes": [
        {
            "id": 1,
            "contracted": 0,
            "meta": {
                "start": 0,
                "end": 10,
                "text": "StoneDrill",
                "id": 1,
                "label": [
                    "ACTOR"
                ],
                "sent_index": 0,
                "type": "subject",
                "sub_label": [
                    "MALWARE"
                ]
            }
        },
        {
            "id": 6,
            "contracted": 0,
            "meta": {
                "start": 34,
                "end": 38,
                "text": "date",
                "id": 6,
                "verbs": [
                    "obtain"
                ],
                "label": [
                    "DATA"
                ],
                "sent_index": 0,
                "type": "object",
                "texts": [
                    "time",
                    "date"
                ]
            }
        },
        {
            "id": 12,
            "contracted": 0,
            "meta": {
                "start": 55,
                "end": 69,
                "text": "victim machine",
                "id": 12,
                "label": [
                    "COMPONENT"
                ],
                "sent_index": 0,
                "type": "object"
            }
        }
    ],
    "graph_edges": [
        {
            "source": 1,
            "dest": 6,
            "index": 0,
            "verb": "obtain",
            "id": "1_6"
        },
        {
            "source": 6,
            "dest": 12,
            "index": 2,
            "verb": "of",
            "id": "6_12"
        }
    ],
    "replacement_mapper": {},
    "sentences": [
        {
            "id": 0,
            "text": "StoneDrill can obtain the current date and time of the victim machine.",
            "svos": [
                {
                    "sub": {
                        "start": 0,
                        "end": 10,
                        "text": "StoneDrill",
                        "id": 1,
                        "label": [
                            "ACTOR"
                        ],
                        "sent_index": 0,
                        "type": "subject",
                        "sub_label": [
                            "MALWARE"
                        ]
                    },
                    "verb": {
                        "negation": false,
                        "text": "obtain",
                        "index": 2,
                        "flag": 0
                    },
                    "obj": {
                        "start": 34,
                        "end": 38,
                        "text": "date",
                        "id": 6,
                        "verbs": [
                            "obtain"
                        ],
                        "label": [
                            "DATA"
                        ],
                        "sent_index": 0,
                        "type": "object",
                        "texts": [
                            "time",
                            "date"
                        ]
                    }
                },
                {
                    "sub": {
                        "start": 0,
                        "end": 10,
                        "text": "StoneDrill",
                        "id": 1,
                        "label": [
                            "FUNCTION"
                        ],
                        "sent_index": 0,
                        "type": "subject"
                    },
                    "verb": {
                        "negation": false,
                        "text": "obtain",
                        "index": 2,
                        "flag": 0
                    },
                    "obj": {
                        "start": 43,
                        "end": 47,
                        "text": "time",
                        "id": 8,
                        "verbs": [
                            "obtain"
                        ],
                        "label": [
                            "DATA"
                        ],
                        "sent_index": 0,
                        "type": "object"
                    }
                },
                {
                    "sub": {
                        "start": 34,
                        "end": 38,
                        "text": "date",
                        "id": 6,
                        "verbs": [
                            "obtain",
                            "obtain"
                        ],
                        "label": [
                            "DATA"
                        ],
                        "sent_index": 0,
                        "type": "subject"
                    },
                    "verb": {
                        "negation": false,
                        "text": "of",
                        "index": 8,
                        "flag": 0
                    },
                    "obj": {
                        "start": 55,
                        "end": 69,
                        "text": "victim machine",
                        "id": 12,
                        "label": [
                            "COMPONENT"
                        ],
                        "sent_index": 0,
                        "type": "object"
                    }
                }
            ]
        }
    ],
    "id": "relationship--54399f5a-a8ee-4f77-a363-23dd0033af12",
    "tech_id": "T1124",
    "location": [],
    "special_id": "T1124"
}