{
    "text": "HEXANE has used a VisualBasic script named MicrosoftUpdator.vbs for execution of a PowerShell keylogger.",
    "graph_nodes": [
        {
            "id": 1,
            "contracted": 0,
            "meta": {
                "start": 0,
                "end": 6,
                "text": "HEXANE",
                "id": 1,
                "label": [
                    "ACTOR"
                ],
                "sent_index": 0,
                "type": "subject",
                "texts": [
                    "HEXANE"
                ]
            }
        },
        {
            "id": 6,
            "contracted": 0,
            "meta": {
                "start": 18,
                "end": 36,
                "text": "VisualBasic script",
                "id": 6,
                "verbs": [
                    "use"
                ],
                "label": [
                    "FUNCTION"
                ],
                "sent_index": 0,
                "type": "object",
                "texts": [
                    "VisualBasic script",
                    "MicrosoftUpdator.vbs"
                ]
            }
        },
        {
            "id": 9,
            "contracted": 0,
            "meta": {
                "text": "command",
                "start": 68,
                "end": 77,
                "id": 9,
                "verbs": [
                    "execute"
                ],
                "label": [
                    "FUNCTION"
                ],
                "sent_index": 0,
                "type": "object"
            }
        },
        {
            "id": 14,
            "contracted": 0,
            "meta": {
                "start": 83,
                "end": 103,
                "text": "PowerShell keylogger",
                "id": 14,
                "label": [
                    "FUNCTION"
                ],
                "sent_index": 0,
                "type": "object"
            }
        }
    ],
    "graph_edges": [
        {
            "source": 1,
            "dest": 6,
            "index": 0,
            "verb": "use",
            "id": "1_6"
        },
        {
            "source": 1,
            "dest": 9,
            "index": 4,
            "verb": "execute",
            "id": "1_9"
        }
    ],
    "replacement_mapper": {},
    "sentences": [
        {
            "id": 0,
            "text": "HEXANE has used a VisualBasic script named MicrosoftUpdator.vbs for execution of a PowerShell keylogger.",
            "svos": [
                {
                    "sub": {
                        "start": 0,
                        "end": 6,
                        "text": "HEXANE",
                        "id": 1,
                        "label": [
                            "ACTOR"
                        ],
                        "sent_index": 0,
                        "type": "subject",
                        "texts": [
                            "HEXANE"
                        ]
                    },
                    "verb": {
                        "negation": false,
                        "text": "use",
                        "index": 2,
                        "flag": 0
                    },
                    "obj": {
                        "start": 18,
                        "end": 36,
                        "text": "VisualBasic script",
                        "id": 6,
                        "verbs": [
                            "use"
                        ],
                        "label": [
                            "FUNCTION"
                        ],
                        "sent_index": 0,
                        "type": "object",
                        "texts": [
                            "VisualBasic script",
                            "MicrosoftUpdator.vbs"
                        ]
                    }
                },
                {
                    "sub": {
                        "start": 18,
                        "end": 36,
                        "text": "VisualBasic script",
                        "id": 6,
                        "verbs": [
                            "use"
                        ],
                        "label": [
                            "FUNCTION"
                        ],
                        "sent_index": 0,
                        "type": "subject"
                    },
                    "verb": {
                        "negation": false,
                        "text": "name",
                        "index": 6,
                        "flag": 1
                    },
                    "obj": {
                        "start": 43,
                        "end": 63,
                        "text": "MicrosoftUpdator.vbs",
                        "id": 8,
                        "verbs": [
                            "name"
                        ],
                        "label": [
                            "FUNCTION"
                        ],
                        "sent_index": 0,
                        "type": "object"
                    }
                },
                {
                    "sub": {
                        "start": 18,
                        "end": 36,
                        "text": "VisualBasic script",
                        "id": 6,
                        "verbs": [
                            "use"
                        ],
                        "label": [
                            "FUNCTION"
                        ],
                        "sent_index": 0,
                        "type": "subject"
                    },
                    "verb": {
                        "negation": false,
                        "text": "for",
                        "index": 8,
                        "flag": 0
                    },
                    "obj": {
                        "start": 68,
                        "end": 77,
                        "text": "execution",
                        "id": 10,
                        "label": [
                            "FUNCTION"
                        ],
                        "sent_index": 0,
                        "type": "object"
                    }
                },
                {
                    "sub": {
                        "start": 0,
                        "end": 6,
                        "text": "HEXANE",
                        "id": 1,
                        "label": [
                            "ACTOR"
                        ],
                        "sent_index": 0,
                        "type": "subject"
                    },
                    "verb": {
                        "negation": false,
                        "text": "for",
                        "index": 8,
                        "flag": 0
                    },
                    "obj": {
                        "start": 68,
                        "end": 77,
                        "text": "execution",
                        "id": 10,
                        "label": [
                            "FUNCTION"
                        ],
                        "sent_index": 0,
                        "type": "object"
                    }
                },
                {
                    "sub": {
                        "text": "ANY",
                        "start": 0,
                        "end": 0,
                        "label": [
                            "ACTOR"
                        ],
                        "id": 0,
                        "sent_index": 0,
                        "type": "subject"
                    },
                    "verb": {
                        "negation": false,
                        "text": "execute",
                        "index": 9,
                        "flag": 0
                    },
                    "obj": {
                        "text": "command",
                        "start": 68,
                        "end": 77,
                        "id": 9,
                        "verbs": [
                            "execute"
                        ],
                        "label": [
                            "FUNCTION"
                        ],
                        "sent_index": 0,
                        "type": "object"
                    }
                },
                {
                    "sub": {
                        "start": 68,
                        "end": 77,
                        "text": "execution",
                        "id": 10,
                        "label": [
                            "FUNCTION"
                        ],
                        "sent_index": 0,
                        "type": "subject"
                    },
                    "verb": {
                        "negation": false,
                        "text": "of",
                        "index": 10,
                        "flag": 0
                    },
                    "obj": {
                        "start": 83,
                        "end": 103,
                        "text": "PowerShell keylogger",
                        "id": 14,
                        "label": [
                            "FUNCTION"
                        ],
                        "sent_index": 0,
                        "type": "object"
                    }
                }
            ]
        }
    ],
    "id": "relationship--d5d91a04-cdc9-404b-9c8f-7e91a266185d",
    "tech_id": "T1059.005",
    "location": [],
    "special_id": "T1059.005"
}