{
    "text": "threat actors used ProcDump to dump credentials from memory.",
    "graph_nodes": [
        {
            "id": 2,
            "contracted": 0,
            "meta": {
                "start": 0,
                "end": 13,
                "text": "threat actors",
                "id": 2,
                "label": [
                    "ACTOR"
                ],
                "sent_index": 0,
                "type": "subject"
            }
        },
        {
            "id": 4,
            "contracted": 0,
            "meta": {
                "start": 19,
                "end": 27,
                "text": "ProcDump",
                "id": 4,
                "verbs": [
                    "use"
                ],
                "label": [
                    "FUNCTION"
                ],
                "sent_index": 0,
                "type": "object"
            }
        },
        {
            "id": 7,
            "contracted": 0,
            "meta": {
                "start": 36,
                "end": 47,
                "text": "credentials",
                "id": 7,
                "verbs": [
                    "dump"
                ],
                "label": [
                    "DATA"
                ],
                "sent_index": 0,
                "type": "object"
            }
        },
        {
            "id": 9,
            "contracted": 0,
            "meta": {
                "start": 53,
                "end": 59,
                "text": "memory",
                "id": 9,
                "verbs": [
                    "from"
                ],
                "label": [
                    "DATA"
                ],
                "sent_index": 0,
                "type": "object"
            }
        }
    ],
    "graph_edges": [
        {
            "source": 2,
            "dest": 4,
            "index": 0,
            "verb": "use",
            "id": "2_4"
        },
        {
            "source": 2,
            "dest": 7,
            "index": 1,
            "verb": "dump",
            "id": "2_7"
        },
        {
            "source": 7,
            "dest": 9,
            "index": 2,
            "verb": "from",
            "id": "7_9"
        }
    ],
    "replacement_mapper": {},
    "sentences": [
        {
            "id": 0,
            "text": "threat actors used ProcDump to dump credentials from memory.",
            "svos": [
                {
                    "sub": {
                        "start": 0,
                        "end": 13,
                        "text": "threat actors",
                        "id": 2,
                        "label": [
                            "ACTOR"
                        ],
                        "sent_index": 0,
                        "type": "subject"
                    },
                    "verb": {
                        "negation": false,
                        "text": "use",
                        "index": 2,
                        "flag": 0
                    },
                    "obj": {
                        "start": 19,
                        "end": 27,
                        "text": "ProcDump",
                        "id": 4,
                        "verbs": [
                            "use"
                        ],
                        "label": [
                            "FUNCTION"
                        ],
                        "sent_index": 0,
                        "type": "object"
                    }
                },
                {
                    "sub": {
                        "start": 0,
                        "end": 13,
                        "text": "threat actors",
                        "id": 2,
                        "label": [
                            "ACTOR"
                        ],
                        "sent_index": 0,
                        "type": "subject"
                    },
                    "verb": {
                        "negation": false,
                        "text": "dump",
                        "index": 5,
                        "flag": 0
                    },
                    "obj": {
                        "start": 36,
                        "end": 47,
                        "text": "credentials",
                        "id": 7,
                        "verbs": [
                            "dump"
                        ],
                        "label": [
                            "DATA"
                        ],
                        "sent_index": 0,
                        "type": "object"
                    }
                },
                {
                    "sub": {
                        "start": 36,
                        "end": 47,
                        "text": "credentials",
                        "id": 7,
                        "verbs": [
                            "dump"
                        ],
                        "label": [
                            "DATA"
                        ],
                        "sent_index": 0,
                        "type": "subject"
                    },
                    "verb": {
                        "negation": false,
                        "text": "from",
                        "index": 7,
                        "flag": 0
                    },
                    "obj": {
                        "start": 53,
                        "end": 59,
                        "text": "memory",
                        "id": 9,
                        "verbs": [
                            "from"
                        ],
                        "label": [
                            "DATA"
                        ],
                        "sent_index": 0,
                        "type": "object"
                    }
                }
            ]
        }
    ],
    "id": "relationship--02a05d88-504c-4b79-bc55-1174b02e62c2",
    "tech_id": "T1003.001",
    "location": [],
    "special_id": "T1003.001"
}