{
    "text": "PoetRAT can compress files with zip.",
    "graph_nodes": [
        {
            "id": 1,
            "contracted": 0,
            "meta": {
                "start": 0,
                "end": 7,
                "text": "PoetRAT",
                "id": 1,
                "label": [
                    "ACTOR"
                ],
                "sent_index": 0,
                "type": "subject",
                "sub_label": [
                    "MALWARE"
                ]
            }
        },
        {
            "id": 4,
            "contracted": 0,
            "meta": {
                "start": 21,
                "end": 26,
                "text": "files",
                "id": 4,
                "verbs": [
                    "compress"
                ],
                "label": [
                    "DATA"
                ],
                "sent_index": 0,
                "type": "object"
            }
        },
        {
            "id": 6,
            "contracted": 0,
            "meta": {
                "start": 32,
                "end": 35,
                "text": "zip",
                "id": 6,
                "verbs": [
                    "with"
                ],
                "label": [
                    "ENCRYPTION"
                ],
                "sent_index": 0,
                "type": "object"
            }
        }
    ],
    "graph_edges": [
        {
            "source": 1,
            "dest": 4,
            "index": 0,
            "verb": "compress",
            "id": "1_4"
        },
        {
            "source": 1,
            "dest": 6,
            "index": 2,
            "verb": "with",
            "id": "1_6"
        },
        {
            "source": 4,
            "dest": 6,
            "index": 1,
            "verb": "with",
            "id": "4_6"
        }
    ],
    "replacement_mapper": {},
    "sentences": [
        {
            "id": 0,
            "text": "PoetRAT can compress files with zip.",
            "svos": [
                {
                    "sub": {
                        "start": 0,
                        "end": 7,
                        "text": "PoetRAT",
                        "id": 1,
                        "label": [
                            "ACTOR"
                        ],
                        "sent_index": 0,
                        "type": "subject",
                        "sub_label": [
                            "MALWARE"
                        ]
                    },
                    "verb": {
                        "negation": false,
                        "text": "compress",
                        "index": 2,
                        "flag": 0
                    },
                    "obj": {
                        "start": 21,
                        "end": 26,
                        "text": "files",
                        "id": 4,
                        "verbs": [
                            "compress"
                        ],
                        "label": [
                            "DATA"
                        ],
                        "sent_index": 0,
                        "type": "object"
                    }
                },
                {
                    "sub": {
                        "start": 21,
                        "end": 26,
                        "text": "files",
                        "id": 4,
                        "verbs": [
                            "compress"
                        ],
                        "label": [
                            "DATA"
                        ],
                        "sent_index": 0,
                        "type": "subject"
                    },
                    "verb": {
                        "negation": false,
                        "text": "with",
                        "index": 4,
                        "flag": 0
                    },
                    "obj": {
                        "start": 32,
                        "end": 35,
                        "text": "zip",
                        "id": 6,
                        "verbs": [
                            "with"
                        ],
                        "label": [
                            "ENCRYPTION"
                        ],
                        "sent_index": 0,
                        "type": "object"
                    }
                },
                {
                    "sub": {
                        "start": 0,
                        "end": 7,
                        "text": "PoetRAT",
                        "id": 1,
                        "label": [
                            "FUNCTION"
                        ],
                        "sent_index": 0,
                        "type": "subject"
                    },
                    "verb": {
                        "negation": false,
                        "text": "with",
                        "index": 4,
                        "flag": 0
                    },
                    "obj": {
                        "start": 32,
                        "end": 35,
                        "text": "zip",
                        "id": 6,
                        "verbs": [
                            "with"
                        ],
                        "label": [
                            "ENCRYPTION"
                        ],
                        "sent_index": 0,
                        "type": "object"
                    }
                }
            ]
        }
    ],
    "id": "relationship--f64733fd-acc7-4570-90ee-79c117c37d7e",
    "tech_id": "T1560.001",
    "location": [],
    "special_id": "T1560.001"
}