{
    "text": "SynAck lists all the keyboard layouts installed on the victim's system using GetKeyboardLayoutList API and checks against a hardcoded language code list. If a match if found, SynAck sleeps for 300 seconds and then exits without encrypting files.",
    "graph_nodes": [
        {
            "id": 1,
            "contracted": 0,
            "meta": {
                "start": 0,
                "end": 6,
                "text": "SynAck",
                "id": 1,
                "label": [
                    "ACTOR"
                ],
                "sent_index": 0,
                "type": "subject",
                "ids": [
                    1,
                    1007
                ],
                "texts": [
                    "SynAck"
                ],
                "sub_label": [
                    "MALWARE"
                ]
            }
        },
        {
            "id": 6,
            "contracted": 0,
            "meta": {
                "start": 21,
                "end": 37,
                "text": "keyboard layouts",
                "id": 6,
                "verbs": [
                    "list"
                ],
                "label": [
                    "DATA"
                ],
                "sent_index": 0,
                "type": "object"
            }
        },
        {
            "id": 10,
            "contracted": 0,
            "meta": {
                "text": "victim",
                "start": 55,
                "end": 61,
                "id": 10,
                "label": [
                    "USER"
                ],
                "sent_index": 0,
                "type": "object"
            }
        },
        {
            "id": 12,
            "contracted": 0,
            "meta": {
                "start": 64,
                "end": 70,
                "text": "system",
                "id": 12,
                "verbs": [
                    "instal"
                ],
                "label": [
                    "COMPONENT"
                ],
                "sent_index": 0,
                "type": "object"
            }
        },
        {
            "id": 15,
            "contracted": 0,
            "meta": {
                "start": 77,
                "end": 102,
                "text": "GetKeyboardLayoutList API",
                "id": 15,
                "verbs": [
                    "use"
                ],
                "label": [
                    "FUNCTION"
                ],
                "sent_index": 0,
                "type": "object"
            }
        },
        {
            "id": 23,
            "contracted": 0,
            "meta": {
                "start": 124,
                "end": 152,
                "text": "hardcoded language code list",
                "id": 23,
                "verbs": [
                    "check"
                ],
                "label": [
                    "DATA"
                ],
                "sent_index": 0,
                "type": "object"
            }
        },
        {
            "id": 1011,
            "contracted": 0,
            "meta": {
                "start": 39,
                "end": 50,
                "text": "300 seconds",
                "id": 11,
                "verbs": [
                    "sleep"
                ],
                "label": [
                    "DATA"
                ],
                "sent_index": 1,
                "type": "object"
            }
        },
        {
            "id": 1017,
            "contracted": 0,
            "meta": {
                "start": 85,
                "end": 90,
                "text": "files",
                "id": 17,
                "verbs": [
                    "encrypt"
                ],
                "label": [
                    "DATA"
                ],
                "sent_index": 1,
                "type": "object"
            }
        }
    ],
    "graph_edges": [
        {
            "source": 1,
            "dest": 6,
            "index": 0,
            "verb": "list",
            "id": "1_6"
        },
        {
            "source": 1,
            "dest": 15,
            "index": 4,
            "verb": "use",
            "id": "1_15"
        },
        {
            "source": 1,
            "dest": 23,
            "index": 6,
            "verb": "against",
            "id": "1_23"
        },
        {
            "source": 1,
            "dest": 1011,
            "index": 8,
            "verb": "for",
            "id": "1_1011"
        },
        {
            "source": 1,
            "dest": 1017,
            "index": 9,
            "verb": "encrypt",
            "id": "1_1017"
        },
        {
            "source": 6,
            "dest": 12,
            "index": 2,
            "verb": "instal on",
            "id": "6_12"
        },
        {
            "source": 12,
            "dest": 10,
            "index": 3,
            "verb": "of",
            "id": "12_10"
        }
    ],
    "replacement_mapper": {},
    "sentences": [
        {
            "id": 0,
            "text": "SynAck lists all the keyboard layouts installed on the victim's system using GetKeyboardLayoutList API and checks against a hardcoded language code list.",
            "svos": [
                {
                    "sub": {
                        "start": 0,
                        "end": 6,
                        "text": "SynAck",
                        "id": 1,
                        "label": [
                            "ACTOR"
                        ],
                        "sent_index": 0,
                        "type": "subject",
                        "ids": [
                            1,
                            1007
                        ],
                        "texts": [
                            "SynAck"
                        ],
                        "sub_label": [
                            "MALWARE"
                        ]
                    },
                    "verb": {
                        "negation": false,
                        "text": "list",
                        "index": 1,
                        "flag": 0
                    },
                    "obj": {
                        "start": 21,
                        "end": 37,
                        "text": "keyboard layouts",
                        "id": 6,
                        "verbs": [
                            "list"
                        ],
                        "label": [
                            "DATA"
                        ],
                        "sent_index": 0,
                        "type": "object"
                    }
                },
                {
                    "sub": {
                        "start": 21,
                        "end": 37,
                        "text": "keyboard layouts",
                        "id": 6,
                        "verbs": [
                            "list"
                        ],
                        "label": [
                            "DATA"
                        ],
                        "sent_index": 0,
                        "type": "subject"
                    },
                    "verb": {
                        "negation": false,
                        "text": "instal",
                        "index": 6,
                        "flag": 0
                    },
                    "obj": {
                        "start": 64,
                        "end": 70,
                        "text": "system",
                        "id": 12,
                        "verbs": [
                            "instal"
                        ],
                        "label": [
                            "COMPONENT"
                        ],
                        "sent_index": 0,
                        "type": "object"
                    }
                },
                {
                    "sub": {
                        "start": 21,
                        "end": 37,
                        "text": "keyboard layouts",
                        "id": 6,
                        "verbs": [
                            "list"
                        ],
                        "label": [
                            "DATA"
                        ],
                        "sent_index": 0,
                        "type": "subject"
                    },
                    "verb": {
                        "negation": false,
                        "text": "instal on",
                        "index": 6,
                        "flag": 0
                    },
                    "obj": {
                        "start": 64,
                        "end": 70,
                        "text": "system",
                        "id": 12,
                        "verbs": [
                            "instal on"
                        ],
                        "label": [
                            "COMPONENT"
                        ],
                        "sent_index": 0,
                        "type": "object"
                    }
                },
                {
                    "sub": {
                        "start": 64,
                        "end": 70,
                        "text": "system",
                        "id": 12,
                        "verbs": [
                            "instal"
                        ],
                        "label": [
                            "COMPONENT"
                        ],
                        "sent_index": 0,
                        "type": "subject"
                    },
                    "verb": {
                        "negation": false,
                        "text": "of",
                        "index": 11,
                        "flag": 0
                    },
                    "obj": {
                        "text": "victim",
                        "start": 55,
                        "end": 61,
                        "id": 10,
                        "label": [
                            "USER"
                        ],
                        "sent_index": 0,
                        "type": "object"
                    }
                },
                {
                    "sub": {
                        "start": 0,
                        "end": 6,
                        "text": "SynAck",
                        "id": 1,
                        "label": [
                            "FUNCTION"
                        ],
                        "sent_index": 0,
                        "type": "subject"
                    },
                    "verb": {
                        "negation": false,
                        "text": "use",
                        "index": 12,
                        "flag": 0
                    },
                    "obj": {
                        "start": 77,
                        "end": 102,
                        "text": "GetKeyboardLayoutList API",
                        "id": 15,
                        "verbs": [
                            "use"
                        ],
                        "label": [
                            "FUNCTION"
                        ],
                        "sent_index": 0,
                        "type": "object"
                    }
                },
                {
                    "sub": {
                        "start": 0,
                        "end": 6,
                        "text": "SynAck",
                        "id": 1,
                        "label": [
                            "FUNCTION"
                        ],
                        "sent_index": 0,
                        "type": "subject"
                    },
                    "verb": {
                        "negation": false,
                        "text": "check",
                        "index": 16,
                        "flag": 0
                    },
                    "obj": {
                        "start": 124,
                        "end": 152,
                        "text": "hardcoded language code list",
                        "id": 23,
                        "verbs": [
                            "check"
                        ],
                        "label": [
                            "DATA"
                        ],
                        "sent_index": 0,
                        "type": "object"
                    }
                },
                {
                    "sub": {
                        "start": 0,
                        "end": 6,
                        "text": "SynAck",
                        "id": 1,
                        "label": [
                            "FUNCTION"
                        ],
                        "sent_index": 0,
                        "type": "subject"
                    },
                    "verb": {
                        "negation": false,
                        "text": "against",
                        "index": 17,
                        "flag": 0
                    },
                    "obj": {
                        "start": 124,
                        "end": 152,
                        "text": "hardcoded language code list",
                        "id": 23,
                        "verbs": [
                            "against"
                        ],
                        "label": [
                            "DATA"
                        ],
                        "sent_index": 0,
                        "type": "object"
                    }
                }
            ]
        },
        {
            "id": 1,
            "text": "If a match if found, SynAck sleeps for 300 seconds and then exits without encrypting files.",
            "svos": [
                {
                    "sub": {
                        "start": 21,
                        "end": 27,
                        "text": "SynAck",
                        "id": 7,
                        "label": [
                            "FUNCTION"
                        ],
                        "sent_index": 1,
                        "type": "subject"
                    },
                    "verb": {
                        "negation": false,
                        "text": "sleep",
                        "index": 7,
                        "flag": 0
                    },
                    "obj": {
                        "start": 39,
                        "end": 50,
                        "text": "300 seconds",
                        "id": 11,
                        "verbs": [
                            "sleep"
                        ],
                        "label": [
                            "DATA"
                        ],
                        "sent_index": 1,
                        "type": "object"
                    }
                },
                {
                    "sub": {
                        "start": 21,
                        "end": 27,
                        "text": "SynAck",
                        "id": 7,
                        "label": [
                            "FUNCTION"
                        ],
                        "sent_index": 1,
                        "type": "subject"
                    },
                    "verb": {
                        "negation": false,
                        "text": "for",
                        "index": 8,
                        "flag": 0
                    },
                    "obj": {
                        "start": 39,
                        "end": 50,
                        "text": "300 seconds",
                        "id": 11,
                        "verbs": [
                            "sleep"
                        ],
                        "label": [
                            "DATA"
                        ],
                        "sent_index": 1,
                        "type": "object"
                    }
                },
                {
                    "sub": {
                        "start": 21,
                        "end": 27,
                        "text": "SynAck",
                        "id": 7,
                        "label": [
                            "FUNCTION"
                        ],
                        "sent_index": 1,
                        "type": "subject"
                    },
                    "verb": {
                        "negation": false,
                        "text": "encrypt",
                        "index": 15,
                        "flag": 0
                    },
                    "obj": {
                        "start": 85,
                        "end": 90,
                        "text": "files",
                        "id": 17,
                        "verbs": [
                            "encrypt"
                        ],
                        "label": [
                            "DATA"
                        ],
                        "sent_index": 1,
                        "type": "object"
                    }
                }
            ]
        }
    ],
    "id": "relationship--cfed60a3-c288-4c12-bfe2-2c0234a3cfa7",
    "tech_id": "T1614.001",
    "location": [],
    "special_id": "T1614.001"
}