{
    "text": "Emotet is injecting in to Explorer.exe and other processes.",
    "graph_nodes": [
        {
            "id": 1,
            "contracted": 0,
            "meta": {
                "start": 0,
                "end": 6,
                "text": "Emotet",
                "id": 1,
                "label": [
                    "ACTOR"
                ],
                "sent_index": 0,
                "type": "subject",
                "sub_label": [
                    "MALWARE"
                ]
            }
        },
        {
            "id": 6,
            "contracted": 0,
            "meta": {
                "start": 26,
                "end": 38,
                "text": "Explorer.exe",
                "id": 6,
                "verbs": [
                    "to"
                ],
                "label": [
                    "FUNCTION"
                ],
                "sent_index": 0,
                "type": "object"
            }
        }
    ],
    "graph_edges": [
        {
            "source": 1,
            "dest": 6,
            "index": 0,
            "verb": "to",
            "id": "1_6"
        }
    ],
    "replacement_mapper": {},
    "sentences": [
        {
            "id": 0,
            "text": "Emotet is injecting in to Explorer.exe and other processes.",
            "svos": [
                {
                    "sub": {
                        "start": 0,
                        "end": 6,
                        "text": "Emotet",
                        "id": 1,
                        "label": [
                            "ACTOR"
                        ],
                        "sent_index": 0,
                        "type": "subject",
                        "sub_label": [
                            "MALWARE"
                        ]
                    },
                    "verb": {
                        "negation": false,
                        "text": "to",
                        "index": 4,
                        "flag": 0
                    },
                    "obj": {
                        "start": 26,
                        "end": 38,
                        "text": "Explorer.exe",
                        "id": 6,
                        "verbs": [
                            "to"
                        ],
                        "label": [
                            "FUNCTION"
                        ],
                        "sent_index": 0,
                        "type": "object"
                    }
                }
            ]
        }
    ],
    "id": "relationship--e834920f-bc30-458e-b56e-80947d3a7c6e",
    "tech_id": "T1055.001",
    "location": [],
    "special_id": "T1055.001"
}