{
    "text": "DarkHydrus has used ENTITY0 to conceal PowerShell windows.",
    "graph_nodes": [
        {
            "id": 1,
            "contracted": 0,
            "meta": {
                "start": 0,
                "end": 10,
                "text": "DarkHydrus",
                "id": 1,
                "label": [
                    "ACTOR"
                ],
                "sent_index": 0,
                "type": "subject"
            }
        },
        {
            "id": 4,
            "contracted": 0,
            "meta": {
                "start": 20,
                "end": 27,
                "text": "-WindowStyle Hidden",
                "id": 4,
                "verbs": [
                    "use"
                ],
                "label": [
                    "OTHER"
                ],
                "sent_index": 0,
                "type": "object"
            }
        },
        {
            "id": 8,
            "contracted": 0,
            "meta": {
                "start": 39,
                "end": 57,
                "text": "PowerShell windows",
                "id": 8,
                "verbs": [
                    "conceal"
                ],
                "label": [
                    "COMPONENT"
                ],
                "sent_index": 0,
                "type": "object"
            }
        }
    ],
    "graph_edges": [
        {
            "source": 1,
            "dest": 4,
            "index": 0,
            "verb": "use",
            "id": "1_4"
        },
        {
            "source": 1,
            "dest": 8,
            "index": 1,
            "verb": "conceal",
            "id": "1_8"
        }
    ],
    "replacement_mapper": {
        "ENTITY0": {
            "text": "-WindowStyle Hidden",
            "label": "OTHER"
        }
    },
    "sentences": [
        {
            "id": 0,
            "text": "DarkHydrus has used -WindowStyle Hidden to conceal PowerShell windows.",
            "svos": [
                {
                    "sub": {
                        "start": 0,
                        "end": 10,
                        "text": "DarkHydrus",
                        "id": 1,
                        "label": [
                            "ACTOR"
                        ],
                        "sent_index": 0,
                        "type": "subject"
                    },
                    "verb": {
                        "negation": false,
                        "text": "use",
                        "index": 2,
                        "flag": 0
                    },
                    "obj": {
                        "start": 20,
                        "end": 27,
                        "text": "-WindowStyle Hidden",
                        "id": 4,
                        "verbs": [
                            "use"
                        ],
                        "label": [
                            "OTHER"
                        ],
                        "sent_index": 0,
                        "type": "object"
                    }
                },
                {
                    "sub": {
                        "start": 0,
                        "end": 10,
                        "text": "DarkHydrus",
                        "id": 1,
                        "label": [
                            "ACTOR"
                        ],
                        "sent_index": 0,
                        "type": "subject"
                    },
                    "verb": {
                        "negation": false,
                        "text": "conceal",
                        "index": 5,
                        "flag": 0
                    },
                    "obj": {
                        "start": 39,
                        "end": 57,
                        "text": "PowerShell windows",
                        "id": 8,
                        "verbs": [
                            "conceal"
                        ],
                        "label": [
                            "COMPONENT"
                        ],
                        "sent_index": 0,
                        "type": "object"
                    }
                }
            ]
        }
    ],
    "id": "relationship--ab3cf933-236f-4255-9ca6-24826f9bbe99",
    "tech_id": "T1564.003",
    "location": [],
    "special_id": "T1564.003"
}