{
    "text": "Bumblebee can search for designated file paths and Registry keys that indicate a virtualized environment from multiple products.",
    "graph_nodes": [
        {
            "id": 1,
            "contracted": 0,
            "meta": {
                "start": 0,
                "end": 9,
                "text": "Bumblebee",
                "id": 1,
                "label": [
                    "ACTOR"
                ],
                "sent_index": 0,
                "type": "subject",
                "sub_label": [
                    "MALWARE"
                ]
            }
        },
        {
            "id": 7,
            "contracted": 0,
            "meta": {
                "start": 25,
                "end": 46,
                "text": "designated file paths",
                "id": 7,
                "verbs": [
                    "search"
                ],
                "label": [
                    "DIRECTORY",
                    "REGISTRY"
                ],
                "sent_index": 0,
                "type": "object",
                "texts": [
                    "designated file paths",
                    "Registry keys"
                ]
            }
        },
        {
            "id": 11,
            "contracted": 0,
            "meta": {
                "text": "that",
                "start": 65,
                "end": 69,
                "id": 11,
                "label": [
                    "OTHER"
                ],
                "sent_index": 0,
                "type": "subject"
            }
        },
        {
            "id": 15,
            "contracted": 0,
            "meta": {
                "start": 81,
                "end": 104,
                "text": "virtualized environment",
                "id": 15,
                "verbs": [
                    "indicate"
                ],
                "label": [
                    "COMPONENT"
                ],
                "sent_index": 0,
                "type": "object"
            }
        },
        {
            "id": 18,
            "contracted": 0,
            "meta": {
                "start": 119,
                "end": 127,
                "text": "products",
                "id": 18,
                "verbs": [
                    "from"
                ],
                "label": [
                    "FUNCTION"
                ],
                "sent_index": 0,
                "type": "object"
            }
        }
    ],
    "graph_edges": [
        {
            "source": 1,
            "dest": 7,
            "index": 2,
            "verb": "for",
            "id": "1_7"
        },
        {
            "source": 7,
            "dest": 15,
            "index": 3,
            "verb": "indicate",
            "id": "7_15"
        },
        {
            "source": 15,
            "dest": 18,
            "index": 4,
            "verb": "from",
            "id": "15_18"
        },
        {
            "source": 11,
            "dest": 18,
            "index": 5,
            "verb": "from",
            "id": "11_18"
        }
    ],
    "replacement_mapper": {},
    "sentences": [
        {
            "id": 0,
            "text": "Bumblebee can search for designated file paths and Registry keys that indicate a virtualized environment from multiple products.",
            "svos": [
                {
                    "sub": {
                        "start": 0,
                        "end": 9,
                        "text": "Bumblebee",
                        "id": 1,
                        "label": [
                            "ACTOR"
                        ],
                        "sent_index": 0,
                        "type": "subject",
                        "sub_label": [
                            "MALWARE"
                        ]
                    },
                    "verb": {
                        "negation": false,
                        "text": "search",
                        "index": 2,
                        "flag": 0
                    },
                    "obj": {
                        "start": 25,
                        "end": 46,
                        "text": "designated file paths",
                        "id": 7,
                        "verbs": [
                            "search"
                        ],
                        "label": [
                            "DIRECTORY",
                            "REGISTRY"
                        ],
                        "sent_index": 0,
                        "type": "object",
                        "texts": [
                            "designated file paths",
                            "Registry keys"
                        ]
                    }
                },
                {
                    "sub": {
                        "start": 0,
                        "end": 9,
                        "text": "Bumblebee",
                        "id": 1,
                        "label": [
                            "FUNCTION"
                        ],
                        "sent_index": 0,
                        "type": "subject"
                    },
                    "verb": {
                        "negation": false,
                        "text": "search",
                        "index": 2,
                        "flag": 0
                    },
                    "obj": {
                        "start": 51,
                        "end": 64,
                        "text": "Registry keys",
                        "id": 10,
                        "verbs": [
                            "search"
                        ],
                        "label": [
                            "REGISTRY"
                        ],
                        "sent_index": 0,
                        "type": "object"
                    }
                },
                {
                    "sub": {
                        "start": 0,
                        "end": 9,
                        "text": "Bumblebee",
                        "id": 1,
                        "label": [
                            "FUNCTION"
                        ],
                        "sent_index": 0,
                        "type": "subject"
                    },
                    "verb": {
                        "negation": false,
                        "text": "for",
                        "index": 3,
                        "flag": 0
                    },
                    "obj": {
                        "start": 25,
                        "end": 46,
                        "text": "designated file paths",
                        "id": 7,
                        "verbs": [
                            "search",
                            "search"
                        ],
                        "label": [
                            "DIRECTORY"
                        ],
                        "sent_index": 0,
                        "type": "object"
                    }
                },
                {
                    "sub": {
                        "start": 25,
                        "end": 46,
                        "text": "designated file paths",
                        "id": 7,
                        "verbs": [
                            "search",
                            "search"
                        ],
                        "label": [
                            "DIRECTORY"
                        ],
                        "sent_index": 0,
                        "type": "subject"
                    },
                    "verb": {
                        "negation": false,
                        "text": "indicate",
                        "index": 11,
                        "flag": 0
                    },
                    "obj": {
                        "start": 81,
                        "end": 104,
                        "text": "virtualized environment",
                        "id": 15,
                        "verbs": [
                            "indicate"
                        ],
                        "label": [
                            "COMPONENT"
                        ],
                        "sent_index": 0,
                        "type": "object"
                    }
                },
                {
                    "sub": {
                        "start": 81,
                        "end": 104,
                        "text": "virtualized environment",
                        "id": 15,
                        "verbs": [
                            "indicate"
                        ],
                        "label": [
                            "COMPONENT"
                        ],
                        "sent_index": 0,
                        "type": "subject"
                    },
                    "verb": {
                        "negation": false,
                        "text": "from",
                        "index": 15,
                        "flag": 0
                    },
                    "obj": {
                        "start": 119,
                        "end": 127,
                        "text": "products",
                        "id": 18,
                        "verbs": [
                            "from"
                        ],
                        "label": [
                            "FUNCTION"
                        ],
                        "sent_index": 0,
                        "type": "object"
                    }
                },
                {
                    "sub": {
                        "text": "that",
                        "start": 65,
                        "end": 69,
                        "id": 11,
                        "label": [
                            "OTHER"
                        ],
                        "sent_index": 0,
                        "type": "subject"
                    },
                    "verb": {
                        "negation": false,
                        "text": "from",
                        "index": 15,
                        "flag": 0
                    },
                    "obj": {
                        "start": 119,
                        "end": 127,
                        "text": "products",
                        "id": 18,
                        "verbs": [
                            "from"
                        ],
                        "label": [
                            "FUNCTION"
                        ],
                        "sent_index": 0,
                        "type": "object"
                    }
                }
            ]
        }
    ],
    "id": "relationship--2815c919-1fcb-4ddc-bb04-56dff63854e7",
    "tech_id": "T1497.001",
    "location": [],
    "special_id": "T1497.001"
}