{
    "text": "Indrik Spider has encrypted domain-controlled systems using BitPaymer.",
    "graph_nodes": [
        {
            "id": 2,
            "contracted": 0,
            "meta": {
                "start": 0,
                "end": 13,
                "text": "Indrik Spider",
                "id": 2,
                "label": [
                    "ACTOR"
                ],
                "sent_index": 0,
                "type": "subject"
            }
        },
        {
            "id": 6,
            "contracted": 0,
            "meta": {
                "start": 18,
                "end": 53,
                "text": "encrypted domain-controlled systems",
                "id": 6,
                "verbs": [
                    "have"
                ],
                "label": [
                    "COMPONENT"
                ],
                "sent_index": 0,
                "type": "object"
            }
        },
        {
            "id": 8,
            "contracted": 0,
            "meta": {
                "start": 60,
                "end": 69,
                "text": "BitPaymer",
                "id": 8,
                "verbs": [
                    "use"
                ],
                "label": [
                    "FUNCTION"
                ],
                "sent_index": 0,
                "type": "object"
            }
        }
    ],
    "graph_edges": [
        {
            "source": 2,
            "dest": 6,
            "index": 0,
            "verb": "have",
            "id": "2_6"
        },
        {
            "source": 2,
            "dest": 8,
            "index": 1,
            "verb": "use",
            "id": "2_8"
        }
    ],
    "replacement_mapper": {},
    "sentences": [
        {
            "id": 0,
            "text": "Indrik Spider has encrypted domain-controlled systems using BitPaymer.",
            "svos": [
                {
                    "sub": {
                        "start": 0,
                        "end": 13,
                        "text": "Indrik Spider",
                        "id": 2,
                        "label": [
                            "ACTOR"
                        ],
                        "sent_index": 0,
                        "type": "subject"
                    },
                    "verb": {
                        "negation": false,
                        "text": "have",
                        "index": 2,
                        "flag": 0
                    },
                    "obj": {
                        "start": 18,
                        "end": 53,
                        "text": "encrypted domain-controlled systems",
                        "id": 6,
                        "verbs": [
                            "have"
                        ],
                        "label": [
                            "COMPONENT"
                        ],
                        "sent_index": 0,
                        "type": "object"
                    }
                },
                {
                    "sub": {
                        "start": 0,
                        "end": 13,
                        "text": "Indrik Spider",
                        "id": 2,
                        "label": [
                            "ACTOR"
                        ],
                        "sent_index": 0,
                        "type": "subject"
                    },
                    "verb": {
                        "negation": false,
                        "text": "use",
                        "index": 6,
                        "flag": 0
                    },
                    "obj": {
                        "start": 60,
                        "end": 69,
                        "text": "BitPaymer",
                        "id": 8,
                        "verbs": [
                            "use"
                        ],
                        "label": [
                            "FUNCTION"
                        ],
                        "sent_index": 0,
                        "type": "object"
                    }
                }
            ]
        }
    ],
    "id": "relationship--a5ee5826-e742-4847-9816-d9124827262a",
    "tech_id": "T1486",
    "location": [],
    "special_id": "T1486"
}