{
    "text": "Bandook has a command to list files on a system.",
    "graph_nodes": [
        {
            "id": 1,
            "contracted": 0,
            "meta": {
                "start": 0,
                "end": 7,
                "text": "Bandook",
                "id": 1,
                "label": [
                    "ACTOR"
                ],
                "sent_index": 0,
                "type": "subject",
                "sub_label": [
                    "MALWARE"
                ]
            }
        },
        {
            "id": 4,
            "contracted": 0,
            "meta": {
                "start": 14,
                "end": 21,
                "text": "command",
                "id": 4,
                "verbs": [
                    "have"
                ],
                "label": [
                    "FUNCTION"
                ],
                "sent_index": 0,
                "type": "object"
            }
        },
        {
            "id": 7,
            "contracted": 0,
            "meta": {
                "start": 30,
                "end": 35,
                "text": "files",
                "id": 7,
                "verbs": [
                    "list"
                ],
                "label": [
                    "DATA"
                ],
                "sent_index": 0,
                "type": "object"
            }
        },
        {
            "id": 10,
            "contracted": 0,
            "meta": {
                "start": 41,
                "end": 47,
                "text": "system",
                "id": 10,
                "label": [
                    "COMPONENT"
                ],
                "sent_index": 0,
                "type": "object"
            }
        }
    ],
    "graph_edges": [
        {
            "source": 1,
            "dest": 4,
            "index": 0,
            "verb": "have",
            "id": "1_4"
        },
        {
            "source": 4,
            "dest": 7,
            "index": 1,
            "verb": "list",
            "id": "4_7"
        },
        {
            "source": 7,
            "dest": 10,
            "index": 2,
            "verb": "on",
            "id": "7_10"
        }
    ],
    "replacement_mapper": {},
    "sentences": [
        {
            "id": 0,
            "text": "Bandook has a command to list files on a system.",
            "svos": [
                {
                    "sub": {
                        "start": 0,
                        "end": 7,
                        "text": "Bandook",
                        "id": 1,
                        "label": [
                            "ACTOR"
                        ],
                        "sent_index": 0,
                        "type": "subject",
                        "sub_label": [
                            "MALWARE"
                        ]
                    },
                    "verb": {
                        "negation": false,
                        "text": "have",
                        "index": 1,
                        "flag": 0
                    },
                    "obj": {
                        "start": 14,
                        "end": 21,
                        "text": "command",
                        "id": 4,
                        "verbs": [
                            "have"
                        ],
                        "label": [
                            "FUNCTION"
                        ],
                        "sent_index": 0,
                        "type": "object"
                    }
                },
                {
                    "sub": {
                        "start": 14,
                        "end": 21,
                        "text": "command",
                        "id": 4,
                        "verbs": [
                            "have"
                        ],
                        "label": [
                            "FUNCTION"
                        ],
                        "sent_index": 0,
                        "type": "subject"
                    },
                    "verb": {
                        "negation": false,
                        "text": "list",
                        "index": 5,
                        "flag": 0
                    },
                    "obj": {
                        "start": 30,
                        "end": 35,
                        "text": "files",
                        "id": 7,
                        "verbs": [
                            "list"
                        ],
                        "label": [
                            "DATA"
                        ],
                        "sent_index": 0,
                        "type": "object"
                    }
                },
                {
                    "sub": {
                        "start": 30,
                        "end": 35,
                        "text": "files",
                        "id": 7,
                        "verbs": [
                            "list"
                        ],
                        "label": [
                            "DATA"
                        ],
                        "sent_index": 0,
                        "type": "subject"
                    },
                    "verb": {
                        "negation": false,
                        "text": "on",
                        "index": 7,
                        "flag": 0
                    },
                    "obj": {
                        "start": 41,
                        "end": 47,
                        "text": "system",
                        "id": 10,
                        "label": [
                            "COMPONENT"
                        ],
                        "sent_index": 0,
                        "type": "object"
                    }
                }
            ]
        }
    ],
    "id": "relationship--7a453aab-789d-4fd5-9360-37c3f88ee3c6",
    "tech_id": "T1083",
    "location": [],
    "special_id": "T1083"
}