{
    "text": "Magic Hound has downloaded additional code and files from servers onto victims.",
    "graph_nodes": [
        {
            "id": 2,
            "contracted": 0,
            "meta": {
                "start": 0,
                "end": 11,
                "text": "Magic Hound",
                "id": 2,
                "label": [
                    "ACTOR"
                ],
                "sent_index": 0,
                "type": "subject"
            }
        },
        {
            "id": 6,
            "contracted": 0,
            "meta": {
                "start": 38,
                "end": 42,
                "text": "code",
                "id": 6,
                "verbs": [
                    "download"
                ],
                "label": [
                    "FUNCTION",
                    "DATA"
                ],
                "sent_index": 0,
                "type": "object",
                "texts": [
                    "files",
                    "code"
                ]
            }
        },
        {
            "id": 10,
            "contracted": 0,
            "meta": {
                "start": 58,
                "end": 65,
                "text": "servers",
                "id": 10,
                "verbs": [
                    "from"
                ],
                "label": [
                    "NETWORK"
                ],
                "sent_index": 0,
                "type": "object"
            }
        },
        {
            "id": 12,
            "contracted": 0,
            "meta": {
                "start": 71,
                "end": 78,
                "text": "victims",
                "id": 12,
                "verbs": [
                    "onto"
                ],
                "label": [
                    "USER"
                ],
                "sent_index": 0,
                "type": "object"
            }
        }
    ],
    "graph_edges": [
        {
            "source": 2,
            "dest": 6,
            "index": 0,
            "verb": "download",
            "id": "2_6"
        },
        {
            "source": 2,
            "dest": 10,
            "index": 4,
            "verb": "from",
            "id": "2_10"
        },
        {
            "source": 2,
            "dest": 12,
            "index": 6,
            "verb": "onto",
            "id": "2_12"
        },
        {
            "source": 6,
            "dest": 10,
            "index": 2,
            "verb": "from",
            "id": "6_10"
        },
        {
            "source": 6,
            "dest": 12,
            "index": 5,
            "verb": "onto",
            "id": "6_12"
        }
    ],
    "replacement_mapper": {},
    "sentences": [
        {
            "id": 0,
            "text": "Magic Hound has downloaded additional code and files from servers onto victims.",
            "svos": [
                {
                    "sub": {
                        "start": 0,
                        "end": 11,
                        "text": "Magic Hound",
                        "id": 2,
                        "label": [
                            "ACTOR"
                        ],
                        "sent_index": 0,
                        "type": "subject"
                    },
                    "verb": {
                        "negation": false,
                        "text": "download",
                        "index": 3,
                        "flag": 0
                    },
                    "obj": {
                        "start": 38,
                        "end": 42,
                        "text": "code",
                        "id": 6,
                        "verbs": [
                            "download"
                        ],
                        "label": [
                            "FUNCTION",
                            "DATA"
                        ],
                        "sent_index": 0,
                        "type": "object",
                        "texts": [
                            "files",
                            "code"
                        ]
                    }
                },
                {
                    "sub": {
                        "start": 0,
                        "end": 11,
                        "text": "Magic Hound",
                        "id": 2,
                        "label": [
                            "ACTOR"
                        ],
                        "sent_index": 0,
                        "type": "subject"
                    },
                    "verb": {
                        "negation": false,
                        "text": "download",
                        "index": 3,
                        "flag": 0
                    },
                    "obj": {
                        "start": 47,
                        "end": 52,
                        "text": "files",
                        "id": 8,
                        "verbs": [
                            "download"
                        ],
                        "label": [
                            "DATA"
                        ],
                        "sent_index": 0,
                        "type": "object"
                    }
                },
                {
                    "sub": {
                        "start": 38,
                        "end": 42,
                        "text": "code",
                        "id": 6,
                        "verbs": [
                            "download",
                            "download"
                        ],
                        "label": [
                            "FUNCTION"
                        ],
                        "sent_index": 0,
                        "type": "subject"
                    },
                    "verb": {
                        "negation": false,
                        "text": "from",
                        "index": 8,
                        "flag": 0
                    },
                    "obj": {
                        "start": 58,
                        "end": 65,
                        "text": "servers",
                        "id": 10,
                        "verbs": [
                            "from"
                        ],
                        "label": [
                            "NETWORK"
                        ],
                        "sent_index": 0,
                        "type": "object"
                    }
                },
                {
                    "sub": {
                        "start": 47,
                        "end": 52,
                        "text": "files",
                        "id": 8,
                        "verbs": [
                            "download"
                        ],
                        "label": [
                            "DATA"
                        ],
                        "sent_index": 0,
                        "type": "subject"
                    },
                    "verb": {
                        "negation": false,
                        "text": "from",
                        "index": 8,
                        "flag": 0
                    },
                    "obj": {
                        "start": 58,
                        "end": 65,
                        "text": "servers",
                        "id": 10,
                        "verbs": [
                            "from"
                        ],
                        "label": [
                            "NETWORK"
                        ],
                        "sent_index": 0,
                        "type": "object"
                    }
                },
                {
                    "sub": {
                        "start": 0,
                        "end": 11,
                        "text": "Magic Hound",
                        "id": 2,
                        "label": [
                            "ACTOR"
                        ],
                        "sent_index": 0,
                        "type": "subject"
                    },
                    "verb": {
                        "negation": false,
                        "text": "from",
                        "index": 8,
                        "flag": 0
                    },
                    "obj": {
                        "start": 58,
                        "end": 65,
                        "text": "servers",
                        "id": 10,
                        "verbs": [
                            "from"
                        ],
                        "label": [
                            "NETWORK"
                        ],
                        "sent_index": 0,
                        "type": "object"
                    }
                },
                {
                    "sub": {
                        "start": 38,
                        "end": 42,
                        "text": "code",
                        "id": 6,
                        "verbs": [
                            "download",
                            "download"
                        ],
                        "label": [
                            "FUNCTION"
                        ],
                        "sent_index": 0,
                        "type": "subject"
                    },
                    "verb": {
                        "negation": false,
                        "text": "onto",
                        "index": 10,
                        "flag": 0
                    },
                    "obj": {
                        "start": 71,
                        "end": 78,
                        "text": "victims",
                        "id": 12,
                        "verbs": [
                            "onto"
                        ],
                        "label": [
                            "USER"
                        ],
                        "sent_index": 0,
                        "type": "object"
                    }
                },
                {
                    "sub": {
                        "start": 0,
                        "end": 11,
                        "text": "Magic Hound",
                        "id": 2,
                        "label": [
                            "ACTOR"
                        ],
                        "sent_index": 0,
                        "type": "subject"
                    },
                    "verb": {
                        "negation": false,
                        "text": "onto",
                        "index": 10,
                        "flag": 0
                    },
                    "obj": {
                        "start": 71,
                        "end": 78,
                        "text": "victims",
                        "id": 12,
                        "verbs": [
                            "onto"
                        ],
                        "label": [
                            "USER"
                        ],
                        "sent_index": 0,
                        "type": "object"
                    }
                }
            ]
        }
    ],
    "id": "relationship--47f521b8-37e4-489d-b6eb-25f35de80aae",
    "tech_id": "T1105",
    "location": [],
    "special_id": "T1105"
}