{
    "text": "UBoatRAT takes advantage of the /SetNotifyCmdLine option in BITSAdmin to ensure it stays running on a system to maintain persistence.",
    "graph_nodes": [
        {
            "id": 1,
            "contracted": 0,
            "meta": {
                "start": 0,
                "end": 8,
                "text": "UBoatRAT",
                "id": 1,
                "label": [
                    "ACTOR"
                ],
                "sent_index": 0,
                "type": "subject",
                "sub_label": [
                    "MALWARE"
                ]
            }
        },
        {
            "id": 3,
            "contracted": 0,
            "meta": {
                "start": 15,
                "end": 24,
                "text": "advantage",
                "id": 3,
                "verbs": [
                    "take"
                ],
                "label": [
                    "OTHER"
                ],
                "sent_index": 0,
                "type": "object"
            }
        },
        {
            "id": 7,
            "contracted": 0,
            "meta": {
                "start": 32,
                "end": 56,
                "text": "/SetNotifyCmdLine option",
                "id": 7,
                "label": [
                    "FUNCTION"
                ],
                "sent_index": 0,
                "type": "object"
            }
        },
        {
            "id": 9,
            "contracted": 0,
            "meta": {
                "start": 60,
                "end": 69,
                "text": "BITSAdmin",
                "id": 9,
                "label": [
                    "FUNCTION"
                ],
                "sent_index": 0,
                "type": "object"
            }
        },
        {
            "id": 17,
            "contracted": 0,
            "meta": {
                "start": 102,
                "end": 108,
                "text": "system",
                "id": 17,
                "verbs": [
                    "run"
                ],
                "label": [
                    "COMPONENT"
                ],
                "sent_index": 0,
                "type": "object"
            }
        }
    ],
    "graph_edges": [
        {
            "source": 1,
            "dest": 3,
            "index": 0,
            "verb": "take",
            "id": "1_3"
        },
        {
            "source": 1,
            "dest": 7,
            "index": 2,
            "verb": "of",
            "id": "1_7"
        },
        {
            "source": 1,
            "dest": 17,
            "index": 4,
            "verb": "run",
            "id": "1_17"
        },
        {
            "source": 3,
            "dest": 7,
            "index": 1,
            "verb": "of",
            "id": "3_7"
        },
        {
            "source": 7,
            "dest": 9,
            "index": 3,
            "verb": "in",
            "id": "7_9"
        }
    ],
    "replacement_mapper": {},
    "sentences": [
        {
            "id": 0,
            "text": "UBoatRAT takes advantage of the /SetNotifyCmdLine option in BITSAdmin to ensure it stays running on a system to maintain persistence.",
            "svos": [
                {
                    "sub": {
                        "start": 0,
                        "end": 8,
                        "text": "UBoatRAT",
                        "id": 1,
                        "label": [
                            "ACTOR"
                        ],
                        "sent_index": 0,
                        "type": "subject",
                        "sub_label": [
                            "MALWARE"
                        ]
                    },
                    "verb": {
                        "negation": false,
                        "text": "take",
                        "index": 1,
                        "flag": 0
                    },
                    "obj": {
                        "start": 15,
                        "end": 24,
                        "text": "advantage",
                        "id": 3,
                        "verbs": [
                            "take"
                        ],
                        "label": [
                            "OTHER"
                        ],
                        "sent_index": 0,
                        "type": "object"
                    }
                },
                {
                    "sub": {
                        "start": 15,
                        "end": 24,
                        "text": "advantage",
                        "id": 3,
                        "verbs": [
                            "take"
                        ],
                        "label": [
                            "OTHER"
                        ],
                        "sent_index": 0,
                        "type": "subject"
                    },
                    "verb": {
                        "negation": false,
                        "text": "of",
                        "index": 3,
                        "flag": 0
                    },
                    "obj": {
                        "start": 32,
                        "end": 56,
                        "text": "/SetNotifyCmdLine option",
                        "id": 7,
                        "label": [
                            "FUNCTION"
                        ],
                        "sent_index": 0,
                        "type": "object"
                    }
                },
                {
                    "sub": {
                        "start": 0,
                        "end": 8,
                        "text": "UBoatRAT",
                        "id": 1,
                        "label": [
                            "FUNCTION"
                        ],
                        "sent_index": 0,
                        "type": "subject"
                    },
                    "verb": {
                        "negation": false,
                        "text": "of",
                        "index": 3,
                        "flag": 0
                    },
                    "obj": {
                        "start": 32,
                        "end": 56,
                        "text": "/SetNotifyCmdLine option",
                        "id": 7,
                        "label": [
                            "FUNCTION"
                        ],
                        "sent_index": 0,
                        "type": "object"
                    }
                },
                {
                    "sub": {
                        "start": 32,
                        "end": 56,
                        "text": "/SetNotifyCmdLine option",
                        "id": 7,
                        "label": [
                            "FUNCTION"
                        ],
                        "sent_index": 0,
                        "type": "subject"
                    },
                    "verb": {
                        "negation": false,
                        "text": "in",
                        "index": 7,
                        "flag": 0
                    },
                    "obj": {
                        "start": 60,
                        "end": 69,
                        "text": "BITSAdmin",
                        "id": 9,
                        "label": [
                            "FUNCTION"
                        ],
                        "sent_index": 0,
                        "type": "object"
                    }
                },
                {
                    "sub": {
                        "start": 0,
                        "end": 8,
                        "text": "UBoatRAT",
                        "id": 1,
                        "label": [
                            "FUNCTION"
                        ],
                        "sent_index": 0,
                        "type": "subject"
                    },
                    "verb": {
                        "negation": false,
                        "text": "run",
                        "index": 13,
                        "flag": 0
                    },
                    "obj": {
                        "start": 102,
                        "end": 108,
                        "text": "system",
                        "id": 17,
                        "verbs": [
                            "run"
                        ],
                        "label": [
                            "COMPONENT"
                        ],
                        "sent_index": 0,
                        "type": "object"
                    }
                },
                {
                    "sub": {
                        "start": 0,
                        "end": 8,
                        "text": "UBoatRAT",
                        "id": 1,
                        "label": [
                            "FUNCTION"
                        ],
                        "sent_index": 0,
                        "type": "subject"
                    },
                    "verb": {
                        "negation": false,
                        "text": "maintain",
                        "index": 18,
                        "flag": 0
                    },
                    "obj": {
                        "start": 121,
                        "end": 132,
                        "text": "persistence",
                        "id": 20,
                        "verbs": [
                            "maintain"
                        ],
                        "label": [
                            "FUNCTION"
                        ],
                        "sent_index": 0,
                        "type": "object"
                    }
                }
            ]
        }
    ],
    "id": "relationship--4f290a4e-983c-460f-b00c-e1bc8dd4d413",
    "tech_id": "T1197",
    "location": [],
    "special_id": "T1197"
}