{
    "text": "Green Lambert can use proxies for C2 traffic.",
    "graph_nodes": [
        {
            "id": 2,
            "contracted": 0,
            "meta": {
                "start": 0,
                "end": 13,
                "text": "Green Lambert",
                "id": 2,
                "label": [
                    "ACTOR"
                ],
                "sent_index": 0,
                "type": "subject",
                "sub_label": [
                    "MALWARE"
                ]
            }
        },
        {
            "id": 5,
            "contracted": 0,
            "meta": {
                "start": 22,
                "end": 29,
                "text": "proxies",
                "id": 5,
                "verbs": [
                    "use"
                ],
                "label": [
                    "NETWORK"
                ],
                "sent_index": 0,
                "type": "object"
            }
        },
        {
            "id": 8,
            "contracted": 0,
            "meta": {
                "start": 34,
                "end": 44,
                "text": "C2 traffic",
                "id": 8,
                "label": [
                    "NETWORK"
                ],
                "sent_index": 0,
                "type": "object"
            }
        }
    ],
    "graph_edges": [
        {
            "source": 2,
            "dest": 5,
            "index": 0,
            "verb": "use",
            "id": "2_5"
        },
        {
            "source": 2,
            "dest": 8,
            "index": 2,
            "verb": "for",
            "id": "2_8"
        },
        {
            "source": 5,
            "dest": 8,
            "index": 1,
            "verb": "for",
            "id": "5_8"
        }
    ],
    "replacement_mapper": {},
    "sentences": [
        {
            "id": 0,
            "text": "Green Lambert can use proxies for C2 traffic.",
            "svos": [
                {
                    "sub": {
                        "start": 0,
                        "end": 13,
                        "text": "Green Lambert",
                        "id": 2,
                        "label": [
                            "ACTOR"
                        ],
                        "sent_index": 0,
                        "type": "subject",
                        "sub_label": [
                            "MALWARE"
                        ]
                    },
                    "verb": {
                        "negation": false,
                        "text": "use",
                        "index": 3,
                        "flag": 0
                    },
                    "obj": {
                        "start": 22,
                        "end": 29,
                        "text": "proxies",
                        "id": 5,
                        "verbs": [
                            "use"
                        ],
                        "label": [
                            "NETWORK"
                        ],
                        "sent_index": 0,
                        "type": "object"
                    }
                },
                {
                    "sub": {
                        "start": 22,
                        "end": 29,
                        "text": "proxies",
                        "id": 5,
                        "verbs": [
                            "use"
                        ],
                        "label": [
                            "NETWORK"
                        ],
                        "sent_index": 0,
                        "type": "subject"
                    },
                    "verb": {
                        "negation": false,
                        "text": "for",
                        "index": 5,
                        "flag": 0
                    },
                    "obj": {
                        "start": 34,
                        "end": 44,
                        "text": "C2 traffic",
                        "id": 8,
                        "label": [
                            "NETWORK"
                        ],
                        "sent_index": 0,
                        "type": "object"
                    }
                },
                {
                    "sub": {
                        "start": 0,
                        "end": 13,
                        "text": "Green Lambert",
                        "id": 2,
                        "label": [
                            "FUNCTION"
                        ],
                        "sent_index": 0,
                        "type": "subject"
                    },
                    "verb": {
                        "negation": false,
                        "text": "for",
                        "index": 5,
                        "flag": 0
                    },
                    "obj": {
                        "start": 34,
                        "end": 44,
                        "text": "C2 traffic",
                        "id": 8,
                        "label": [
                            "NETWORK"
                        ],
                        "sent_index": 0,
                        "type": "object"
                    }
                }
            ]
        }
    ],
    "id": "relationship--92b8dedc-360a-4763-bc31-5f7b0a698460",
    "tech_id": "T1090",
    "location": [],
    "special_id": "T1090"
}