{
    "text": "Bad Rabbit drops a file named infpub.datinto the Windows directory and is executed by SCManager and rundll.exe.",
    "graph_nodes": [
        {
            "id": 2,
            "contracted": 0,
            "meta": {
                "start": 4,
                "end": 10,
                "text": "Rabbit",
                "id": 2,
                "label": [
                    "OTHER"
                ],
                "sent_index": 0,
                "type": "subject"
            }
        },
        {
            "id": 5,
            "contracted": 0,
            "meta": {
                "start": 19,
                "end": 23,
                "text": "file",
                "id": 5,
                "verbs": [
                    "drop"
                ],
                "label": [
                    "DIRECTORY",
                    "DATA"
                ],
                "sent_index": 0,
                "type": "object",
                "texts": [
                    "Windows directory",
                    "infpub.datinto",
                    "file"
                ]
            }
        },
        {
            "id": 15,
            "contracted": 0,
            "meta": {
                "start": 86,
                "end": 95,
                "text": "SCManager",
                "id": 15,
                "label": [
                    "FUNCTION"
                ],
                "sent_index": 0,
                "type": "subject",
                "texts": [
                    "rundll.exe",
                    "SCManager"
                ]
            }
        }
    ],
    "graph_edges": [
        {
            "source": 2,
            "dest": 5,
            "index": 0,
            "verb": "drop",
            "id": "2_5"
        },
        {
            "source": 15,
            "dest": 2,
            "index": 3,
            "verb": "execute",
            "id": "15_2"
        }
    ],
    "replacement_mapper": {},
    "sentences": [
        {
            "id": 0,
            "text": "Bad Rabbit drops a file named infpub.datinto the Windows directory and is executed by SCManager and rundll.exe.",
            "svos": [
                {
                    "sub": {
                        "start": 4,
                        "end": 10,
                        "text": "Rabbit",
                        "id": 2,
                        "label": [
                            "OTHER"
                        ],
                        "sent_index": 0,
                        "type": "subject"
                    },
                    "verb": {
                        "negation": false,
                        "text": "drop",
                        "index": 2,
                        "flag": 0
                    },
                    "obj": {
                        "start": 19,
                        "end": 23,
                        "text": "file",
                        "id": 5,
                        "verbs": [
                            "drop"
                        ],
                        "label": [
                            "DIRECTORY",
                            "DATA"
                        ],
                        "sent_index": 0,
                        "type": "object",
                        "texts": [
                            "Windows directory",
                            "infpub.datinto",
                            "file"
                        ]
                    }
                },
                {
                    "sub": {
                        "start": 19,
                        "end": 23,
                        "text": "file",
                        "id": 5,
                        "verbs": [
                            "drop"
                        ],
                        "label": [
                            "DATA"
                        ],
                        "sent_index": 0,
                        "type": "subject"
                    },
                    "verb": {
                        "negation": false,
                        "text": "name",
                        "index": 5,
                        "flag": 1
                    },
                    "obj": {
                        "start": 49,
                        "end": 66,
                        "text": "Windows directory",
                        "id": 10,
                        "verbs": [
                            "name"
                        ],
                        "label": [
                            "DIRECTORY"
                        ],
                        "sent_index": 0,
                        "type": "object"
                    }
                },
                {
                    "sub": {
                        "start": 19,
                        "end": 23,
                        "text": "file",
                        "id": 5,
                        "verbs": [
                            "drop"
                        ],
                        "label": [
                            "DATA"
                        ],
                        "sent_index": 0,
                        "type": "subject"
                    },
                    "verb": {
                        "negation": false,
                        "text": "name",
                        "index": 5,
                        "flag": 1
                    },
                    "obj": {
                        "start": 30,
                        "end": 44,
                        "text": "infpub.datinto",
                        "id": 7,
                        "verbs": [
                            "name"
                        ],
                        "label": [
                            "DATA"
                        ],
                        "sent_index": 0,
                        "type": "object"
                    }
                },
                {
                    "sub": {
                        "start": 86,
                        "end": 95,
                        "text": "SCManager",
                        "id": 15,
                        "label": [
                            "FUNCTION"
                        ],
                        "sent_index": 0,
                        "type": "subject",
                        "texts": [
                            "rundll.exe",
                            "SCManager"
                        ]
                    },
                    "verb": {
                        "negation": false,
                        "text": "execute",
                        "index": 12,
                        "flag": 0
                    },
                    "obj": {
                        "start": 4,
                        "end": 10,
                        "text": "Rabbit",
                        "id": 2,
                        "verbs": [
                            "execute"
                        ],
                        "label": [
                            "OTHER"
                        ],
                        "sent_index": 0,
                        "type": "object"
                    }
                },
                {
                    "sub": {
                        "start": 100,
                        "end": 110,
                        "text": "rundll.exe",
                        "id": 17,
                        "label": [
                            "FUNCTION"
                        ],
                        "sent_index": 0,
                        "type": "subject"
                    },
                    "verb": {
                        "negation": false,
                        "text": "execute",
                        "index": 12,
                        "flag": 0
                    },
                    "obj": {
                        "start": 4,
                        "end": 10,
                        "text": "Rabbit",
                        "id": 2,
                        "verbs": [
                            "execute"
                        ],
                        "label": [
                            "OTHER"
                        ],
                        "sent_index": 0,
                        "type": "object"
                    }
                }
            ]
        }
    ],
    "id": "relationship--341ef3b2-3f92-4ea1-b36f-93fdb1d15816",
    "tech_id": "T1569.002",
    "location": [],
    "special_id": "T1569.002"
}