{
    "text": "CharmPower can capture screenshots.",
    "graph_nodes": [
        {
            "id": 1,
            "contracted": 0,
            "meta": {
                "start": 0,
                "end": 10,
                "text": "CharmPower",
                "id": 1,
                "label": [
                    "ACTOR"
                ],
                "sent_index": 0,
                "type": "subject",
                "sub_label": [
                    "MALWARE"
                ]
            }
        },
        {
            "id": 4,
            "contracted": 0,
            "meta": {
                "start": 23,
                "end": 34,
                "text": "screenshots",
                "id": 4,
                "verbs": [
                    "capture"
                ],
                "label": [
                    "DATA"
                ],
                "sent_index": 0,
                "type": "object"
            }
        }
    ],
    "graph_edges": [
        {
            "source": 1,
            "dest": 4,
            "index": 0,
            "verb": "capture",
            "id": "1_4"
        }
    ],
    "replacement_mapper": {},
    "sentences": [
        {
            "id": 0,
            "text": "CharmPower can capture screenshots.",
            "svos": [
                {
                    "sub": {
                        "start": 0,
                        "end": 10,
                        "text": "CharmPower",
                        "id": 1,
                        "label": [
                            "ACTOR"
                        ],
                        "sent_index": 0,
                        "type": "subject",
                        "sub_label": [
                            "MALWARE"
                        ]
                    },
                    "verb": {
                        "negation": false,
                        "text": "capture",
                        "index": 2,
                        "flag": 0
                    },
                    "obj": {
                        "start": 23,
                        "end": 34,
                        "text": "screenshots",
                        "id": 4,
                        "verbs": [
                            "capture"
                        ],
                        "label": [
                            "DATA"
                        ],
                        "sent_index": 0,
                        "type": "object"
                    }
                }
            ]
        }
    ],
    "id": "relationship--dde11422-660a-42b1-b231-fb2fd98ed644",
    "tech_id": "T1113",
    "location": [],
    "special_id": "T1113"
}