{
    "text": "Threat Group-3390 has obtained stolen valid certificates, such as from VMProtect and the Chinese instant messaging application Youdu, for their operations.",
    "graph_nodes": [
        {
            "id": 2,
            "contracted": 0,
            "meta": {
                "start": 0,
                "end": 17,
                "text": "Threat Group-3390",
                "id": 2,
                "label": [
                    "ACTOR"
                ],
                "sent_index": 0,
                "type": "subject"
            }
        },
        {
            "id": 7,
            "contracted": 0,
            "meta": {
                "start": 31,
                "end": 56,
                "text": "stolen valid certificates",
                "id": 7,
                "verbs": [
                    "obtain"
                ],
                "label": [
                    "FUNCTION",
                    "NETWORK",
                    "DATA"
                ],
                "sent_index": 0,
                "type": "object",
                "texts": [
                    "VMProtect",
                    "stolen valid certificates",
                    "Youdu",
                    "Chinese instant messaging application"
                ]
            }
        },
        {
            "id": 23,
            "contracted": 0,
            "meta": {
                "start": 144,
                "end": 154,
                "text": "operations",
                "id": 23,
                "label": [
                    "FUNCTION"
                ],
                "sent_index": 0,
                "type": "object"
            }
        }
    ],
    "graph_edges": [
        {
            "source": 2,
            "dest": 7,
            "index": 0,
            "verb": "obtain",
            "id": "2_7"
        },
        {
            "source": 2,
            "dest": 23,
            "index": 5,
            "verb": "for",
            "id": "2_23"
        },
        {
            "source": 7,
            "dest": 23,
            "index": 4,
            "verb": "for",
            "id": "7_23"
        }
    ],
    "replacement_mapper": {},
    "sentences": [
        {
            "id": 0,
            "text": "Threat Group-3390 has obtained stolen valid certificates, such as from VMProtect and the Chinese instant messaging application Youdu, for their operations.",
            "svos": [
                {
                    "sub": {
                        "start": 0,
                        "end": 17,
                        "text": "Threat Group-3390",
                        "id": 2,
                        "label": [
                            "ACTOR"
                        ],
                        "sent_index": 0,
                        "type": "subject"
                    },
                    "verb": {
                        "negation": false,
                        "text": "obtain",
                        "index": 3,
                        "flag": 0
                    },
                    "obj": {
                        "start": 31,
                        "end": 56,
                        "text": "stolen valid certificates",
                        "id": 7,
                        "verbs": [
                            "obtain"
                        ],
                        "label": [
                            "FUNCTION",
                            "NETWORK",
                            "DATA"
                        ],
                        "sent_index": 0,
                        "type": "object",
                        "texts": [
                            "VMProtect",
                            "stolen valid certificates",
                            "Youdu",
                            "Chinese instant messaging application"
                        ]
                    }
                },
                {
                    "sub": {
                        "start": 31,
                        "end": 56,
                        "text": "stolen valid certificates",
                        "id": 7,
                        "verbs": [
                            "obtain"
                        ],
                        "label": [
                            "DATA"
                        ],
                        "sent_index": 0,
                        "type": "subject"
                    },
                    "verb": {
                        "negation": false,
                        "text": "as",
                        "index": 9,
                        "flag": 1
                    },
                    "obj": {
                        "start": 71,
                        "end": 80,
                        "text": "VMProtect",
                        "id": 12,
                        "verbs": [
                            "as"
                        ],
                        "label": [
                            "FUNCTION"
                        ],
                        "sent_index": 0,
                        "type": "object"
                    }
                },
                {
                    "sub": {
                        "start": 31,
                        "end": 56,
                        "text": "stolen valid certificates",
                        "id": 7,
                        "verbs": [
                            "obtain"
                        ],
                        "label": [
                            "DATA"
                        ],
                        "sent_index": 0,
                        "type": "subject"
                    },
                    "verb": {
                        "negation": false,
                        "text": "as",
                        "index": 9,
                        "flag": 1
                    },
                    "obj": {
                        "start": 89,
                        "end": 126,
                        "text": "Chinese instant messaging application",
                        "id": 18,
                        "verbs": [
                            "as"
                        ],
                        "label": [
                            "FUNCTION"
                        ],
                        "sent_index": 0,
                        "type": "object"
                    }
                },
                {
                    "sub": {
                        "start": 31,
                        "end": 56,
                        "text": "stolen valid certificates",
                        "id": 7,
                        "verbs": [
                            "obtain"
                        ],
                        "label": [
                            "DATA"
                        ],
                        "sent_index": 0,
                        "type": "subject"
                    },
                    "verb": {
                        "negation": false,
                        "text": "as",
                        "index": 9,
                        "flag": 1
                    },
                    "obj": {
                        "start": 127,
                        "end": 132,
                        "text": "Youdu",
                        "id": 19,
                        "verbs": [
                            "as"
                        ],
                        "label": [
                            "NETWORK"
                        ],
                        "sent_index": 0,
                        "type": "object"
                    }
                },
                {
                    "sub": {
                        "start": 31,
                        "end": 56,
                        "text": "stolen valid certificates",
                        "id": 7,
                        "verbs": [
                            "obtain"
                        ],
                        "label": [
                            "DATA"
                        ],
                        "sent_index": 0,
                        "type": "subject"
                    },
                    "verb": {
                        "negation": false,
                        "text": "for",
                        "index": 20,
                        "flag": 0
                    },
                    "obj": {
                        "start": 144,
                        "end": 154,
                        "text": "operations",
                        "id": 23,
                        "label": [
                            "FUNCTION"
                        ],
                        "sent_index": 0,
                        "type": "object"
                    }
                },
                {
                    "sub": {
                        "start": 0,
                        "end": 17,
                        "text": "Threat Group-3390",
                        "id": 2,
                        "label": [
                            "ACTOR"
                        ],
                        "sent_index": 0,
                        "type": "subject"
                    },
                    "verb": {
                        "negation": false,
                        "text": "for",
                        "index": 20,
                        "flag": 0
                    },
                    "obj": {
                        "start": 144,
                        "end": 154,
                        "text": "operations",
                        "id": 23,
                        "label": [
                            "FUNCTION"
                        ],
                        "sent_index": 0,
                        "type": "object"
                    }
                }
            ]
        }
    ],
    "id": "relationship--d14513b4-9c60-49cd-88ee-0cb2ffde394a",
    "tech_id": "T1588.003",
    "location": [],
    "special_id": "T1588.003"
}