{
    "text": "Green Lambert can use uname to identify the operating system name, version, and processor type.",
    "graph_nodes": [
        {
            "id": 2,
            "contracted": 0,
            "meta": {
                "start": 0,
                "end": 13,
                "text": "Green Lambert",
                "id": 2,
                "label": [
                    "ACTOR"
                ],
                "sent_index": 0,
                "type": "subject",
                "sub_label": [
                    "MALWARE"
                ]
            }
        },
        {
            "id": 5,
            "contracted": 0,
            "meta": {
                "start": 22,
                "end": 27,
                "text": "uname",
                "id": 5,
                "verbs": [
                    "use"
                ],
                "label": [
                    "FUNCTION"
                ],
                "sent_index": 0,
                "type": "object"
            }
        },
        {
            "id": 11,
            "contracted": 0,
            "meta": {
                "start": 44,
                "end": 65,
                "text": "operating system name",
                "id": 11,
                "verbs": [
                    "identify"
                ],
                "label": [
                    "DATA"
                ],
                "sent_index": 0,
                "type": "object",
                "texts": [
                    "version",
                    "processor type",
                    "operating system name"
                ]
            }
        }
    ],
    "graph_edges": [
        {
            "source": 2,
            "dest": 5,
            "index": 0,
            "verb": "use",
            "id": "2_5"
        },
        {
            "source": 2,
            "dest": 11,
            "index": 1,
            "verb": "identify",
            "id": "2_11"
        }
    ],
    "replacement_mapper": {},
    "sentences": [
        {
            "id": 0,
            "text": "Green Lambert can use uname to identify the operating system name, version, and processor type.",
            "svos": [
                {
                    "sub": {
                        "start": 0,
                        "end": 13,
                        "text": "Green Lambert",
                        "id": 2,
                        "label": [
                            "ACTOR"
                        ],
                        "sent_index": 0,
                        "type": "subject",
                        "sub_label": [
                            "MALWARE"
                        ]
                    },
                    "verb": {
                        "negation": false,
                        "text": "use",
                        "index": 3,
                        "flag": 0
                    },
                    "obj": {
                        "start": 22,
                        "end": 27,
                        "text": "uname",
                        "id": 5,
                        "verbs": [
                            "use"
                        ],
                        "label": [
                            "FUNCTION"
                        ],
                        "sent_index": 0,
                        "type": "object"
                    }
                },
                {
                    "sub": {
                        "start": 0,
                        "end": 13,
                        "text": "Green Lambert",
                        "id": 2,
                        "label": [
                            "FUNCTION"
                        ],
                        "sent_index": 0,
                        "type": "subject"
                    },
                    "verb": {
                        "negation": false,
                        "text": "identify",
                        "index": 6,
                        "flag": 0
                    },
                    "obj": {
                        "start": 44,
                        "end": 65,
                        "text": "operating system name",
                        "id": 11,
                        "verbs": [
                            "identify"
                        ],
                        "label": [
                            "DATA"
                        ],
                        "sent_index": 0,
                        "type": "object",
                        "texts": [
                            "version",
                            "processor type",
                            "operating system name"
                        ]
                    }
                },
                {
                    "sub": {
                        "start": 0,
                        "end": 13,
                        "text": "Green Lambert",
                        "id": 2,
                        "label": [
                            "FUNCTION"
                        ],
                        "sent_index": 0,
                        "type": "subject"
                    },
                    "verb": {
                        "negation": false,
                        "text": "identify",
                        "index": 6,
                        "flag": 0
                    },
                    "obj": {
                        "start": 67,
                        "end": 74,
                        "text": "version",
                        "id": 13,
                        "verbs": [
                            "identify"
                        ],
                        "label": [
                            "DATA"
                        ],
                        "sent_index": 0,
                        "type": "object",
                        "texts": [
                            "version",
                            "processor type"
                        ]
                    }
                },
                {
                    "sub": {
                        "start": 0,
                        "end": 13,
                        "text": "Green Lambert",
                        "id": 2,
                        "label": [
                            "FUNCTION"
                        ],
                        "sent_index": 0,
                        "type": "subject"
                    },
                    "verb": {
                        "negation": false,
                        "text": "identify",
                        "index": 6,
                        "flag": 0
                    },
                    "obj": {
                        "start": 80,
                        "end": 94,
                        "text": "processor type",
                        "id": 17,
                        "verbs": [
                            "identify"
                        ],
                        "label": [
                            "DATA"
                        ],
                        "sent_index": 0,
                        "type": "object"
                    }
                }
            ]
        }
    ],
    "id": "relationship--48ee2b91-2ce7-46c0-a27a-aea1695355b4",
    "tech_id": "T1082",
    "location": [],
    "special_id": "T1082"
}