{
    "text": "AppleJeus has loaded a plist file using the launchctl command.",
    "graph_nodes": [
        {
            "id": 1,
            "contracted": 0,
            "meta": {
                "start": 0,
                "end": 9,
                "text": "AppleJeus",
                "id": 1,
                "label": [
                    "ACTOR"
                ],
                "sent_index": 0,
                "type": "subject",
                "sub_label": [
                    "MALWARE"
                ]
            }
        },
        {
            "id": 6,
            "contracted": 0,
            "meta": {
                "start": 23,
                "end": 33,
                "text": "plist file",
                "id": 6,
                "verbs": [
                    "load"
                ],
                "label": [
                    "DATA"
                ],
                "sent_index": 0,
                "type": "object"
            }
        },
        {
            "id": 10,
            "contracted": 0,
            "meta": {
                "start": 44,
                "end": 61,
                "text": "launchctl command",
                "id": 10,
                "verbs": [
                    "use"
                ],
                "label": [
                    "FUNCTION"
                ],
                "sent_index": 0,
                "type": "object"
            }
        }
    ],
    "graph_edges": [
        {
            "source": 1,
            "dest": 6,
            "index": 0,
            "verb": "load",
            "id": "1_6"
        },
        {
            "source": 1,
            "dest": 10,
            "index": 1,
            "verb": "use",
            "id": "1_10"
        }
    ],
    "replacement_mapper": {},
    "sentences": [
        {
            "id": 0,
            "text": "AppleJeus has loaded a plist file using the launchctl command.",
            "svos": [
                {
                    "sub": {
                        "start": 0,
                        "end": 9,
                        "text": "AppleJeus",
                        "id": 1,
                        "label": [
                            "ACTOR"
                        ],
                        "sent_index": 0,
                        "type": "subject",
                        "sub_label": [
                            "MALWARE"
                        ]
                    },
                    "verb": {
                        "negation": false,
                        "text": "load",
                        "index": 2,
                        "flag": 0
                    },
                    "obj": {
                        "start": 23,
                        "end": 33,
                        "text": "plist file",
                        "id": 6,
                        "verbs": [
                            "load"
                        ],
                        "label": [
                            "DATA"
                        ],
                        "sent_index": 0,
                        "type": "object"
                    }
                },
                {
                    "sub": {
                        "start": 0,
                        "end": 9,
                        "text": "AppleJeus",
                        "id": 1,
                        "label": [
                            "FUNCTION"
                        ],
                        "sent_index": 0,
                        "type": "subject"
                    },
                    "verb": {
                        "negation": false,
                        "text": "use",
                        "index": 6,
                        "flag": 0
                    },
                    "obj": {
                        "start": 44,
                        "end": 61,
                        "text": "launchctl command",
                        "id": 10,
                        "verbs": [
                            "use"
                        ],
                        "label": [
                            "FUNCTION"
                        ],
                        "sent_index": 0,
                        "type": "object"
                    }
                }
            ]
        }
    ],
    "id": "relationship--3eb174df-6b12-484e-89c1-fce208e6cdfd",
    "tech_id": "T1569.001",
    "location": [],
    "special_id": "T1569.001"
}