{
    "text": "the threat actors registered domains.",
    "graph_nodes": [
        {
            "id": 3,
            "contracted": 0,
            "meta": {
                "start": 4,
                "end": 17,
                "text": "threat actors",
                "id": 3,
                "label": [
                    "ACTOR"
                ],
                "sent_index": 0,
                "type": "subject"
            }
        },
        {
            "id": 5,
            "contracted": 0,
            "meta": {
                "start": 29,
                "end": 36,
                "text": "domains",
                "id": 5,
                "verbs": [
                    "register"
                ],
                "label": [
                    "NETWORK"
                ],
                "sent_index": 0,
                "type": "object"
            }
        }
    ],
    "graph_edges": [
        {
            "source": 3,
            "dest": 5,
            "index": 0,
            "verb": "register",
            "id": "3_5"
        }
    ],
    "replacement_mapper": {},
    "sentences": [
        {
            "id": 0,
            "text": "the threat actors registered domains.",
            "svos": [
                {
                    "sub": {
                        "start": 4,
                        "end": 17,
                        "text": "threat actors",
                        "id": 3,
                        "label": [
                            "ACTOR"
                        ],
                        "sent_index": 0,
                        "type": "subject"
                    },
                    "verb": {
                        "negation": false,
                        "text": "register",
                        "index": 3,
                        "flag": 0
                    },
                    "obj": {
                        "start": 29,
                        "end": 36,
                        "text": "domains",
                        "id": 5,
                        "verbs": [
                            "register"
                        ],
                        "label": [
                            "NETWORK"
                        ],
                        "sent_index": 0,
                        "type": "object"
                    }
                }
            ]
        }
    ],
    "id": "relationship--c274d8fa-8de4-4108-9d6f-9229edf752af",
    "tech_id": "T1583.001",
    "location": [],
    "special_id": "T1583.001"
}