{
    "text": "FinFisher hooks processes by modifying IAT pointers to CreateWindowEx.",
    "graph_nodes": [
        {
            "id": 1,
            "contracted": 0,
            "meta": {
                "start": 0,
                "end": 9,
                "text": "FinFisher",
                "id": 1,
                "label": [
                    "ACTOR"
                ],
                "sent_index": 0,
                "type": "subject",
                "sub_label": [
                    "MALWARE"
                ]
            }
        },
        {
            "id": 3,
            "contracted": 0,
            "meta": {
                "start": 16,
                "end": 25,
                "text": "processes",
                "id": 3,
                "verbs": [
                    "hook"
                ],
                "label": [
                    "FUNCTION"
                ],
                "sent_index": 0,
                "type": "object"
            }
        },
        {
            "id": 7,
            "contracted": 0,
            "meta": {
                "start": 39,
                "end": 51,
                "text": "IAT pointers",
                "id": 7,
                "verbs": [
                    "modify"
                ],
                "label": [
                    "DATA"
                ],
                "sent_index": 0,
                "type": "object"
            }
        },
        {
            "id": 9,
            "contracted": 0,
            "meta": {
                "start": 55,
                "end": 69,
                "text": "CreateWindowEx",
                "id": 9,
                "verbs": [
                    "to"
                ],
                "label": [
                    "FUNCTION"
                ],
                "sent_index": 0,
                "type": "object"
            }
        }
    ],
    "graph_edges": [
        {
            "source": 1,
            "dest": 3,
            "index": 0,
            "verb": "hook",
            "id": "1_3"
        },
        {
            "source": 1,
            "dest": 7,
            "index": 1,
            "verb": "modify",
            "id": "1_7"
        },
        {
            "source": 7,
            "dest": 9,
            "index": 2,
            "verb": "to",
            "id": "7_9"
        }
    ],
    "replacement_mapper": {},
    "sentences": [
        {
            "id": 0,
            "text": "FinFisher hooks processes by modifying IAT pointers to CreateWindowEx.",
            "svos": [
                {
                    "sub": {
                        "start": 0,
                        "end": 9,
                        "text": "FinFisher",
                        "id": 1,
                        "label": [
                            "ACTOR"
                        ],
                        "sent_index": 0,
                        "type": "subject",
                        "sub_label": [
                            "MALWARE"
                        ]
                    },
                    "verb": {
                        "negation": false,
                        "text": "hook",
                        "index": 1,
                        "flag": 0
                    },
                    "obj": {
                        "start": 16,
                        "end": 25,
                        "text": "processes",
                        "id": 3,
                        "verbs": [
                            "hook"
                        ],
                        "label": [
                            "FUNCTION"
                        ],
                        "sent_index": 0,
                        "type": "object"
                    }
                },
                {
                    "sub": {
                        "start": 0,
                        "end": 9,
                        "text": "FinFisher",
                        "id": 1,
                        "label": [
                            "FUNCTION"
                        ],
                        "sent_index": 0,
                        "type": "subject"
                    },
                    "verb": {
                        "negation": false,
                        "text": "modify",
                        "index": 4,
                        "flag": 0
                    },
                    "obj": {
                        "start": 39,
                        "end": 51,
                        "text": "IAT pointers",
                        "id": 7,
                        "verbs": [
                            "modify"
                        ],
                        "label": [
                            "DATA"
                        ],
                        "sent_index": 0,
                        "type": "object"
                    }
                },
                {
                    "sub": {
                        "start": 39,
                        "end": 51,
                        "text": "IAT pointers",
                        "id": 7,
                        "verbs": [
                            "modify"
                        ],
                        "label": [
                            "DATA"
                        ],
                        "sent_index": 0,
                        "type": "subject"
                    },
                    "verb": {
                        "negation": false,
                        "text": "to",
                        "index": 7,
                        "flag": 0
                    },
                    "obj": {
                        "start": 55,
                        "end": 69,
                        "text": "CreateWindowEx",
                        "id": 9,
                        "verbs": [
                            "to"
                        ],
                        "label": [
                            "FUNCTION"
                        ],
                        "sent_index": 0,
                        "type": "object"
                    }
                }
            ]
        }
    ],
    "id": "relationship--3b4f48d3-eb5d-4d7e-9f0b-86f68951207d",
    "tech_id": "T1056.004",
    "location": [],
    "special_id": "T1056.004"
}