{
    "text": "the threat actors collected data, files, and other information from compromised networks.",
    "graph_nodes": [
        {
            "id": 3,
            "contracted": 0,
            "meta": {
                "start": 4,
                "end": 17,
                "text": "threat actors",
                "id": 3,
                "label": [
                    "ACTOR"
                ],
                "sent_index": 0,
                "type": "subject"
            }
        },
        {
            "id": 5,
            "contracted": 0,
            "meta": {
                "start": 28,
                "end": 32,
                "text": "data",
                "id": 5,
                "verbs": [
                    "collect"
                ],
                "label": [
                    "DATA"
                ],
                "sent_index": 0,
                "type": "object",
                "texts": [
                    "data",
                    "information",
                    "files"
                ]
            }
        },
        {
            "id": 14,
            "contracted": 0,
            "meta": {
                "start": 68,
                "end": 88,
                "text": "compromised networks",
                "id": 14,
                "verbs": [
                    "from"
                ],
                "label": [
                    "NETWORK"
                ],
                "sent_index": 0,
                "type": "object"
            }
        }
    ],
    "graph_edges": [
        {
            "source": 3,
            "dest": 5,
            "index": 0,
            "verb": "collect",
            "id": "3_5"
        },
        {
            "source": 3,
            "dest": 14,
            "index": 6,
            "verb": "from",
            "id": "3_14"
        },
        {
            "source": 5,
            "dest": 14,
            "index": 3,
            "verb": "from",
            "id": "5_14"
        }
    ],
    "replacement_mapper": {},
    "sentences": [
        {
            "id": 0,
            "text": "the threat actors collected data, files, and other information from compromised networks.",
            "svos": [
                {
                    "sub": {
                        "start": 4,
                        "end": 17,
                        "text": "threat actors",
                        "id": 3,
                        "label": [
                            "ACTOR"
                        ],
                        "sent_index": 0,
                        "type": "subject"
                    },
                    "verb": {
                        "negation": false,
                        "text": "collect",
                        "index": 3,
                        "flag": 0
                    },
                    "obj": {
                        "start": 28,
                        "end": 32,
                        "text": "data",
                        "id": 5,
                        "verbs": [
                            "collect"
                        ],
                        "label": [
                            "DATA"
                        ],
                        "sent_index": 0,
                        "type": "object",
                        "texts": [
                            "data",
                            "information",
                            "files"
                        ]
                    }
                },
                {
                    "sub": {
                        "start": 4,
                        "end": 17,
                        "text": "threat actors",
                        "id": 3,
                        "label": [
                            "ACTOR"
                        ],
                        "sent_index": 0,
                        "type": "subject"
                    },
                    "verb": {
                        "negation": false,
                        "text": "collect",
                        "index": 3,
                        "flag": 0
                    },
                    "obj": {
                        "start": 34,
                        "end": 39,
                        "text": "files",
                        "id": 7,
                        "verbs": [
                            "collect"
                        ],
                        "label": [
                            "DATA"
                        ],
                        "sent_index": 0,
                        "type": "object",
                        "texts": [
                            "information",
                            "files"
                        ]
                    }
                },
                {
                    "sub": {
                        "start": 4,
                        "end": 17,
                        "text": "threat actors",
                        "id": 3,
                        "label": [
                            "ACTOR"
                        ],
                        "sent_index": 0,
                        "type": "subject"
                    },
                    "verb": {
                        "negation": false,
                        "text": "collect",
                        "index": 3,
                        "flag": 0
                    },
                    "obj": {
                        "start": 51,
                        "end": 62,
                        "text": "information",
                        "id": 11,
                        "verbs": [
                            "collect"
                        ],
                        "label": [
                            "DATA"
                        ],
                        "sent_index": 0,
                        "type": "object"
                    }
                },
                {
                    "sub": {
                        "start": 28,
                        "end": 32,
                        "text": "data",
                        "id": 5,
                        "verbs": [
                            "collect",
                            "collect",
                            "collect"
                        ],
                        "label": [
                            "DATA"
                        ],
                        "sent_index": 0,
                        "type": "subject"
                    },
                    "verb": {
                        "negation": false,
                        "text": "from",
                        "index": 11,
                        "flag": 0
                    },
                    "obj": {
                        "start": 68,
                        "end": 88,
                        "text": "compromised networks",
                        "id": 14,
                        "verbs": [
                            "from"
                        ],
                        "label": [
                            "NETWORK"
                        ],
                        "sent_index": 0,
                        "type": "object"
                    }
                },
                {
                    "sub": {
                        "start": 34,
                        "end": 39,
                        "text": "files",
                        "id": 7,
                        "verbs": [
                            "collect",
                            "collect"
                        ],
                        "label": [
                            "DATA"
                        ],
                        "sent_index": 0,
                        "type": "subject"
                    },
                    "verb": {
                        "negation": false,
                        "text": "from",
                        "index": 11,
                        "flag": 0
                    },
                    "obj": {
                        "start": 68,
                        "end": 88,
                        "text": "compromised networks",
                        "id": 14,
                        "verbs": [
                            "from"
                        ],
                        "label": [
                            "NETWORK"
                        ],
                        "sent_index": 0,
                        "type": "object"
                    }
                },
                {
                    "sub": {
                        "start": 51,
                        "end": 62,
                        "text": "information",
                        "id": 11,
                        "verbs": [
                            "collect"
                        ],
                        "label": [
                            "DATA"
                        ],
                        "sent_index": 0,
                        "type": "subject"
                    },
                    "verb": {
                        "negation": false,
                        "text": "from",
                        "index": 11,
                        "flag": 0
                    },
                    "obj": {
                        "start": 68,
                        "end": 88,
                        "text": "compromised networks",
                        "id": 14,
                        "verbs": [
                            "from"
                        ],
                        "label": [
                            "NETWORK"
                        ],
                        "sent_index": 0,
                        "type": "object"
                    }
                },
                {
                    "sub": {
                        "start": 4,
                        "end": 17,
                        "text": "threat actors",
                        "id": 3,
                        "label": [
                            "ACTOR"
                        ],
                        "sent_index": 0,
                        "type": "subject"
                    },
                    "verb": {
                        "negation": false,
                        "text": "from",
                        "index": 11,
                        "flag": 0
                    },
                    "obj": {
                        "start": 68,
                        "end": 88,
                        "text": "compromised networks",
                        "id": 14,
                        "verbs": [
                            "from"
                        ],
                        "label": [
                            "NETWORK"
                        ],
                        "sent_index": 0,
                        "type": "object"
                    }
                }
            ]
        }
    ],
    "id": "relationship--ea944454-a4e9-44fb-9cf1-3f018a455740",
    "tech_id": "T1005",
    "location": [],
    "special_id": "T1005"
}