{
    "text": "SharpDisco can create scheduled tasks to execute reverse shells that read and write data to and from specified SMB shares.",
    "graph_nodes": [
        {
            "id": 1,
            "contracted": 0,
            "meta": {
                "start": 0,
                "end": 10,
                "text": "SharpDisco",
                "id": 1,
                "label": [
                    "ACTOR"
                ],
                "sent_index": 0,
                "type": "subject",
                "sub_label": [
                    "MALWARE"
                ]
            }
        },
        {
            "id": 5,
            "contracted": 0,
            "meta": {
                "start": 22,
                "end": 37,
                "text": "scheduled tasks",
                "id": 5,
                "verbs": [
                    "create"
                ],
                "label": [
                    "FUNCTION"
                ],
                "sent_index": 0,
                "type": "object"
            }
        },
        {
            "id": 9,
            "contracted": 0,
            "meta": {
                "start": 49,
                "end": 63,
                "text": "reverse shells",
                "id": 9,
                "verbs": [
                    "execute"
                ],
                "label": [
                    "FUNCTION"
                ],
                "sent_index": 0,
                "type": "object"
            }
        },
        {
            "id": 14,
            "contracted": 0,
            "meta": {
                "start": 84,
                "end": 88,
                "text": "data",
                "id": 14,
                "verbs": [
                    "read"
                ],
                "label": [
                    "DATA"
                ],
                "sent_index": 0,
                "type": "object"
            }
        }
    ],
    "graph_edges": [
        {
            "source": 1,
            "dest": 5,
            "index": 0,
            "verb": "create",
            "id": "1_5"
        },
        {
            "source": 5,
            "dest": 9,
            "index": 1,
            "verb": "execute",
            "id": "5_9"
        },
        {
            "source": 9,
            "dest": 14,
            "index": 3,
            "verb": "write",
            "id": "9_14"
        }
    ],
    "replacement_mapper": {},
    "sentences": [
        {
            "id": 0,
            "text": "SharpDisco can create scheduled tasks to execute reverse shells that read and write data to and from specified SMB shares.",
            "svos": [
                {
                    "sub": {
                        "start": 0,
                        "end": 10,
                        "text": "SharpDisco",
                        "id": 1,
                        "label": [
                            "ACTOR"
                        ],
                        "sent_index": 0,
                        "type": "subject",
                        "sub_label": [
                            "MALWARE"
                        ]
                    },
                    "verb": {
                        "negation": false,
                        "text": "create",
                        "index": 2,
                        "flag": 0
                    },
                    "obj": {
                        "start": 22,
                        "end": 37,
                        "text": "scheduled tasks",
                        "id": 5,
                        "verbs": [
                            "create"
                        ],
                        "label": [
                            "FUNCTION"
                        ],
                        "sent_index": 0,
                        "type": "object"
                    }
                },
                {
                    "sub": {
                        "start": 22,
                        "end": 37,
                        "text": "scheduled tasks",
                        "id": 5,
                        "verbs": [
                            "create"
                        ],
                        "label": [
                            "FUNCTION"
                        ],
                        "sent_index": 0,
                        "type": "subject"
                    },
                    "verb": {
                        "negation": false,
                        "text": "execute",
                        "index": 6,
                        "flag": 0
                    },
                    "obj": {
                        "start": 49,
                        "end": 63,
                        "text": "reverse shells",
                        "id": 9,
                        "verbs": [
                            "execute"
                        ],
                        "label": [
                            "FUNCTION"
                        ],
                        "sent_index": 0,
                        "type": "object"
                    }
                },
                {
                    "sub": {
                        "start": 49,
                        "end": 63,
                        "text": "reverse shells",
                        "id": 9,
                        "verbs": [
                            "execute"
                        ],
                        "label": [
                            "FUNCTION"
                        ],
                        "sent_index": 0,
                        "type": "subject"
                    },
                    "verb": {
                        "negation": false,
                        "text": "read",
                        "index": 10,
                        "flag": 0
                    },
                    "obj": {
                        "start": 84,
                        "end": 88,
                        "text": "data",
                        "id": 14,
                        "verbs": [
                            "read"
                        ],
                        "label": [
                            "DATA"
                        ],
                        "sent_index": 0,
                        "type": "object"
                    }
                },
                {
                    "sub": {
                        "start": 49,
                        "end": 63,
                        "text": "reverse shells",
                        "id": 9,
                        "verbs": [
                            "execute"
                        ],
                        "label": [
                            "FUNCTION"
                        ],
                        "sent_index": 0,
                        "type": "subject"
                    },
                    "verb": {
                        "negation": false,
                        "text": "write",
                        "index": 12,
                        "flag": 0
                    },
                    "obj": {
                        "start": 84,
                        "end": 88,
                        "text": "data",
                        "id": 14,
                        "verbs": [
                            "write"
                        ],
                        "label": [
                            "DATA"
                        ],
                        "sent_index": 0,
                        "type": "object"
                    }
                }
            ]
        }
    ],
    "id": "relationship--4cd2bbbd-211a-4771-9e9d-a60356c04257",
    "tech_id": "T1053.005",
    "location": [],
    "special_id": "T1053.005"
}