{
    "text": "the threat actors deployed a file called DeployJava.js to fingerprint installed software on a victim system prior to exploit delivery.",
    "graph_nodes": [
        {
            "id": 3,
            "contracted": 0,
            "meta": {
                "start": 4,
                "end": 17,
                "text": "threat actors",
                "id": 3,
                "label": [
                    "ACTOR"
                ],
                "sent_index": 0,
                "type": "subject"
            }
        },
        {
            "id": 6,
            "contracted": 0,
            "meta": {
                "start": 29,
                "end": 33,
                "text": "file",
                "id": 6,
                "verbs": [
                    "deploy"
                ],
                "label": [
                    "FUNCTION",
                    "DATA"
                ],
                "sent_index": 0,
                "type": "object",
                "texts": [
                    "DeployJava.js",
                    "file"
                ]
            }
        },
        {
            "id": 12,
            "contracted": 0,
            "meta": {
                "start": 70,
                "end": 88,
                "text": "installed software",
                "id": 12,
                "verbs": [
                    "fingerprint"
                ],
                "label": [
                    "FUNCTION"
                ],
                "sent_index": 0,
                "type": "object"
            }
        },
        {
            "id": 16,
            "contracted": 0,
            "meta": {
                "start": 94,
                "end": 107,
                "text": "victim system",
                "id": 16,
                "label": [
                    "COMPONENT"
                ],
                "sent_index": 0,
                "type": "object"
            }
        }
    ],
    "graph_edges": [
        {
            "source": 3,
            "dest": 6,
            "index": 0,
            "verb": "deploy",
            "id": "3_6"
        },
        {
            "source": 3,
            "dest": 12,
            "index": 2,
            "verb": "fingerprint",
            "id": "3_12"
        },
        {
            "source": 12,
            "dest": 16,
            "index": 3,
            "verb": "on",
            "id": "12_16"
        }
    ],
    "replacement_mapper": {},
    "sentences": [
        {
            "id": 0,
            "text": "the threat actors deployed a file called DeployJava.js to fingerprint installed software on a victim system prior to exploit delivery.",
            "svos": [
                {
                    "sub": {
                        "start": 4,
                        "end": 17,
                        "text": "threat actors",
                        "id": 3,
                        "label": [
                            "ACTOR"
                        ],
                        "sent_index": 0,
                        "type": "subject"
                    },
                    "verb": {
                        "negation": false,
                        "text": "deploy",
                        "index": 3,
                        "flag": 0
                    },
                    "obj": {
                        "start": 29,
                        "end": 33,
                        "text": "file",
                        "id": 6,
                        "verbs": [
                            "deploy"
                        ],
                        "label": [
                            "FUNCTION",
                            "DATA"
                        ],
                        "sent_index": 0,
                        "type": "object",
                        "texts": [
                            "DeployJava.js",
                            "file"
                        ]
                    }
                },
                {
                    "sub": {
                        "start": 29,
                        "end": 33,
                        "text": "file",
                        "id": 6,
                        "verbs": [
                            "deploy"
                        ],
                        "label": [
                            "DATA"
                        ],
                        "sent_index": 0,
                        "type": "subject"
                    },
                    "verb": {
                        "negation": false,
                        "text": "call",
                        "index": 6,
                        "flag": 1
                    },
                    "obj": {
                        "start": 41,
                        "end": 54,
                        "text": "DeployJava.js",
                        "id": 8,
                        "verbs": [
                            "call"
                        ],
                        "label": [
                            "FUNCTION"
                        ],
                        "sent_index": 0,
                        "type": "object"
                    }
                },
                {
                    "sub": {
                        "start": 4,
                        "end": 17,
                        "text": "threat actors",
                        "id": 3,
                        "label": [
                            "ACTOR"
                        ],
                        "sent_index": 0,
                        "type": "subject"
                    },
                    "verb": {
                        "negation": false,
                        "text": "fingerprint",
                        "index": 9,
                        "flag": 0
                    },
                    "obj": {
                        "start": 70,
                        "end": 88,
                        "text": "installed software",
                        "id": 12,
                        "verbs": [
                            "fingerprint"
                        ],
                        "label": [
                            "FUNCTION"
                        ],
                        "sent_index": 0,
                        "type": "object"
                    }
                },
                {
                    "sub": {
                        "start": 70,
                        "end": 88,
                        "text": "installed software",
                        "id": 12,
                        "verbs": [
                            "fingerprint"
                        ],
                        "label": [
                            "FUNCTION"
                        ],
                        "sent_index": 0,
                        "type": "subject"
                    },
                    "verb": {
                        "negation": false,
                        "text": "on",
                        "index": 12,
                        "flag": 0
                    },
                    "obj": {
                        "start": 94,
                        "end": 107,
                        "text": "victim system",
                        "id": 16,
                        "label": [
                            "COMPONENT"
                        ],
                        "sent_index": 0,
                        "type": "object"
                    }
                }
            ]
        }
    ],
    "id": "relationship--c1214ef3-9bff-4702-8f54-4e6ddf955d93",
    "tech_id": "T1518",
    "location": [],
    "special_id": "T1518"
}