{
    "text": "CopyKittens has used Metasploit, Empire, and AirVPN for post-exploitation activities.",
    "graph_nodes": [
        {
            "id": 1,
            "contracted": 0,
            "meta": {
                "start": 0,
                "end": 11,
                "text": "CopyKittens",
                "id": 1,
                "label": [
                    "ACTOR"
                ],
                "sent_index": 0,
                "type": "subject"
            }
        },
        {
            "id": 4,
            "contracted": 0,
            "meta": {
                "start": 21,
                "end": 31,
                "text": "Metasploit",
                "id": 4,
                "verbs": [
                    "use"
                ],
                "label": [
                    "FUNCTION"
                ],
                "sent_index": 0,
                "type": "object",
                "texts": [
                    "AirVPN",
                    "Metasploit",
                    "Empire"
                ]
            }
        },
        {
            "id": 12,
            "contracted": 0,
            "meta": {
                "start": 56,
                "end": 84,
                "text": "post-exploitation activities",
                "id": 12,
                "label": [
                    "FUNCTION"
                ],
                "sent_index": 0,
                "type": "object"
            }
        }
    ],
    "graph_edges": [
        {
            "source": 1,
            "dest": 4,
            "index": 0,
            "verb": "use",
            "id": "1_4"
        },
        {
            "source": 1,
            "dest": 12,
            "index": 4,
            "verb": "for",
            "id": "1_12"
        },
        {
            "source": 4,
            "dest": 12,
            "index": 3,
            "verb": "for",
            "id": "4_12"
        }
    ],
    "replacement_mapper": {},
    "sentences": [
        {
            "id": 0,
            "text": "CopyKittens has used Metasploit, Empire, and AirVPN for post-exploitation activities.",
            "svos": [
                {
                    "sub": {
                        "start": 0,
                        "end": 11,
                        "text": "CopyKittens",
                        "id": 1,
                        "label": [
                            "ACTOR"
                        ],
                        "sent_index": 0,
                        "type": "subject"
                    },
                    "verb": {
                        "negation": false,
                        "text": "use",
                        "index": 2,
                        "flag": 0
                    },
                    "obj": {
                        "start": 21,
                        "end": 31,
                        "text": "Metasploit",
                        "id": 4,
                        "verbs": [
                            "use"
                        ],
                        "label": [
                            "FUNCTION"
                        ],
                        "sent_index": 0,
                        "type": "object",
                        "texts": [
                            "AirVPN",
                            "Metasploit",
                            "Empire"
                        ]
                    }
                },
                {
                    "sub": {
                        "start": 0,
                        "end": 11,
                        "text": "CopyKittens",
                        "id": 1,
                        "label": [
                            "ACTOR"
                        ],
                        "sent_index": 0,
                        "type": "subject"
                    },
                    "verb": {
                        "negation": false,
                        "text": "use",
                        "index": 2,
                        "flag": 0
                    },
                    "obj": {
                        "start": 33,
                        "end": 39,
                        "text": "Empire",
                        "id": 6,
                        "verbs": [
                            "use"
                        ],
                        "label": [
                            "FUNCTION"
                        ],
                        "sent_index": 0,
                        "type": "object",
                        "texts": [
                            "AirVPN",
                            "Empire"
                        ]
                    }
                },
                {
                    "sub": {
                        "start": 0,
                        "end": 11,
                        "text": "CopyKittens",
                        "id": 1,
                        "label": [
                            "ACTOR"
                        ],
                        "sent_index": 0,
                        "type": "subject"
                    },
                    "verb": {
                        "negation": false,
                        "text": "use",
                        "index": 2,
                        "flag": 0
                    },
                    "obj": {
                        "start": 45,
                        "end": 51,
                        "text": "AirVPN",
                        "id": 9,
                        "verbs": [
                            "use"
                        ],
                        "label": [
                            "FUNCTION"
                        ],
                        "sent_index": 0,
                        "type": "object"
                    }
                },
                {
                    "sub": {
                        "start": 21,
                        "end": 31,
                        "text": "Metasploit",
                        "id": 4,
                        "verbs": [
                            "use",
                            "use",
                            "use"
                        ],
                        "label": [
                            "FUNCTION"
                        ],
                        "sent_index": 0,
                        "type": "subject"
                    },
                    "verb": {
                        "negation": false,
                        "text": "for",
                        "index": 9,
                        "flag": 0
                    },
                    "obj": {
                        "start": 56,
                        "end": 84,
                        "text": "post-exploitation activities",
                        "id": 12,
                        "label": [
                            "FUNCTION"
                        ],
                        "sent_index": 0,
                        "type": "object"
                    }
                },
                {
                    "sub": {
                        "start": 0,
                        "end": 11,
                        "text": "CopyKittens",
                        "id": 1,
                        "label": [
                            "ACTOR"
                        ],
                        "sent_index": 0,
                        "type": "subject"
                    },
                    "verb": {
                        "negation": false,
                        "text": "for",
                        "index": 9,
                        "flag": 0
                    },
                    "obj": {
                        "start": 56,
                        "end": 84,
                        "text": "post-exploitation activities",
                        "id": 12,
                        "label": [
                            "FUNCTION"
                        ],
                        "sent_index": 0,
                        "type": "object"
                    }
                }
            ]
        }
    ],
    "id": "relationship--d35934e8-c16e-4820-a0ad-88e0eff27554",
    "tech_id": "T1588.002",
    "location": [],
    "special_id": "T1588.002"
}