{
    "text": "WannaCry scans its local network segment for remote systems to try to exploit and copy itself to.",
    "graph_nodes": [
        {
            "id": 1,
            "contracted": 0,
            "meta": {
                "start": 0,
                "end": 8,
                "text": "WannaCry",
                "id": 1,
                "label": [
                    "ACTOR"
                ],
                "sent_index": 0,
                "type": "subject",
                "sub_label": [
                    "MALWARE"
                ]
            }
        },
        {
            "id": 6,
            "contracted": 0,
            "meta": {
                "start": 19,
                "end": 40,
                "text": "local network segment",
                "id": 6,
                "verbs": [
                    "scan"
                ],
                "label": [
                    "NETWORK"
                ],
                "sent_index": 0,
                "type": "object"
            }
        },
        {
            "id": 9,
            "contracted": 0,
            "meta": {
                "start": 45,
                "end": 59,
                "text": "remote systems",
                "id": 9,
                "label": [
                    "COMPONENT"
                ],
                "sent_index": 0,
                "type": "object"
            }
        },
        {
            "id": 16,
            "contracted": 0,
            "meta": {
                "text": "itself",
                "start": 87,
                "end": 93,
                "id": 16,
                "verbs": [
                    "exploit"
                ],
                "label": [
                    "OTHER"
                ],
                "sent_index": 0,
                "type": "object"
            }
        }
    ],
    "graph_edges": [
        {
            "source": 1,
            "dest": 6,
            "index": 0,
            "verb": "scan",
            "id": "1_6"
        },
        {
            "source": 1,
            "dest": 9,
            "index": 2,
            "verb": "for",
            "id": "1_9"
        },
        {
            "source": 6,
            "dest": 9,
            "index": 1,
            "verb": "for",
            "id": "6_9"
        },
        {
            "source": 9,
            "dest": 16,
            "index": 4,
            "verb": "copy",
            "id": "9_16"
        }
    ],
    "replacement_mapper": {},
    "sentences": [
        {
            "id": 0,
            "text": "WannaCry scans its local network segment for remote systems to try to exploit and copy itself to.",
            "svos": [
                {
                    "sub": {
                        "start": 0,
                        "end": 8,
                        "text": "WannaCry",
                        "id": 1,
                        "label": [
                            "ACTOR"
                        ],
                        "sent_index": 0,
                        "type": "subject",
                        "sub_label": [
                            "MALWARE"
                        ]
                    },
                    "verb": {
                        "negation": false,
                        "text": "scan",
                        "index": 1,
                        "flag": 0
                    },
                    "obj": {
                        "start": 19,
                        "end": 40,
                        "text": "local network segment",
                        "id": 6,
                        "verbs": [
                            "scan"
                        ],
                        "label": [
                            "NETWORK"
                        ],
                        "sent_index": 0,
                        "type": "object"
                    }
                },
                {
                    "sub": {
                        "start": 19,
                        "end": 40,
                        "text": "local network segment",
                        "id": 6,
                        "verbs": [
                            "scan"
                        ],
                        "label": [
                            "NETWORK"
                        ],
                        "sent_index": 0,
                        "type": "subject"
                    },
                    "verb": {
                        "negation": false,
                        "text": "for",
                        "index": 6,
                        "flag": 0
                    },
                    "obj": {
                        "start": 45,
                        "end": 59,
                        "text": "remote systems",
                        "id": 9,
                        "label": [
                            "COMPONENT"
                        ],
                        "sent_index": 0,
                        "type": "object"
                    }
                },
                {
                    "sub": {
                        "start": 0,
                        "end": 8,
                        "text": "WannaCry",
                        "id": 1,
                        "label": [
                            "FUNCTION"
                        ],
                        "sent_index": 0,
                        "type": "subject"
                    },
                    "verb": {
                        "negation": false,
                        "text": "for",
                        "index": 6,
                        "flag": 0
                    },
                    "obj": {
                        "start": 45,
                        "end": 59,
                        "text": "remote systems",
                        "id": 9,
                        "label": [
                            "COMPONENT"
                        ],
                        "sent_index": 0,
                        "type": "object"
                    }
                },
                {
                    "sub": {
                        "start": 45,
                        "end": 59,
                        "text": "remote systems",
                        "id": 9,
                        "label": [
                            "COMPONENT"
                        ],
                        "sent_index": 0,
                        "type": "subject"
                    },
                    "verb": {
                        "negation": false,
                        "text": "exploit",
                        "index": 12,
                        "flag": 0
                    },
                    "obj": {
                        "text": "itself",
                        "start": 87,
                        "end": 93,
                        "id": 16,
                        "verbs": [
                            "exploit"
                        ],
                        "label": [
                            "OTHER"
                        ],
                        "sent_index": 0,
                        "type": "object"
                    }
                },
                {
                    "sub": {
                        "start": 45,
                        "end": 59,
                        "text": "remote systems",
                        "id": 9,
                        "label": [
                            "COMPONENT"
                        ],
                        "sent_index": 0,
                        "type": "subject"
                    },
                    "verb": {
                        "negation": false,
                        "text": "copy",
                        "index": 14,
                        "flag": 0
                    },
                    "obj": {
                        "text": "itself",
                        "start": 87,
                        "end": 93,
                        "id": 16,
                        "verbs": [
                            "copy"
                        ],
                        "label": [
                            "OTHER"
                        ],
                        "sent_index": 0,
                        "type": "object"
                    }
                }
            ]
        }
    ],
    "id": "relationship--7a116d1c-33ab-4729-abff-2e37dc387f31",
    "tech_id": "T1018",
    "location": [],
    "special_id": "T1018"
}