{
    "text": "Koadic can perform process injection by using a reflective DLL.",
    "graph_nodes": [
        {
            "id": 1,
            "contracted": 0,
            "meta": {
                "start": 0,
                "end": 6,
                "text": "Koadic",
                "id": 1,
                "label": [
                    "FUNCTION"
                ],
                "sent_index": 0,
                "type": "subject"
            }
        },
        {
            "id": 5,
            "contracted": 0,
            "meta": {
                "start": 19,
                "end": 36,
                "text": "process injection",
                "id": 5,
                "verbs": [
                    "perform"
                ],
                "label": [
                    "FUNCTION"
                ],
                "sent_index": 0,
                "type": "object"
            }
        },
        {
            "id": 10,
            "contracted": 0,
            "meta": {
                "start": 48,
                "end": 62,
                "text": "reflective DLL",
                "id": 10,
                "verbs": [
                    "use"
                ],
                "label": [
                    "REGISTRY"
                ],
                "sent_index": 0,
                "type": "object"
            }
        }
    ],
    "graph_edges": [
        {
            "source": 1,
            "dest": 5,
            "index": 0,
            "verb": "perform",
            "id": "1_5"
        },
        {
            "source": 1,
            "dest": 10,
            "index": 1,
            "verb": "use",
            "id": "1_10"
        }
    ],
    "replacement_mapper": {},
    "sentences": [
        {
            "id": 0,
            "text": "Koadic can perform process injection by using a reflective DLL.",
            "svos": [
                {
                    "sub": {
                        "start": 0,
                        "end": 6,
                        "text": "Koadic",
                        "id": 1,
                        "label": [
                            "FUNCTION"
                        ],
                        "sent_index": 0,
                        "type": "subject"
                    },
                    "verb": {
                        "negation": false,
                        "text": "perform",
                        "index": 2,
                        "flag": 0
                    },
                    "obj": {
                        "start": 19,
                        "end": 36,
                        "text": "process injection",
                        "id": 5,
                        "verbs": [
                            "perform"
                        ],
                        "label": [
                            "FUNCTION"
                        ],
                        "sent_index": 0,
                        "type": "object"
                    }
                },
                {
                    "sub": {
                        "start": 0,
                        "end": 6,
                        "text": "Koadic",
                        "id": 1,
                        "label": [
                            "FUNCTION"
                        ],
                        "sent_index": 0,
                        "type": "subject"
                    },
                    "verb": {
                        "negation": false,
                        "text": "use",
                        "index": 6,
                        "flag": 0
                    },
                    "obj": {
                        "start": 48,
                        "end": 62,
                        "text": "reflective DLL",
                        "id": 10,
                        "verbs": [
                            "use"
                        ],
                        "label": [
                            "REGISTRY"
                        ],
                        "sent_index": 0,
                        "type": "object"
                    }
                }
            ]
        }
    ],
    "id": "relationship--21674a10-7168-420e-b916-2979a3ee3b5e",
    "tech_id": "T1055.001",
    "location": [],
    "special_id": "T1055.001"
}