{
    "text": "the threat actors set up remote tunneling using an SSH tool to maintain access to a compromised environment.",
    "graph_nodes": [
        {
            "id": 3,
            "contracted": 0,
            "meta": {
                "start": 4,
                "end": 17,
                "text": "threat actors",
                "id": 3,
                "label": [
                    "ACTOR"
                ],
                "sent_index": 0,
                "type": "subject"
            }
        },
        {
            "id": 7,
            "contracted": 0,
            "meta": {
                "start": 25,
                "end": 41,
                "text": "remote tunneling",
                "id": 7,
                "verbs": [
                    "set"
                ],
                "label": [
                    "NETWORK"
                ],
                "sent_index": 0,
                "type": "object"
            }
        },
        {
            "id": 11,
            "contracted": 0,
            "meta": {
                "start": 51,
                "end": 59,
                "text": "SSH tool",
                "id": 11,
                "verbs": [
                    "use"
                ],
                "label": [
                    "FUNCTION"
                ],
                "sent_index": 0,
                "type": "object"
            }
        },
        {
            "id": 14,
            "contracted": 0,
            "meta": {
                "start": 72,
                "end": 78,
                "text": "access",
                "id": 14,
                "verbs": [
                    "maintain"
                ],
                "label": [
                    "DATA"
                ],
                "sent_index": 0,
                "type": "object"
            }
        },
        {
            "id": 18,
            "contracted": 0,
            "meta": {
                "start": 84,
                "end": 107,
                "text": "compromised environment",
                "id": 18,
                "verbs": [
                    "to"
                ],
                "label": [
                    "COMPONENT"
                ],
                "sent_index": 0,
                "type": "object"
            }
        }
    ],
    "graph_edges": [
        {
            "source": 3,
            "dest": 7,
            "index": 0,
            "verb": "set",
            "id": "3_7"
        },
        {
            "source": 3,
            "dest": 11,
            "index": 1,
            "verb": "use",
            "id": "3_11"
        },
        {
            "source": 3,
            "dest": 14,
            "index": 2,
            "verb": "maintain",
            "id": "3_14"
        },
        {
            "source": 14,
            "dest": 18,
            "index": 3,
            "verb": "to",
            "id": "14_18"
        }
    ],
    "replacement_mapper": {},
    "sentences": [
        {
            "id": 0,
            "text": "the threat actors set up remote tunneling using an SSH tool to maintain access to a compromised environment.",
            "svos": [
                {
                    "sub": {
                        "start": 4,
                        "end": 17,
                        "text": "threat actors",
                        "id": 3,
                        "label": [
                            "ACTOR"
                        ],
                        "sent_index": 0,
                        "type": "subject"
                    },
                    "verb": {
                        "negation": false,
                        "text": "set",
                        "index": 3,
                        "flag": 0
                    },
                    "obj": {
                        "start": 25,
                        "end": 41,
                        "text": "remote tunneling",
                        "id": 7,
                        "verbs": [
                            "set"
                        ],
                        "label": [
                            "NETWORK"
                        ],
                        "sent_index": 0,
                        "type": "object"
                    }
                },
                {
                    "sub": {
                        "start": 4,
                        "end": 17,
                        "text": "threat actors",
                        "id": 3,
                        "label": [
                            "ACTOR"
                        ],
                        "sent_index": 0,
                        "type": "subject"
                    },
                    "verb": {
                        "negation": false,
                        "text": "use",
                        "index": 7,
                        "flag": 0
                    },
                    "obj": {
                        "start": 51,
                        "end": 59,
                        "text": "SSH tool",
                        "id": 11,
                        "verbs": [
                            "use"
                        ],
                        "label": [
                            "FUNCTION"
                        ],
                        "sent_index": 0,
                        "type": "object"
                    }
                },
                {
                    "sub": {
                        "start": 4,
                        "end": 17,
                        "text": "threat actors",
                        "id": 3,
                        "label": [
                            "ACTOR"
                        ],
                        "sent_index": 0,
                        "type": "subject"
                    },
                    "verb": {
                        "negation": false,
                        "text": "maintain",
                        "index": 12,
                        "flag": 0
                    },
                    "obj": {
                        "start": 72,
                        "end": 78,
                        "text": "access",
                        "id": 14,
                        "verbs": [
                            "maintain"
                        ],
                        "label": [
                            "DATA"
                        ],
                        "sent_index": 0,
                        "type": "object"
                    }
                },
                {
                    "sub": {
                        "start": 72,
                        "end": 78,
                        "text": "access",
                        "id": 14,
                        "verbs": [
                            "maintain"
                        ],
                        "label": [
                            "DATA"
                        ],
                        "sent_index": 0,
                        "type": "subject"
                    },
                    "verb": {
                        "negation": false,
                        "text": "to",
                        "index": 14,
                        "flag": 0
                    },
                    "obj": {
                        "start": 84,
                        "end": 107,
                        "text": "compromised environment",
                        "id": 18,
                        "verbs": [
                            "to"
                        ],
                        "label": [
                            "COMPONENT"
                        ],
                        "sent_index": 0,
                        "type": "object"
                    }
                }
            ]
        }
    ],
    "id": "relationship--8f354951-cd88-4193-b3d5-b95038938c7f",
    "tech_id": "T1133",
    "location": [],
    "special_id": "T1133"
}