{
    "text": "Before executing malicious code, Ragnar Locker checks the Windows API GetLocaleInfoW and doesn't encrypt files if it finds a former Soviet country.",
    "graph_nodes": [
        {
            "id": 4,
            "contracted": 0,
            "meta": {
                "start": 27,
                "end": 31,
                "text": "code",
                "id": 4,
                "verbs": [
                    "execute"
                ],
                "label": [
                    "FUNCTION"
                ],
                "sent_index": 0,
                "type": "object"
            }
        },
        {
            "id": 7,
            "contracted": 0,
            "meta": {
                "start": 33,
                "end": 46,
                "text": "Ragnar Locker",
                "id": 7,
                "label": [
                    "FUNCTION"
                ],
                "sent_index": 0,
                "type": "subject"
            }
        },
        {
            "id": 11,
            "contracted": 0,
            "meta": {
                "start": 58,
                "end": 69,
                "text": "Windows API",
                "id": 11,
                "verbs": [
                    "check"
                ],
                "label": [
                    "FUNCTION"
                ],
                "sent_index": 0,
                "type": "object"
            }
        },
        {
            "id": 12,
            "contracted": 0,
            "meta": {
                "start": 70,
                "end": 84,
                "text": "GetLocaleInfoW",
                "id": 12,
                "verbs": [
                    "check"
                ],
                "label": [
                    "FUNCTION"
                ],
                "sent_index": 0,
                "type": "object"
            }
        },
        {
            "id": 17,
            "contracted": 0,
            "meta": {
                "start": 105,
                "end": 110,
                "text": "files",
                "id": 17,
                "verbs": [
                    "encrypt"
                ],
                "label": [
                    "DATA"
                ],
                "sent_index": 0,
                "type": "object"
            }
        }
    ],
    "graph_edges": [
        {
            "source": 7,
            "dest": 4,
            "index": 0,
            "verb": "execute",
            "id": "7_4"
        },
        {
            "source": 7,
            "dest": 11,
            "index": 1,
            "verb": "check",
            "id": "7_11"
        },
        {
            "source": 7,
            "dest": 12,
            "index": 2,
            "verb": "check",
            "id": "7_12"
        },
        {
            "source": 7,
            "dest": 17,
            "index": 3,
            "verb": "encrypt",
            "id": "7_17"
        }
    ],
    "replacement_mapper": {},
    "sentences": [
        {
            "id": 0,
            "text": "Before executing malicious code, Ragnar Locker checks the Windows API GetLocaleInfoW and doesn't encrypt files if it finds a former Soviet country.",
            "svos": [
                {
                    "sub": {
                        "start": 33,
                        "end": 46,
                        "text": "Ragnar Locker",
                        "id": 7,
                        "label": [
                            "FUNCTION"
                        ],
                        "sent_index": 0,
                        "type": "subject"
                    },
                    "verb": {
                        "negation": false,
                        "text": "execute",
                        "index": 2,
                        "flag": 0
                    },
                    "obj": {
                        "start": 27,
                        "end": 31,
                        "text": "code",
                        "id": 4,
                        "verbs": [
                            "execute"
                        ],
                        "label": [
                            "FUNCTION"
                        ],
                        "sent_index": 0,
                        "type": "object"
                    }
                },
                {
                    "sub": {
                        "start": 33,
                        "end": 46,
                        "text": "Ragnar Locker",
                        "id": 7,
                        "label": [
                            "FUNCTION"
                        ],
                        "sent_index": 0,
                        "type": "subject"
                    },
                    "verb": {
                        "negation": false,
                        "text": "check",
                        "index": 7,
                        "flag": 0
                    },
                    "obj": {
                        "start": 58,
                        "end": 69,
                        "text": "Windows API",
                        "id": 11,
                        "verbs": [
                            "check"
                        ],
                        "label": [
                            "FUNCTION"
                        ],
                        "sent_index": 0,
                        "type": "object"
                    }
                },
                {
                    "sub": {
                        "start": 33,
                        "end": 46,
                        "text": "Ragnar Locker",
                        "id": 7,
                        "label": [
                            "FUNCTION"
                        ],
                        "sent_index": 0,
                        "type": "subject"
                    },
                    "verb": {
                        "negation": false,
                        "text": "check",
                        "index": 7,
                        "flag": 0
                    },
                    "obj": {
                        "start": 70,
                        "end": 84,
                        "text": "GetLocaleInfoW",
                        "id": 12,
                        "verbs": [
                            "check"
                        ],
                        "label": [
                            "FUNCTION"
                        ],
                        "sent_index": 0,
                        "type": "object"
                    }
                },
                {
                    "sub": {
                        "start": 33,
                        "end": 46,
                        "text": "Ragnar Locker",
                        "id": 7,
                        "label": [
                            "FUNCTION"
                        ],
                        "sent_index": 0,
                        "type": "subject"
                    },
                    "verb": {
                        "negation": false,
                        "text": "encrypt",
                        "index": 15,
                        "flag": 0
                    },
                    "obj": {
                        "start": 105,
                        "end": 110,
                        "text": "files",
                        "id": 17,
                        "verbs": [
                            "encrypt"
                        ],
                        "label": [
                            "DATA"
                        ],
                        "sent_index": 0,
                        "type": "object"
                    }
                }
            ]
        }
    ],
    "id": "relationship--93fdbd36-b577-44bd-b4db-6daadbef9cb2",
    "tech_id": "T1614",
    "location": [],
    "special_id": "T1614"
}