{
    "text": "Unknown Logger can recording keystrokes.",
    "graph_nodes": [
        {
            "id": 2,
            "contracted": 0,
            "meta": {
                "start": 0,
                "end": 14,
                "text": "Unknown Logger",
                "id": 2,
                "label": [
                    "ACTOR"
                ],
                "sent_index": 0,
                "type": "subject",
                "sub_label": [
                    "MALWARE"
                ]
            }
        },
        {
            "id": 5,
            "contracted": 0,
            "meta": {
                "start": 29,
                "end": 39,
                "text": "keystrokes",
                "id": 5,
                "verbs": [
                    "record"
                ],
                "label": [
                    "FUNCTION"
                ],
                "sent_index": 0,
                "type": "object"
            }
        }
    ],
    "graph_edges": [
        {
            "source": 2,
            "dest": 5,
            "index": 0,
            "verb": "record",
            "id": "2_5"
        }
    ],
    "replacement_mapper": {},
    "sentences": [
        {
            "id": 0,
            "text": "Unknown Logger can recording keystrokes.",
            "svos": [
                {
                    "sub": {
                        "start": 0,
                        "end": 14,
                        "text": "Unknown Logger",
                        "id": 2,
                        "label": [
                            "ACTOR"
                        ],
                        "sent_index": 0,
                        "type": "subject",
                        "sub_label": [
                            "MALWARE"
                        ]
                    },
                    "verb": {
                        "negation": false,
                        "text": "record",
                        "index": 3,
                        "flag": 0
                    },
                    "obj": {
                        "start": 29,
                        "end": 39,
                        "text": "keystrokes",
                        "id": 5,
                        "verbs": [
                            "record"
                        ],
                        "label": [
                            "FUNCTION"
                        ],
                        "sent_index": 0,
                        "type": "object"
                    }
                }
            ]
        }
    ],
    "id": "relationship--ecde1551-bca2-4f45-8692-cbc583cf3d4f",
    "tech_id": "T1056.001",
    "location": [],
    "special_id": "T1056.001"
}