{
    "text": "BackdoorDiplomacy has disguised their backdoor droppers with naming conventions designed to blend into normal operations.",
    "graph_nodes": [
        {
            "id": 1,
            "contracted": 0,
            "meta": {
                "start": 0,
                "end": 17,
                "text": "BackdoorDiplomacy",
                "id": 1,
                "label": [
                    "ACTOR"
                ],
                "sent_index": 0,
                "type": "subject"
            }
        },
        {
            "id": 6,
            "contracted": 0,
            "meta": {
                "start": 38,
                "end": 55,
                "text": "backdoor droppers",
                "id": 6,
                "verbs": [
                    "disguise"
                ],
                "label": [
                    "FUNCTION"
                ],
                "sent_index": 0,
                "type": "object"
            }
        },
        {
            "id": 9,
            "contracted": 0,
            "meta": {
                "start": 61,
                "end": 79,
                "text": "naming conventions",
                "id": 9,
                "verbs": [
                    "with"
                ],
                "label": [
                    "DATA"
                ],
                "sent_index": 0,
                "type": "object"
            }
        },
        {
            "id": 15,
            "contracted": 0,
            "meta": {
                "start": 103,
                "end": 120,
                "text": "normal operations",
                "id": 15,
                "verbs": [
                    "blend"
                ],
                "label": [
                    "FUNCTION"
                ],
                "sent_index": 0,
                "type": "object"
            }
        }
    ],
    "graph_edges": [
        {
            "source": 1,
            "dest": 6,
            "index": 0,
            "verb": "disguise",
            "id": "1_6"
        },
        {
            "source": 1,
            "dest": 9,
            "index": 2,
            "verb": "with",
            "id": "1_9"
        },
        {
            "source": 6,
            "dest": 9,
            "index": 1,
            "verb": "with",
            "id": "6_9"
        },
        {
            "source": 9,
            "dest": 15,
            "index": 3,
            "verb": "blend",
            "id": "9_15"
        }
    ],
    "replacement_mapper": {},
    "sentences": [
        {
            "id": 0,
            "text": "BackdoorDiplomacy has disguised their backdoor droppers with naming conventions designed to blend into normal operations.",
            "svos": [
                {
                    "sub": {
                        "start": 0,
                        "end": 17,
                        "text": "BackdoorDiplomacy",
                        "id": 1,
                        "label": [
                            "ACTOR"
                        ],
                        "sent_index": 0,
                        "type": "subject"
                    },
                    "verb": {
                        "negation": false,
                        "text": "disguise",
                        "index": 2,
                        "flag": 0
                    },
                    "obj": {
                        "start": 38,
                        "end": 55,
                        "text": "backdoor droppers",
                        "id": 6,
                        "verbs": [
                            "disguise"
                        ],
                        "label": [
                            "FUNCTION"
                        ],
                        "sent_index": 0,
                        "type": "object"
                    }
                },
                {
                    "sub": {
                        "start": 38,
                        "end": 55,
                        "text": "backdoor droppers",
                        "id": 6,
                        "verbs": [
                            "disguise"
                        ],
                        "label": [
                            "FUNCTION"
                        ],
                        "sent_index": 0,
                        "type": "subject"
                    },
                    "verb": {
                        "negation": false,
                        "text": "with",
                        "index": 6,
                        "flag": 0
                    },
                    "obj": {
                        "start": 61,
                        "end": 79,
                        "text": "naming conventions",
                        "id": 9,
                        "verbs": [
                            "with"
                        ],
                        "label": [
                            "DATA"
                        ],
                        "sent_index": 0,
                        "type": "object"
                    }
                },
                {
                    "sub": {
                        "start": 0,
                        "end": 17,
                        "text": "BackdoorDiplomacy",
                        "id": 1,
                        "label": [
                            "ACTOR"
                        ],
                        "sent_index": 0,
                        "type": "subject"
                    },
                    "verb": {
                        "negation": false,
                        "text": "with",
                        "index": 6,
                        "flag": 0
                    },
                    "obj": {
                        "start": 61,
                        "end": 79,
                        "text": "naming conventions",
                        "id": 9,
                        "verbs": [
                            "with"
                        ],
                        "label": [
                            "DATA"
                        ],
                        "sent_index": 0,
                        "type": "object"
                    }
                },
                {
                    "sub": {
                        "start": 61,
                        "end": 79,
                        "text": "naming conventions",
                        "id": 9,
                        "label": [
                            "DATA"
                        ],
                        "sent_index": 0,
                        "type": "subject"
                    },
                    "verb": {
                        "negation": false,
                        "text": "blend",
                        "index": 11,
                        "flag": 0
                    },
                    "obj": {
                        "start": 103,
                        "end": 120,
                        "text": "normal operations",
                        "id": 15,
                        "verbs": [
                            "blend"
                        ],
                        "label": [
                            "FUNCTION"
                        ],
                        "sent_index": 0,
                        "type": "object"
                    }
                }
            ]
        }
    ],
    "id": "relationship--f7fee577-ea37-4d2b-9353-8bfada984f55",
    "tech_id": "T1036.004",
    "location": [],
    "special_id": "T1036.004"
}