{
    "text": "KeyBoy has a command to launch a file browser or explorer on the system.",
    "graph_nodes": [
        {
            "id": 1,
            "contracted": 0,
            "meta": {
                "start": 0,
                "end": 6,
                "text": "KeyBoy",
                "id": 1,
                "label": [
                    "ACTOR"
                ],
                "sent_index": 0,
                "type": "subject",
                "sub_label": [
                    "MALWARE"
                ]
            }
        },
        {
            "id": 4,
            "contracted": 0,
            "meta": {
                "start": 13,
                "end": 20,
                "text": "command",
                "id": 4,
                "verbs": [
                    "have"
                ],
                "label": [
                    "FUNCTION"
                ],
                "sent_index": 0,
                "type": "object"
            }
        },
        {
            "id": 9,
            "contracted": 0,
            "meta": {
                "start": 33,
                "end": 45,
                "text": "file browser",
                "id": 9,
                "verbs": [
                    "launch"
                ],
                "label": [
                    "FUNCTION",
                    "COMPONENT"
                ],
                "sent_index": 0,
                "type": "object",
                "texts": [
                    "explorer",
                    "file browser"
                ]
            }
        },
        {
            "id": 14,
            "contracted": 0,
            "meta": {
                "start": 65,
                "end": 71,
                "text": "system",
                "id": 14,
                "label": [
                    "COMPONENT"
                ],
                "sent_index": 0,
                "type": "object"
            }
        }
    ],
    "graph_edges": [
        {
            "source": 1,
            "dest": 4,
            "index": 0,
            "verb": "have",
            "id": "1_4"
        },
        {
            "source": 4,
            "dest": 9,
            "index": 1,
            "verb": "launch",
            "id": "4_9"
        },
        {
            "source": 9,
            "dest": 14,
            "index": 3,
            "verb": "on",
            "id": "9_14"
        }
    ],
    "replacement_mapper": {},
    "sentences": [
        {
            "id": 0,
            "text": "KeyBoy has a command to launch a file browser or explorer on the system.",
            "svos": [
                {
                    "sub": {
                        "start": 0,
                        "end": 6,
                        "text": "KeyBoy",
                        "id": 1,
                        "label": [
                            "ACTOR"
                        ],
                        "sent_index": 0,
                        "type": "subject",
                        "sub_label": [
                            "MALWARE"
                        ]
                    },
                    "verb": {
                        "negation": false,
                        "text": "have",
                        "index": 1,
                        "flag": 0
                    },
                    "obj": {
                        "start": 13,
                        "end": 20,
                        "text": "command",
                        "id": 4,
                        "verbs": [
                            "have"
                        ],
                        "label": [
                            "FUNCTION"
                        ],
                        "sent_index": 0,
                        "type": "object"
                    }
                },
                {
                    "sub": {
                        "start": 13,
                        "end": 20,
                        "text": "command",
                        "id": 4,
                        "verbs": [
                            "have"
                        ],
                        "label": [
                            "FUNCTION"
                        ],
                        "sent_index": 0,
                        "type": "subject"
                    },
                    "verb": {
                        "negation": false,
                        "text": "launch",
                        "index": 5,
                        "flag": 0
                    },
                    "obj": {
                        "start": 33,
                        "end": 45,
                        "text": "file browser",
                        "id": 9,
                        "verbs": [
                            "launch"
                        ],
                        "label": [
                            "FUNCTION",
                            "COMPONENT"
                        ],
                        "sent_index": 0,
                        "type": "object",
                        "texts": [
                            "explorer",
                            "file browser"
                        ]
                    }
                },
                {
                    "sub": {
                        "start": 13,
                        "end": 20,
                        "text": "command",
                        "id": 4,
                        "verbs": [
                            "have"
                        ],
                        "label": [
                            "FUNCTION"
                        ],
                        "sent_index": 0,
                        "type": "subject"
                    },
                    "verb": {
                        "negation": false,
                        "text": "launch",
                        "index": 5,
                        "flag": 0
                    },
                    "obj": {
                        "start": 49,
                        "end": 57,
                        "text": "explorer",
                        "id": 11,
                        "verbs": [
                            "launch"
                        ],
                        "label": [
                            "FUNCTION"
                        ],
                        "sent_index": 0,
                        "type": "object"
                    }
                },
                {
                    "sub": {
                        "start": 33,
                        "end": 45,
                        "text": "file browser",
                        "id": 9,
                        "verbs": [
                            "launch",
                            "launch"
                        ],
                        "label": [
                            "COMPONENT"
                        ],
                        "sent_index": 0,
                        "type": "subject"
                    },
                    "verb": {
                        "negation": false,
                        "text": "on",
                        "index": 11,
                        "flag": 0
                    },
                    "obj": {
                        "start": 65,
                        "end": 71,
                        "text": "system",
                        "id": 14,
                        "label": [
                            "COMPONENT"
                        ],
                        "sent_index": 0,
                        "type": "object"
                    }
                }
            ]
        }
    ],
    "id": "relationship--96ea567d-7113-4c2e-82c4-2ae6c6916ae9",
    "tech_id": "T1083",
    "location": [],
    "special_id": "T1083"
}