{
    "text": "Threat Group-3390 has downloaded additional malware and tools, such as by the use of certutil, onto a compromised host .",
    "graph_nodes": [
        {
            "id": 2,
            "contracted": 0,
            "meta": {
                "start": 0,
                "end": 17,
                "text": "Threat Group-3390",
                "id": 2,
                "label": [
                    "ACTOR"
                ],
                "sent_index": 0,
                "type": "subject"
            }
        },
        {
            "id": 6,
            "contracted": 0,
            "meta": {
                "start": 44,
                "end": 51,
                "text": "malware",
                "id": 6,
                "verbs": [
                    "download"
                ],
                "label": [
                    "FUNCTION"
                ],
                "sent_index": 0,
                "type": "object",
                "texts": [
                    "malware",
                    "tools"
                ]
            }
        },
        {
            "id": 14,
            "contracted": 0,
            "meta": {
                "start": 78,
                "end": 81,
                "text": "use",
                "id": 14,
                "label": [
                    "OTHER"
                ],
                "sent_index": 0,
                "type": "subject"
            }
        },
        {
            "id": 16,
            "contracted": 0,
            "meta": {
                "start": 85,
                "end": 93,
                "text": "certutil",
                "id": 16,
                "label": [
                    "FUNCTION"
                ],
                "sent_index": 0,
                "type": "object"
            }
        },
        {
            "id": 21,
            "contracted": 0,
            "meta": {
                "start": 102,
                "end": 118,
                "text": "compromised host",
                "id": 21,
                "verbs": [
                    "onto"
                ],
                "label": [
                    "COMPONENT"
                ],
                "sent_index": 0,
                "type": "object"
            }
        }
    ],
    "graph_edges": [
        {
            "source": 2,
            "dest": 6,
            "index": 0,
            "verb": "download",
            "id": "2_6"
        },
        {
            "source": 2,
            "dest": 21,
            "index": 4,
            "verb": "onto",
            "id": "2_21"
        },
        {
            "source": 6,
            "dest": 21,
            "index": 3,
            "verb": "onto",
            "id": "6_21"
        },
        {
            "source": 14,
            "dest": 16,
            "index": 2,
            "verb": "of",
            "id": "14_16"
        }
    ],
    "replacement_mapper": {},
    "sentences": [
        {
            "id": 0,
            "text": "Threat Group-3390 has downloaded additional malware and tools, such as by the use of certutil, onto a compromised host .",
            "svos": [
                {
                    "sub": {
                        "start": 0,
                        "end": 17,
                        "text": "Threat Group-3390",
                        "id": 2,
                        "label": [
                            "ACTOR"
                        ],
                        "sent_index": 0,
                        "type": "subject"
                    },
                    "verb": {
                        "negation": false,
                        "text": "download",
                        "index": 3,
                        "flag": 0
                    },
                    "obj": {
                        "start": 44,
                        "end": 51,
                        "text": "malware",
                        "id": 6,
                        "verbs": [
                            "download"
                        ],
                        "label": [
                            "FUNCTION"
                        ],
                        "sent_index": 0,
                        "type": "object",
                        "texts": [
                            "malware",
                            "tools"
                        ]
                    }
                },
                {
                    "sub": {
                        "start": 0,
                        "end": 17,
                        "text": "Threat Group-3390",
                        "id": 2,
                        "label": [
                            "ACTOR"
                        ],
                        "sent_index": 0,
                        "type": "subject"
                    },
                    "verb": {
                        "negation": false,
                        "text": "download",
                        "index": 3,
                        "flag": 0
                    },
                    "obj": {
                        "start": 56,
                        "end": 61,
                        "text": "tools",
                        "id": 8,
                        "verbs": [
                            "download"
                        ],
                        "label": [
                            "FUNCTION"
                        ],
                        "sent_index": 0,
                        "type": "object"
                    }
                },
                {
                    "sub": {
                        "start": 78,
                        "end": 81,
                        "text": "use",
                        "id": 14,
                        "label": [
                            "OTHER"
                        ],
                        "sent_index": 0,
                        "type": "subject"
                    },
                    "verb": {
                        "negation": false,
                        "text": "of",
                        "index": 14,
                        "flag": 0
                    },
                    "obj": {
                        "start": 85,
                        "end": 93,
                        "text": "certutil",
                        "id": 16,
                        "label": [
                            "FUNCTION"
                        ],
                        "sent_index": 0,
                        "type": "object"
                    }
                },
                {
                    "sub": {
                        "start": 44,
                        "end": 51,
                        "text": "malware",
                        "id": 6,
                        "verbs": [
                            "download",
                            "download"
                        ],
                        "label": [
                            "FUNCTION"
                        ],
                        "sent_index": 0,
                        "type": "subject"
                    },
                    "verb": {
                        "negation": false,
                        "text": "onto",
                        "index": 17,
                        "flag": 0
                    },
                    "obj": {
                        "start": 102,
                        "end": 118,
                        "text": "compromised host",
                        "id": 21,
                        "verbs": [
                            "onto"
                        ],
                        "label": [
                            "COMPONENT"
                        ],
                        "sent_index": 0,
                        "type": "object"
                    }
                },
                {
                    "sub": {
                        "start": 0,
                        "end": 17,
                        "text": "Threat Group-3390",
                        "id": 2,
                        "label": [
                            "ACTOR"
                        ],
                        "sent_index": 0,
                        "type": "subject"
                    },
                    "verb": {
                        "negation": false,
                        "text": "onto",
                        "index": 17,
                        "flag": 0
                    },
                    "obj": {
                        "start": 102,
                        "end": 118,
                        "text": "compromised host",
                        "id": 21,
                        "verbs": [
                            "onto"
                        ],
                        "label": [
                            "COMPONENT"
                        ],
                        "sent_index": 0,
                        "type": "object"
                    }
                }
            ]
        }
    ],
    "id": "relationship--6a1693a7-1e85-48b6-9097-11339a987099",
    "tech_id": "T1105",
    "location": [],
    "special_id": "T1105"
}