{
    "text": "Agent Tesla has used SMTP for C2 communications.",
    "graph_nodes": [
        {
            "id": 2,
            "contracted": 0,
            "meta": {
                "start": 0,
                "end": 11,
                "text": "Agent Tesla",
                "id": 2,
                "label": [
                    "ACTOR"
                ],
                "sent_index": 0,
                "type": "subject",
                "sub_label": [
                    "MALWARE"
                ]
            }
        },
        {
            "id": 5,
            "contracted": 0,
            "meta": {
                "start": 21,
                "end": 25,
                "text": "SMTP",
                "id": 5,
                "verbs": [
                    "use"
                ],
                "label": [
                    "NETWORK"
                ],
                "sent_index": 0,
                "type": "object"
            }
        },
        {
            "id": 8,
            "contracted": 0,
            "meta": {
                "start": 30,
                "end": 47,
                "text": "C2 communications",
                "id": 8,
                "label": [
                    "NETWORK"
                ],
                "sent_index": 0,
                "type": "object"
            }
        }
    ],
    "graph_edges": [
        {
            "source": 2,
            "dest": 5,
            "index": 0,
            "verb": "use",
            "id": "2_5"
        },
        {
            "source": 2,
            "dest": 8,
            "index": 2,
            "verb": "for",
            "id": "2_8"
        },
        {
            "source": 5,
            "dest": 8,
            "index": 1,
            "verb": "for",
            "id": "5_8"
        }
    ],
    "replacement_mapper": {},
    "sentences": [
        {
            "id": 0,
            "text": "Agent Tesla has used SMTP for C2 communications.",
            "svos": [
                {
                    "sub": {
                        "start": 0,
                        "end": 11,
                        "text": "Agent Tesla",
                        "id": 2,
                        "label": [
                            "ACTOR"
                        ],
                        "sent_index": 0,
                        "type": "subject",
                        "sub_label": [
                            "MALWARE"
                        ]
                    },
                    "verb": {
                        "negation": false,
                        "text": "use",
                        "index": 3,
                        "flag": 0
                    },
                    "obj": {
                        "start": 21,
                        "end": 25,
                        "text": "SMTP",
                        "id": 5,
                        "verbs": [
                            "use"
                        ],
                        "label": [
                            "NETWORK"
                        ],
                        "sent_index": 0,
                        "type": "object"
                    }
                },
                {
                    "sub": {
                        "start": 21,
                        "end": 25,
                        "text": "SMTP",
                        "id": 5,
                        "verbs": [
                            "use"
                        ],
                        "label": [
                            "NETWORK"
                        ],
                        "sent_index": 0,
                        "type": "subject"
                    },
                    "verb": {
                        "negation": false,
                        "text": "for",
                        "index": 5,
                        "flag": 0
                    },
                    "obj": {
                        "start": 30,
                        "end": 47,
                        "text": "C2 communications",
                        "id": 8,
                        "label": [
                            "NETWORK"
                        ],
                        "sent_index": 0,
                        "type": "object"
                    }
                },
                {
                    "sub": {
                        "start": 0,
                        "end": 11,
                        "text": "Agent Tesla",
                        "id": 2,
                        "label": [
                            "FUNCTION"
                        ],
                        "sent_index": 0,
                        "type": "subject"
                    },
                    "verb": {
                        "negation": false,
                        "text": "for",
                        "index": 5,
                        "flag": 0
                    },
                    "obj": {
                        "start": 30,
                        "end": 47,
                        "text": "C2 communications",
                        "id": 8,
                        "label": [
                            "NETWORK"
                        ],
                        "sent_index": 0,
                        "type": "object"
                    }
                }
            ]
        }
    ],
    "id": "relationship--c5401268-6b27-4088-9f2e-5439f68685d9",
    "tech_id": "T1071.003",
    "location": [],
    "special_id": "T1071.003"
}