{
    "text": "Several Ke3chang backdoors achieved persistence by adding a Run key.",
    "graph_nodes": [
        {
            "id": 3,
            "contracted": 0,
            "meta": {
                "start": 8,
                "end": 26,
                "text": "Ke3chang backdoors",
                "id": 3,
                "label": [
                    "FUNCTION"
                ],
                "sent_index": 0,
                "type": "subject"
            }
        },
        {
            "id": 10,
            "contracted": 0,
            "meta": {
                "start": 60,
                "end": 67,
                "text": "Run key",
                "id": 10,
                "verbs": [
                    "add"
                ],
                "label": [
                    "REGISTRY"
                ],
                "sent_index": 0,
                "type": "object"
            }
        }
    ],
    "graph_edges": [
        {
            "source": 3,
            "dest": 10,
            "index": 1,
            "verb": "add",
            "id": "3_10"
        }
    ],
    "replacement_mapper": {},
    "sentences": [
        {
            "id": 0,
            "text": "Several Ke3chang backdoors achieved persistence by adding a Run key.",
            "svos": [
                {
                    "sub": {
                        "start": 8,
                        "end": 26,
                        "text": "Ke3chang backdoors",
                        "id": 3,
                        "label": [
                            "FUNCTION"
                        ],
                        "sent_index": 0,
                        "type": "subject"
                    },
                    "verb": {
                        "negation": false,
                        "text": "achieve",
                        "index": 3,
                        "flag": 0
                    },
                    "obj": {
                        "start": 36,
                        "end": 47,
                        "text": "persistence",
                        "id": 5,
                        "verbs": [
                            "achieve"
                        ],
                        "label": [
                            "FUNCTION"
                        ],
                        "sent_index": 0,
                        "type": "object"
                    }
                },
                {
                    "sub": {
                        "start": 8,
                        "end": 26,
                        "text": "Ke3chang backdoors",
                        "id": 3,
                        "label": [
                            "FUNCTION"
                        ],
                        "sent_index": 0,
                        "type": "subject"
                    },
                    "verb": {
                        "negation": false,
                        "text": "add",
                        "index": 6,
                        "flag": 0
                    },
                    "obj": {
                        "start": 60,
                        "end": 67,
                        "text": "Run key",
                        "id": 10,
                        "verbs": [
                            "add"
                        ],
                        "label": [
                            "REGISTRY"
                        ],
                        "sent_index": 0,
                        "type": "object"
                    }
                }
            ]
        }
    ],
    "id": "relationship--dcb733f7-0b36-4b25-82d4-c332810562a7",
    "tech_id": "T1547.001",
    "location": [],
    "special_id": "T1547.001"
}