{
    "text": "PowerSploit's New-UserPersistenceOption Persistence argument can be used to establish by the REGISTRY0 Registry key.",
    "graph_nodes": [
        {
            "id": 1,
            "contracted": 0,
            "meta": {
                "text": "PowerSploit",
                "start": 0,
                "end": 11,
                "id": 1,
                "label": [
                    "FUNCTION"
                ],
                "sent_index": 0,
                "type": "object"
            }
        },
        {
            "id": 5,
            "contracted": 0,
            "meta": {
                "start": 14,
                "end": 60,
                "text": "New-UserPersistenceOption Persistence argument",
                "id": 5,
                "verbs": [
                    "use"
                ],
                "label": [
                    "DATA"
                ],
                "sent_index": 0,
                "type": "subject"
            }
        },
        {
            "id": 15,
            "contracted": 0,
            "meta": {
                "start": 93,
                "end": 115,
                "text": "HKCU\\SOFTWARE\\Microsoft\\Windows\\CurrentVersion\\Run Registry key",
                "id": 15,
                "verbs": [
                    "use"
                ],
                "label": [
                    "REGISTRY"
                ],
                "sent_index": 0,
                "type": "object"
            }
        }
    ],
    "graph_edges": [
        {
            "source": 5,
            "dest": 15,
            "index": 3,
            "verb": "establish",
            "id": "5_15"
        },
        {
            "source": 5,
            "dest": 1,
            "index": 1,
            "verb": "of",
            "id": "5_1"
        }
    ],
    "replacement_mapper": {
        "REGISTRY0": {
            "text": "HKCU\\SOFTWARE\\Microsoft\\Windows\\CurrentVersion\\Run",
            "label": "REGISTRY"
        }
    },
    "sentences": [
        {
            "id": 0,
            "text": "PowerSploit's New-UserPersistenceOption Persistence argument can be used to establish by the HKCU\\SOFTWARE\\Microsoft\\Windows\\CurrentVersion\\Run Registry key.",
            "svos": [
                {
                    "sub": {
                        "start": 14,
                        "end": 60,
                        "text": "New-UserPersistenceOption Persistence argument",
                        "id": 5,
                        "verbs": [
                            "use"
                        ],
                        "label": [
                            "DATA"
                        ],
                        "sent_index": 0,
                        "type": "subject"
                    },
                    "verb": {
                        "negation": false,
                        "text": "use",
                        "index": -1,
                        "flag": 0
                    },
                    "obj": {
                        "start": 93,
                        "end": 115,
                        "text": "HKCU\\SOFTWARE\\Microsoft\\Windows\\CurrentVersion\\Run Registry key",
                        "id": 15,
                        "verbs": [
                            "use"
                        ],
                        "label": [
                            "REGISTRY"
                        ],
                        "sent_index": 0,
                        "type": "object"
                    }
                },
                {
                    "sub": {
                        "start": 14,
                        "end": 60,
                        "text": "New-UserPersistenceOption Persistence argument",
                        "id": 5,
                        "verbs": [
                            "use"
                        ],
                        "label": [
                            "DATA"
                        ],
                        "sent_index": 0,
                        "type": "subject"
                    },
                    "verb": {
                        "negation": false,
                        "text": "of",
                        "index": 4,
                        "flag": 0
                    },
                    "obj": {
                        "text": "PowerSploit",
                        "start": 0,
                        "end": 11,
                        "id": 1,
                        "label": [
                            "FUNCTION"
                        ],
                        "sent_index": 0,
                        "type": "object"
                    }
                },
                {
                    "sub": {
                        "text": "ANY",
                        "start": 0,
                        "end": 0,
                        "label": [
                            "ACTOR"
                        ],
                        "id": 0,
                        "sent_index": 0,
                        "type": "subject"
                    },
                    "verb": {
                        "negation": false,
                        "text": "use",
                        "index": 7,
                        "flag": 0
                    },
                    "obj": {
                        "start": 14,
                        "end": 60,
                        "text": "New-UserPersistenceOption Persistence argument",
                        "id": 5,
                        "verbs": [
                            "use"
                        ],
                        "label": [
                            "DATA"
                        ],
                        "sent_index": 0,
                        "type": "object"
                    }
                },
                {
                    "sub": {
                        "start": 14,
                        "end": 60,
                        "text": "New-UserPersistenceOption Persistence argument",
                        "id": 5,
                        "verbs": [
                            "use"
                        ],
                        "label": [
                            "DATA"
                        ],
                        "sent_index": 0,
                        "type": "subject"
                    },
                    "verb": {
                        "negation": false,
                        "text": "establish",
                        "index": 9,
                        "flag": 0
                    },
                    "obj": {
                        "start": 93,
                        "end": 115,
                        "text": "HKCU\\SOFTWARE\\Microsoft\\Windows\\CurrentVersion\\Run Registry key",
                        "id": 15,
                        "verbs": [
                            "establish"
                        ],
                        "label": [
                            "REGISTRY"
                        ],
                        "sent_index": 0,
                        "type": "object"
                    }
                }
            ]
        }
    ],
    "id": "relationship--7b06929c-1b23-4efc-9fc1-64552d5fbdb2",
    "tech_id": "T1547.001",
    "location": [],
    "special_id": "T1547.001"
}