{
    "text": "OceanSalt has been delivered by spearphishing emails with Microsoft Office attachments.",
    "graph_nodes": [
        {
            "id": 1,
            "contracted": 0,
            "meta": {
                "start": 0,
                "end": 9,
                "text": "OceanSalt",
                "id": 1,
                "verbs": [
                    "deliver"
                ],
                "label": [
                    "ACTOR"
                ],
                "sent_index": 0,
                "type": "object",
                "sub_label": [
                    "MALWARE"
                ]
            }
        },
        {
            "id": 7,
            "contracted": 0,
            "meta": {
                "start": 32,
                "end": 52,
                "text": "spearphishing emails",
                "id": 7,
                "label": [
                    "NETWORK"
                ],
                "sent_index": 0,
                "type": "subject"
            }
        },
        {
            "id": 11,
            "contracted": 0,
            "meta": {
                "start": 58,
                "end": 86,
                "text": "Microsoft Office attachments",
                "id": 11,
                "verbs": [
                    "with"
                ],
                "label": [
                    "DATA"
                ],
                "sent_index": 0,
                "type": "object"
            }
        }
    ],
    "graph_edges": [
        {
            "source": 7,
            "dest": 1,
            "index": 0,
            "verb": "deliver",
            "id": "7_1"
        },
        {
            "source": 7,
            "dest": 11,
            "index": 1,
            "verb": "with",
            "id": "7_11"
        }
    ],
    "replacement_mapper": {},
    "sentences": [
        {
            "id": 0,
            "text": "OceanSalt has been delivered by spearphishing emails with Microsoft Office attachments.",
            "svos": [
                {
                    "sub": {
                        "start": 32,
                        "end": 52,
                        "text": "spearphishing emails",
                        "id": 7,
                        "label": [
                            "NETWORK"
                        ],
                        "sent_index": 0,
                        "type": "subject"
                    },
                    "verb": {
                        "negation": false,
                        "text": "deliver",
                        "index": 3,
                        "flag": 0
                    },
                    "obj": {
                        "start": 0,
                        "end": 9,
                        "text": "OceanSalt",
                        "id": 1,
                        "verbs": [
                            "deliver"
                        ],
                        "label": [
                            "ACTOR"
                        ],
                        "sent_index": 0,
                        "type": "object",
                        "sub_label": [
                            "MALWARE"
                        ]
                    }
                },
                {
                    "sub": {
                        "start": 32,
                        "end": 52,
                        "text": "spearphishing emails",
                        "id": 7,
                        "label": [
                            "NETWORK"
                        ],
                        "sent_index": 0,
                        "type": "subject"
                    },
                    "verb": {
                        "negation": false,
                        "text": "with",
                        "index": 7,
                        "flag": 0
                    },
                    "obj": {
                        "start": 58,
                        "end": 86,
                        "text": "Microsoft Office attachments",
                        "id": 11,
                        "verbs": [
                            "with"
                        ],
                        "label": [
                            "DATA"
                        ],
                        "sent_index": 0,
                        "type": "object"
                    }
                }
            ]
        }
    ],
    "id": "relationship--faf1e821-465d-40cc-b523-73f1ba308932",
    "tech_id": "T1566.001",
    "location": [],
    "special_id": "T1566.001"
}