{
    "text": "Sibot has downloaded a DLL to the DIRECTORY0\\ folder and renamed it with a .sys extension.",
    "graph_nodes": [
        {
            "id": 1,
            "contracted": 0,
            "meta": {
                "start": 0,
                "end": 5,
                "text": "Sibot",
                "id": 1,
                "label": [
                    "ACTOR"
                ],
                "sent_index": 0,
                "type": "subject",
                "sub_label": [
                    "MALWARE"
                ]
            }
        },
        {
            "id": 5,
            "contracted": 0,
            "meta": {
                "start": 23,
                "end": 26,
                "text": "DLL",
                "id": 5,
                "verbs": [
                    "download"
                ],
                "label": [
                    "REGISTRY"
                ],
                "sent_index": 0,
                "type": "object",
                "ids": [
                    5,
                    12
                ],
                "texts": [
                    "DLL"
                ]
            }
        },
        {
            "id": 9,
            "contracted": 0,
            "meta": {
                "start": 34,
                "end": 52,
                "text": "C:\\windows\\system32\\drivers\\ folder",
                "id": 9,
                "verbs": [
                    "to"
                ],
                "label": [
                    "DIRECTORY"
                ],
                "sent_index": 0,
                "type": "object"
            }
        },
        {
            "id": 16,
            "contracted": 0,
            "meta": {
                "start": 75,
                "end": 89,
                "text": ".sys extension",
                "id": 16,
                "verbs": [
                    "with"
                ],
                "label": [
                    "DATA"
                ],
                "sent_index": 0,
                "type": "object"
            }
        }
    ],
    "graph_edges": [
        {
            "source": 1,
            "dest": 5,
            "index": 0,
            "verb": "download",
            "id": "1_5"
        },
        {
            "source": 1,
            "dest": 9,
            "index": 2,
            "verb": "to",
            "id": "1_9"
        },
        {
            "source": 1,
            "dest": 16,
            "index": 5,
            "verb": "with",
            "id": "1_16"
        },
        {
            "source": 5,
            "dest": 9,
            "index": 1,
            "verb": "to",
            "id": "5_9"
        },
        {
            "source": 5,
            "dest": 16,
            "index": 4,
            "verb": "with",
            "id": "5_16"
        }
    ],
    "replacement_mapper": {
        "DIRECTORY0": {
            "text": "C:\\windows\\system32\\drivers",
            "label": "DIRECTORY"
        }
    },
    "sentences": [
        {
            "id": 0,
            "text": "Sibot has downloaded a DLL to the C:\\windows\\system32\\drivers\\ folder and renamed it with a .sys extension.",
            "svos": [
                {
                    "sub": {
                        "start": 0,
                        "end": 5,
                        "text": "Sibot",
                        "id": 1,
                        "label": [
                            "ACTOR"
                        ],
                        "sent_index": 0,
                        "type": "subject",
                        "sub_label": [
                            "MALWARE"
                        ]
                    },
                    "verb": {
                        "negation": false,
                        "text": "download",
                        "index": 2,
                        "flag": 0
                    },
                    "obj": {
                        "start": 23,
                        "end": 26,
                        "text": "DLL",
                        "id": 5,
                        "verbs": [
                            "download"
                        ],
                        "label": [
                            "REGISTRY"
                        ],
                        "sent_index": 0,
                        "type": "object",
                        "ids": [
                            5,
                            12
                        ],
                        "texts": [
                            "DLL"
                        ]
                    }
                },
                {
                    "sub": {
                        "start": 23,
                        "end": 26,
                        "text": "DLL",
                        "id": 5,
                        "verbs": [
                            "download"
                        ],
                        "label": [
                            "REGISTRY"
                        ],
                        "sent_index": 0,
                        "type": "subject"
                    },
                    "verb": {
                        "negation": false,
                        "text": "to",
                        "index": 5,
                        "flag": 0
                    },
                    "obj": {
                        "start": 34,
                        "end": 52,
                        "text": "C:\\windows\\system32\\drivers\\ folder",
                        "id": 9,
                        "verbs": [
                            "to"
                        ],
                        "label": [
                            "DIRECTORY"
                        ],
                        "sent_index": 0,
                        "type": "object"
                    }
                },
                {
                    "sub": {
                        "start": 0,
                        "end": 5,
                        "text": "Sibot",
                        "id": 1,
                        "label": [
                            "FUNCTION"
                        ],
                        "sent_index": 0,
                        "type": "subject"
                    },
                    "verb": {
                        "negation": false,
                        "text": "to",
                        "index": 5,
                        "flag": 0
                    },
                    "obj": {
                        "start": 34,
                        "end": 52,
                        "text": "C:\\windows\\system32\\drivers\\ folder",
                        "id": 9,
                        "verbs": [
                            "to"
                        ],
                        "label": [
                            "DIRECTORY"
                        ],
                        "sent_index": 0,
                        "type": "object"
                    }
                },
                {
                    "sub": {
                        "start": 0,
                        "end": 5,
                        "text": "Sibot",
                        "id": 1,
                        "label": [
                            "FUNCTION"
                        ],
                        "sent_index": 0,
                        "type": "subject"
                    },
                    "verb": {
                        "negation": false,
                        "text": "rename",
                        "index": 10,
                        "flag": 0
                    },
                    "obj": {
                        "start": 65,
                        "end": 67,
                        "text": "it",
                        "id": 12,
                        "verbs": [
                            "rename"
                        ],
                        "label": [
                            "ACTOR"
                        ],
                        "sent_index": 0,
                        "type": "object"
                    }
                },
                {
                    "sub": {
                        "start": 65,
                        "end": 67,
                        "text": "it",
                        "id": 12,
                        "verbs": [
                            "rename"
                        ],
                        "label": [
                            "OTHER"
                        ],
                        "sent_index": 0,
                        "type": "subject"
                    },
                    "verb": {
                        "negation": false,
                        "text": "with",
                        "index": 12,
                        "flag": 0
                    },
                    "obj": {
                        "start": 75,
                        "end": 89,
                        "text": ".sys extension",
                        "id": 16,
                        "verbs": [
                            "with"
                        ],
                        "label": [
                            "DATA"
                        ],
                        "sent_index": 0,
                        "type": "object"
                    }
                },
                {
                    "sub": {
                        "start": 0,
                        "end": 5,
                        "text": "Sibot",
                        "id": 1,
                        "label": [
                            "FUNCTION"
                        ],
                        "sent_index": 0,
                        "type": "subject"
                    },
                    "verb": {
                        "negation": false,
                        "text": "with",
                        "index": 12,
                        "flag": 0
                    },
                    "obj": {
                        "start": 75,
                        "end": 89,
                        "text": ".sys extension",
                        "id": 16,
                        "verbs": [
                            "with"
                        ],
                        "label": [
                            "DATA"
                        ],
                        "sent_index": 0,
                        "type": "object"
                    }
                }
            ]
        }
    ],
    "id": "relationship--3e79db26-a2ce-4233-a86c-5a97b10dd937",
    "tech_id": "T1036.005",
    "location": [],
    "special_id": "T1036.005"
}