{
    "text": "Lazarus Group has hosted malicious downloads on Github.",
    "graph_nodes": [
        {
            "id": 2,
            "contracted": 0,
            "meta": {
                "start": 0,
                "end": 13,
                "text": "Lazarus Group",
                "id": 2,
                "label": [
                    "ACTOR"
                ],
                "sent_index": 0,
                "type": "subject"
            }
        },
        {
            "id": 6,
            "contracted": 0,
            "meta": {
                "start": 35,
                "end": 44,
                "text": "downloads",
                "id": 6,
                "verbs": [
                    "host"
                ],
                "label": [
                    "FUNCTION"
                ],
                "sent_index": 0,
                "type": "object"
            }
        },
        {
            "id": 8,
            "contracted": 0,
            "meta": {
                "start": 48,
                "end": 54,
                "text": "Github",
                "id": 8,
                "label": [
                    "COMPONENT"
                ],
                "sent_index": 0,
                "type": "object"
            }
        }
    ],
    "graph_edges": [
        {
            "source": 2,
            "dest": 6,
            "index": 0,
            "verb": "host",
            "id": "2_6"
        },
        {
            "source": 2,
            "dest": 8,
            "index": 2,
            "verb": "on",
            "id": "2_8"
        },
        {
            "source": 6,
            "dest": 8,
            "index": 1,
            "verb": "on",
            "id": "6_8"
        }
    ],
    "replacement_mapper": {},
    "sentences": [
        {
            "id": 0,
            "text": "Lazarus Group has hosted malicious downloads on Github.",
            "svos": [
                {
                    "sub": {
                        "start": 0,
                        "end": 13,
                        "text": "Lazarus Group",
                        "id": 2,
                        "label": [
                            "ACTOR"
                        ],
                        "sent_index": 0,
                        "type": "subject"
                    },
                    "verb": {
                        "negation": false,
                        "text": "host",
                        "index": 3,
                        "flag": 0
                    },
                    "obj": {
                        "start": 35,
                        "end": 44,
                        "text": "downloads",
                        "id": 6,
                        "verbs": [
                            "host"
                        ],
                        "label": [
                            "FUNCTION"
                        ],
                        "sent_index": 0,
                        "type": "object"
                    }
                },
                {
                    "sub": {
                        "start": 35,
                        "end": 44,
                        "text": "downloads",
                        "id": 6,
                        "verbs": [
                            "host"
                        ],
                        "label": [
                            "FUNCTION"
                        ],
                        "sent_index": 0,
                        "type": "subject"
                    },
                    "verb": {
                        "negation": false,
                        "text": "on",
                        "index": 6,
                        "flag": 0
                    },
                    "obj": {
                        "start": 48,
                        "end": 54,
                        "text": "Github",
                        "id": 8,
                        "label": [
                            "COMPONENT"
                        ],
                        "sent_index": 0,
                        "type": "object"
                    }
                },
                {
                    "sub": {
                        "start": 0,
                        "end": 13,
                        "text": "Lazarus Group",
                        "id": 2,
                        "label": [
                            "ACTOR"
                        ],
                        "sent_index": 0,
                        "type": "subject"
                    },
                    "verb": {
                        "negation": false,
                        "text": "on",
                        "index": 6,
                        "flag": 0
                    },
                    "obj": {
                        "start": 48,
                        "end": 54,
                        "text": "Github",
                        "id": 8,
                        "label": [
                            "COMPONENT"
                        ],
                        "sent_index": 0,
                        "type": "object"
                    }
                }
            ]
        }
    ],
    "id": "relationship--7e2b9c63-69ac-4050-b057-2fe16ef1d355",
    "tech_id": "T1583.006",
    "location": [],
    "special_id": "T1583.006"
}