{
    "text": "APT18 obfuscates strings in the payload.",
    "graph_nodes": [
        {
            "id": 1,
            "contracted": 0,
            "meta": {
                "start": 0,
                "end": 5,
                "text": "APT18",
                "id": 1,
                "label": [
                    "ACTOR"
                ],
                "sent_index": 0,
                "type": "subject"
            }
        },
        {
            "id": 3,
            "contracted": 0,
            "meta": {
                "start": 17,
                "end": 24,
                "text": "strings",
                "id": 3,
                "verbs": [
                    "obfuscate"
                ],
                "label": [
                    "DATA"
                ],
                "sent_index": 0,
                "type": "object"
            }
        },
        {
            "id": 6,
            "contracted": 0,
            "meta": {
                "start": 32,
                "end": 39,
                "text": "payload",
                "id": 6,
                "label": [
                    "FUNCTION"
                ],
                "sent_index": 0,
                "type": "object"
            }
        }
    ],
    "graph_edges": [
        {
            "source": 1,
            "dest": 3,
            "index": 0,
            "verb": "obfuscate",
            "id": "1_3"
        },
        {
            "source": 3,
            "dest": 6,
            "index": 1,
            "verb": "in",
            "id": "3_6"
        }
    ],
    "replacement_mapper": {},
    "sentences": [
        {
            "id": 0,
            "text": "APT18 obfuscates strings in the payload.",
            "svos": [
                {
                    "sub": {
                        "start": 0,
                        "end": 5,
                        "text": "APT18",
                        "id": 1,
                        "label": [
                            "ACTOR"
                        ],
                        "sent_index": 0,
                        "type": "subject"
                    },
                    "verb": {
                        "negation": false,
                        "text": "obfuscate",
                        "index": 1,
                        "flag": 0
                    },
                    "obj": {
                        "start": 17,
                        "end": 24,
                        "text": "strings",
                        "id": 3,
                        "verbs": [
                            "obfuscate"
                        ],
                        "label": [
                            "DATA"
                        ],
                        "sent_index": 0,
                        "type": "object"
                    }
                },
                {
                    "sub": {
                        "start": 17,
                        "end": 24,
                        "text": "strings",
                        "id": 3,
                        "verbs": [
                            "obfuscate"
                        ],
                        "label": [
                            "DATA"
                        ],
                        "sent_index": 0,
                        "type": "subject"
                    },
                    "verb": {
                        "negation": false,
                        "text": "in",
                        "index": 3,
                        "flag": 0
                    },
                    "obj": {
                        "start": 32,
                        "end": 39,
                        "text": "payload",
                        "id": 6,
                        "label": [
                            "FUNCTION"
                        ],
                        "sent_index": 0,
                        "type": "object"
                    }
                }
            ]
        }
    ],
    "id": "relationship--23bd8e78-b20d-41bd-acfb-5ed356b327b2",
    "tech_id": "T1027",
    "location": [],
    "special_id": "T1027"
}