{
    "text": "Ebury has injected its dynamic library into descendent processes of sshd by LD_PRELOAD.",
    "graph_nodes": [
        {
            "id": 1,
            "contracted": 0,
            "meta": {
                "start": 0,
                "end": 5,
                "text": "Ebury",
                "id": 1,
                "label": [
                    "ACTOR"
                ],
                "sent_index": 0,
                "type": "subject",
                "sub_label": [
                    "MALWARE"
                ]
            }
        },
        {
            "id": 6,
            "contracted": 0,
            "meta": {
                "start": 23,
                "end": 38,
                "text": "dynamic library",
                "id": 6,
                "verbs": [
                    "inject"
                ],
                "label": [
                    "FUNCTION"
                ],
                "sent_index": 0,
                "type": "object"
            }
        },
        {
            "id": 9,
            "contracted": 0,
            "meta": {
                "start": 44,
                "end": 64,
                "text": "descendent processes",
                "id": 9,
                "verbs": [
                    "into"
                ],
                "label": [
                    "FUNCTION"
                ],
                "sent_index": 0,
                "type": "object"
            }
        },
        {
            "id": 11,
            "contracted": 0,
            "meta": {
                "start": 68,
                "end": 72,
                "text": "sshd",
                "id": 11,
                "label": [
                    "FUNCTION"
                ],
                "sent_index": 0,
                "type": "object"
            }
        },
        {
            "id": 13,
            "contracted": 0,
            "meta": {
                "start": 76,
                "end": 86,
                "text": "LD_PRELOAD",
                "id": 13,
                "verbs": [
                    "use"
                ],
                "label": [
                    "FUNCTION"
                ],
                "sent_index": 0,
                "type": "object"
            }
        }
    ],
    "graph_edges": [
        {
            "source": 1,
            "dest": 13,
            "index": 6,
            "verb": "by",
            "id": "1_13"
        },
        {
            "source": 1,
            "dest": 6,
            "index": 1,
            "verb": "inject",
            "id": "1_6"
        },
        {
            "source": 1,
            "dest": 9,
            "index": 3,
            "verb": "into",
            "id": "1_9"
        },
        {
            "source": 6,
            "dest": 9,
            "index": 2,
            "verb": "into",
            "id": "6_9"
        },
        {
            "source": 6,
            "dest": 13,
            "index": 5,
            "verb": "by",
            "id": "6_13"
        },
        {
            "source": 9,
            "dest": 11,
            "index": 4,
            "verb": "of",
            "id": "9_11"
        }
    ],
    "replacement_mapper": {},
    "sentences": [
        {
            "id": 0,
            "text": "Ebury has injected its dynamic library into descendent processes of sshd by LD_PRELOAD.",
            "svos": [
                {
                    "sub": {
                        "start": 0,
                        "end": 5,
                        "text": "Ebury",
                        "id": 1,
                        "label": [
                            "ACTOR"
                        ],
                        "sent_index": 0,
                        "type": "subject",
                        "sub_label": [
                            "MALWARE"
                        ]
                    },
                    "verb": {
                        "negation": false,
                        "text": "use",
                        "index": -1,
                        "flag": 0
                    },
                    "obj": {
                        "start": 76,
                        "end": 86,
                        "text": "LD_PRELOAD",
                        "id": 13,
                        "verbs": [
                            "use"
                        ],
                        "label": [
                            "FUNCTION"
                        ],
                        "sent_index": 0,
                        "type": "object"
                    }
                },
                {
                    "sub": {
                        "start": 0,
                        "end": 5,
                        "text": "Ebury",
                        "id": 1,
                        "label": [
                            "FUNCTION"
                        ],
                        "sent_index": 0,
                        "type": "subject"
                    },
                    "verb": {
                        "negation": false,
                        "text": "inject",
                        "index": 2,
                        "flag": 0
                    },
                    "obj": {
                        "start": 23,
                        "end": 38,
                        "text": "dynamic library",
                        "id": 6,
                        "verbs": [
                            "inject"
                        ],
                        "label": [
                            "FUNCTION"
                        ],
                        "sent_index": 0,
                        "type": "object"
                    }
                },
                {
                    "sub": {
                        "start": 23,
                        "end": 38,
                        "text": "dynamic library",
                        "id": 6,
                        "verbs": [
                            "inject"
                        ],
                        "label": [
                            "FUNCTION"
                        ],
                        "sent_index": 0,
                        "type": "subject"
                    },
                    "verb": {
                        "negation": false,
                        "text": "into",
                        "index": 6,
                        "flag": 0
                    },
                    "obj": {
                        "start": 44,
                        "end": 64,
                        "text": "descendent processes",
                        "id": 9,
                        "verbs": [
                            "into"
                        ],
                        "label": [
                            "FUNCTION"
                        ],
                        "sent_index": 0,
                        "type": "object"
                    }
                },
                {
                    "sub": {
                        "start": 0,
                        "end": 5,
                        "text": "Ebury",
                        "id": 1,
                        "label": [
                            "FUNCTION"
                        ],
                        "sent_index": 0,
                        "type": "subject"
                    },
                    "verb": {
                        "negation": false,
                        "text": "into",
                        "index": 6,
                        "flag": 0
                    },
                    "obj": {
                        "start": 44,
                        "end": 64,
                        "text": "descendent processes",
                        "id": 9,
                        "verbs": [
                            "into"
                        ],
                        "label": [
                            "FUNCTION"
                        ],
                        "sent_index": 0,
                        "type": "object"
                    }
                },
                {
                    "sub": {
                        "start": 44,
                        "end": 64,
                        "text": "descendent processes",
                        "id": 9,
                        "verbs": [
                            "into"
                        ],
                        "label": [
                            "FUNCTION"
                        ],
                        "sent_index": 0,
                        "type": "subject"
                    },
                    "verb": {
                        "negation": false,
                        "text": "of",
                        "index": 9,
                        "flag": 0
                    },
                    "obj": {
                        "start": 68,
                        "end": 72,
                        "text": "sshd",
                        "id": 11,
                        "label": [
                            "FUNCTION"
                        ],
                        "sent_index": 0,
                        "type": "object"
                    }
                },
                {
                    "sub": {
                        "start": 23,
                        "end": 38,
                        "text": "dynamic library",
                        "id": 6,
                        "verbs": [
                            "inject"
                        ],
                        "label": [
                            "FUNCTION"
                        ],
                        "sent_index": 0,
                        "type": "subject"
                    },
                    "verb": {
                        "negation": false,
                        "text": "by",
                        "index": 11,
                        "flag": 0
                    },
                    "obj": {
                        "start": 76,
                        "end": 86,
                        "text": "LD_PRELOAD",
                        "id": 13,
                        "verbs": [
                            "by"
                        ],
                        "label": [
                            "FUNCTION"
                        ],
                        "sent_index": 0,
                        "type": "object"
                    }
                },
                {
                    "sub": {
                        "start": 0,
                        "end": 5,
                        "text": "Ebury",
                        "id": 1,
                        "label": [
                            "FUNCTION"
                        ],
                        "sent_index": 0,
                        "type": "subject"
                    },
                    "verb": {
                        "negation": false,
                        "text": "by",
                        "index": 11,
                        "flag": 0
                    },
                    "obj": {
                        "start": 76,
                        "end": 86,
                        "text": "LD_PRELOAD",
                        "id": 13,
                        "verbs": [
                            "by"
                        ],
                        "label": [
                            "FUNCTION"
                        ],
                        "sent_index": 0,
                        "type": "object"
                    }
                }
            ]
        }
    ],
    "id": "relationship--d3102278-dab8-485c-9cd2-52f80c4da8bd",
    "tech_id": "T1574.006",
    "location": [],
    "special_id": "T1574.006"
}