{
    "text": "Ramsay can stage data prior to exfiltration in DIRECTORY1 and DIRECTORY0.",
    "graph_nodes": [
        {
            "id": 1,
            "contracted": 0,
            "meta": {
                "start": 0,
                "end": 6,
                "text": "Ramsay",
                "id": 1,
                "label": [
                    "ACTOR"
                ],
                "sent_index": 0,
                "type": "subject",
                "sub_label": [
                    "MALWARE"
                ]
            }
        },
        {
            "id": 4,
            "contracted": 0,
            "meta": {
                "start": 17,
                "end": 21,
                "text": "data",
                "id": 4,
                "verbs": [
                    "stage"
                ],
                "label": [
                    "DATA"
                ],
                "sent_index": 0,
                "type": "object"
            }
        },
        {
            "id": 6,
            "contracted": 0,
            "meta": {
                "text": "information",
                "start": 31,
                "end": 43,
                "id": 6,
                "verbs": [
                    "exfiltrate"
                ],
                "label": [
                    "DATA"
                ],
                "sent_index": 0,
                "type": "object"
            }
        },
        {
            "id": 9,
            "contracted": 0,
            "meta": {
                "start": 47,
                "end": 57,
                "text": "%appdata%\\Microsoft\\UserSetting",
                "id": 9,
                "label": [
                    "DIRECTORY"
                ],
                "sent_index": 0,
                "type": "object",
                "texts": [
                    "%appdata%\\Microsoft\\UserSetting",
                    "%appdata%\\Microsoft\\UserSetting\\MediaCache"
                ]
            }
        }
    ],
    "graph_edges": [
        {
            "source": 1,
            "dest": 4,
            "index": 0,
            "verb": "stage",
            "id": "1_4"
        },
        {
            "source": 1,
            "dest": 9,
            "index": 4,
            "verb": "in",
            "id": "1_9"
        },
        {
            "source": 4,
            "dest": 9,
            "index": 2,
            "verb": "in",
            "id": "4_9"
        }
    ],
    "replacement_mapper": {
        "DIRECTORY0": {
            "text": "%appdata%\\Microsoft\\UserSetting\\MediaCache",
            "label": "DIRECTORY"
        },
        "DIRECTORY1": {
            "text": "%appdata%\\Microsoft\\UserSetting",
            "label": "DIRECTORY"
        }
    },
    "sentences": [
        {
            "id": 0,
            "text": "Ramsay can stage data prior to exfiltration in %appdata%\\Microsoft\\UserSetting and %appdata%\\Microsoft\\UserSetting\\MediaCache.",
            "svos": [
                {
                    "sub": {
                        "start": 0,
                        "end": 6,
                        "text": "Ramsay",
                        "id": 1,
                        "label": [
                            "ACTOR"
                        ],
                        "sent_index": 0,
                        "type": "subject",
                        "sub_label": [
                            "MALWARE"
                        ]
                    },
                    "verb": {
                        "negation": false,
                        "text": "stage",
                        "index": 2,
                        "flag": 0
                    },
                    "obj": {
                        "start": 17,
                        "end": 21,
                        "text": "data",
                        "id": 4,
                        "verbs": [
                            "stage"
                        ],
                        "label": [
                            "DATA"
                        ],
                        "sent_index": 0,
                        "type": "object"
                    }
                },
                {
                    "sub": {
                        "text": "ANY",
                        "start": 0,
                        "end": 0,
                        "label": [
                            "ACTOR"
                        ],
                        "id": 0,
                        "sent_index": 0,
                        "type": "subject"
                    },
                    "verb": {
                        "negation": false,
                        "text": "exfiltrate",
                        "index": 6,
                        "flag": 0
                    },
                    "obj": {
                        "text": "information",
                        "start": 31,
                        "end": 43,
                        "id": 6,
                        "verbs": [
                            "exfiltrate"
                        ],
                        "label": [
                            "DATA"
                        ],
                        "sent_index": 0,
                        "type": "object"
                    }
                },
                {
                    "sub": {
                        "start": 17,
                        "end": 21,
                        "text": "data",
                        "id": 4,
                        "verbs": [
                            "stage"
                        ],
                        "label": [
                            "DATA"
                        ],
                        "sent_index": 0,
                        "type": "subject"
                    },
                    "verb": {
                        "negation": false,
                        "text": "in",
                        "index": 7,
                        "flag": 0
                    },
                    "obj": {
                        "start": 47,
                        "end": 57,
                        "text": "%appdata%\\Microsoft\\UserSetting",
                        "id": 9,
                        "label": [
                            "DIRECTORY"
                        ],
                        "sent_index": 0,
                        "type": "object",
                        "texts": [
                            "%appdata%\\Microsoft\\UserSetting",
                            "%appdata%\\Microsoft\\UserSetting\\MediaCache"
                        ]
                    }
                },
                {
                    "sub": {
                        "start": 17,
                        "end": 21,
                        "text": "data",
                        "id": 4,
                        "verbs": [
                            "stage"
                        ],
                        "label": [
                            "DATA"
                        ],
                        "sent_index": 0,
                        "type": "subject"
                    },
                    "verb": {
                        "negation": false,
                        "text": "in",
                        "index": 7,
                        "flag": 0
                    },
                    "obj": {
                        "start": 62,
                        "end": 72,
                        "text": "%appdata%\\Microsoft\\UserSetting\\MediaCache",
                        "id": 11,
                        "label": [
                            "DIRECTORY"
                        ],
                        "sent_index": 0,
                        "type": "object"
                    }
                },
                {
                    "sub": {
                        "start": 0,
                        "end": 6,
                        "text": "Ramsay",
                        "id": 1,
                        "label": [
                            "FUNCTION"
                        ],
                        "sent_index": 0,
                        "type": "subject"
                    },
                    "verb": {
                        "negation": false,
                        "text": "in",
                        "index": 7,
                        "flag": 0
                    },
                    "obj": {
                        "start": 47,
                        "end": 57,
                        "text": "%appdata%\\Microsoft\\UserSetting",
                        "id": 9,
                        "label": [
                            "DIRECTORY"
                        ],
                        "sent_index": 0,
                        "type": "object"
                    }
                }
            ]
        }
    ],
    "id": "relationship--4b03f718-f89a-4652-b3be-5cbe4e0e044f",
    "tech_id": "T1074.001",
    "location": [],
    "special_id": "T1074.001"
}