{
    "text": "JPIN can lower security settings by changing Registry keys.",
    "graph_nodes": [
        {
            "id": 1,
            "contracted": 0,
            "meta": {
                "start": 0,
                "end": 4,
                "text": "JPIN",
                "id": 1,
                "label": [
                    "ACTOR"
                ],
                "sent_index": 0,
                "type": "subject",
                "sub_label": [
                    "MALWARE"
                ]
            }
        },
        {
            "id": 5,
            "contracted": 0,
            "meta": {
                "start": 15,
                "end": 32,
                "text": "security settings",
                "id": 5,
                "verbs": [
                    "lower"
                ],
                "label": [
                    "COMPONENT"
                ],
                "sent_index": 0,
                "type": "object"
            }
        },
        {
            "id": 9,
            "contracted": 0,
            "meta": {
                "start": 45,
                "end": 58,
                "text": "Registry keys",
                "id": 9,
                "verbs": [
                    "change"
                ],
                "label": [
                    "REGISTRY"
                ],
                "sent_index": 0,
                "type": "object"
            }
        }
    ],
    "graph_edges": [
        {
            "source": 1,
            "dest": 5,
            "index": 0,
            "verb": "lower",
            "id": "1_5"
        },
        {
            "source": 1,
            "dest": 9,
            "index": 1,
            "verb": "change",
            "id": "1_9"
        }
    ],
    "replacement_mapper": {},
    "sentences": [
        {
            "id": 0,
            "text": "JPIN can lower security settings by changing Registry keys.",
            "svos": [
                {
                    "sub": {
                        "start": 0,
                        "end": 4,
                        "text": "JPIN",
                        "id": 1,
                        "label": [
                            "ACTOR"
                        ],
                        "sent_index": 0,
                        "type": "subject",
                        "sub_label": [
                            "MALWARE"
                        ]
                    },
                    "verb": {
                        "negation": false,
                        "text": "lower",
                        "index": 2,
                        "flag": 0
                    },
                    "obj": {
                        "start": 15,
                        "end": 32,
                        "text": "security settings",
                        "id": 5,
                        "verbs": [
                            "lower"
                        ],
                        "label": [
                            "COMPONENT"
                        ],
                        "sent_index": 0,
                        "type": "object"
                    }
                },
                {
                    "sub": {
                        "start": 0,
                        "end": 4,
                        "text": "JPIN",
                        "id": 1,
                        "label": [
                            "FUNCTION"
                        ],
                        "sent_index": 0,
                        "type": "subject"
                    },
                    "verb": {
                        "negation": false,
                        "text": "change",
                        "index": 6,
                        "flag": 0
                    },
                    "obj": {
                        "start": 45,
                        "end": 58,
                        "text": "Registry keys",
                        "id": 9,
                        "verbs": [
                            "change"
                        ],
                        "label": [
                            "REGISTRY"
                        ],
                        "sent_index": 0,
                        "type": "object"
                    }
                }
            ]
        }
    ],
    "id": "relationship--4e66aad2-7c30-4c05-9f8e-767ac1cff08e",
    "tech_id": "T1562.001",
    "location": [],
    "special_id": "T1562.001"
}