{
    "text": "BITSAdmin can be used to create BITS Jobs to launch a malicious process.",
    "graph_nodes": [
        {
            "id": 1,
            "contracted": 0,
            "meta": {
                "start": 0,
                "end": 9,
                "text": "BITSAdmin",
                "id": 1,
                "verbs": [
                    "use"
                ],
                "label": [
                    "FUNCTION"
                ],
                "sent_index": 0,
                "type": "object"
            }
        },
        {
            "id": 8,
            "contracted": 0,
            "meta": {
                "start": 32,
                "end": 41,
                "text": "BITS Jobs",
                "id": 8,
                "verbs": [
                    "create"
                ],
                "label": [
                    "FUNCTION"
                ],
                "sent_index": 0,
                "type": "object"
            }
        },
        {
            "id": 13,
            "contracted": 0,
            "meta": {
                "start": 64,
                "end": 71,
                "text": "process",
                "id": 13,
                "verbs": [
                    "launch"
                ],
                "label": [
                    "FUNCTION"
                ],
                "sent_index": 0,
                "type": "object"
            }
        }
    ],
    "graph_edges": [
        {
            "source": 1,
            "dest": 8,
            "index": 1,
            "verb": "create",
            "id": "1_8"
        },
        {
            "source": 1,
            "dest": 13,
            "index": 2,
            "verb": "launch",
            "id": "1_13"
        }
    ],
    "replacement_mapper": {},
    "sentences": [
        {
            "id": 0,
            "text": "BITSAdmin can be used to create BITS Jobs to launch a malicious process.",
            "svos": [
                {
                    "sub": {
                        "text": "ANY",
                        "start": 0,
                        "end": 0,
                        "label": [
                            "ACTOR"
                        ],
                        "id": 0,
                        "sent_index": 0,
                        "type": "subject"
                    },
                    "verb": {
                        "negation": false,
                        "text": "use",
                        "index": 3,
                        "flag": 0
                    },
                    "obj": {
                        "start": 0,
                        "end": 9,
                        "text": "BITSAdmin",
                        "id": 1,
                        "verbs": [
                            "use"
                        ],
                        "label": [
                            "FUNCTION"
                        ],
                        "sent_index": 0,
                        "type": "object"
                    }
                },
                {
                    "sub": {
                        "start": 0,
                        "end": 9,
                        "text": "BITSAdmin",
                        "id": 1,
                        "verbs": [
                            "use"
                        ],
                        "label": [
                            "FUNCTION"
                        ],
                        "sent_index": 0,
                        "type": "subject"
                    },
                    "verb": {
                        "negation": false,
                        "text": "create",
                        "index": 5,
                        "flag": 0
                    },
                    "obj": {
                        "start": 32,
                        "end": 41,
                        "text": "BITS Jobs",
                        "id": 8,
                        "verbs": [
                            "create"
                        ],
                        "label": [
                            "FUNCTION"
                        ],
                        "sent_index": 0,
                        "type": "object"
                    }
                },
                {
                    "sub": {
                        "start": 0,
                        "end": 9,
                        "text": "BITSAdmin",
                        "id": 1,
                        "verbs": [
                            "use"
                        ],
                        "label": [
                            "FUNCTION"
                        ],
                        "sent_index": 0,
                        "type": "subject"
                    },
                    "verb": {
                        "negation": false,
                        "text": "launch",
                        "index": 9,
                        "flag": 0
                    },
                    "obj": {
                        "start": 64,
                        "end": 71,
                        "text": "process",
                        "id": 13,
                        "verbs": [
                            "launch"
                        ],
                        "label": [
                            "FUNCTION"
                        ],
                        "sent_index": 0,
                        "type": "object"
                    }
                }
            ]
        }
    ],
    "id": "relationship--cdf7492f-4cdd-4119-aa5e-0d94a07a3965",
    "tech_id": "T1197",
    "location": [],
    "special_id": "T1197"
}