{
    "text": "Rocke used scripts which killed processes and added firewall rules to block traffic related to other cryptominers.",
    "graph_nodes": [
        {
            "id": 1,
            "contracted": 0,
            "meta": {
                "start": 0,
                "end": 5,
                "text": "Rocke",
                "id": 1,
                "label": [
                    "ACTOR"
                ],
                "sent_index": 0,
                "type": "subject"
            }
        },
        {
            "id": 3,
            "contracted": 0,
            "meta": {
                "start": 11,
                "end": 18,
                "text": "scripts",
                "id": 3,
                "verbs": [
                    "use"
                ],
                "label": [
                    "FUNCTION"
                ],
                "sent_index": 0,
                "type": "object"
            }
        },
        {
            "id": 6,
            "contracted": 0,
            "meta": {
                "start": 32,
                "end": 41,
                "text": "processes",
                "id": 6,
                "verbs": [
                    "kill"
                ],
                "label": [
                    "FUNCTION"
                ],
                "sent_index": 0,
                "type": "object"
            }
        },
        {
            "id": 10,
            "contracted": 0,
            "meta": {
                "start": 52,
                "end": 66,
                "text": "firewall rules",
                "id": 10,
                "verbs": [
                    "add"
                ],
                "label": [
                    "DATA"
                ],
                "sent_index": 0,
                "type": "object"
            }
        },
        {
            "id": 13,
            "contracted": 0,
            "meta": {
                "start": 76,
                "end": 83,
                "text": "traffic",
                "id": 13,
                "verbs": [
                    "block"
                ],
                "label": [
                    "NETWORK"
                ],
                "sent_index": 0,
                "type": "object"
            }
        },
        {
            "id": 17,
            "contracted": 0,
            "meta": {
                "start": 101,
                "end": 113,
                "text": "cryptominers",
                "id": 17,
                "verbs": [
                    "relate"
                ],
                "label": [
                    "FUNCTION"
                ],
                "sent_index": 0,
                "type": "object"
            }
        }
    ],
    "graph_edges": [
        {
            "source": 1,
            "dest": 3,
            "index": 0,
            "verb": "use",
            "id": "1_3"
        },
        {
            "source": 1,
            "dest": 10,
            "index": 2,
            "verb": "add",
            "id": "1_10"
        },
        {
            "source": 1,
            "dest": 13,
            "index": 3,
            "verb": "block",
            "id": "1_13"
        },
        {
            "source": 3,
            "dest": 6,
            "index": 1,
            "verb": "kill",
            "id": "3_6"
        },
        {
            "source": 13,
            "dest": 17,
            "index": 5,
            "verb": "relate to",
            "id": "13_17"
        }
    ],
    "replacement_mapper": {},
    "sentences": [
        {
            "id": 0,
            "text": "Rocke used scripts which killed processes and added firewall rules to block traffic related to other cryptominers.",
            "svos": [
                {
                    "sub": {
                        "start": 0,
                        "end": 5,
                        "text": "Rocke",
                        "id": 1,
                        "label": [
                            "ACTOR"
                        ],
                        "sent_index": 0,
                        "type": "subject"
                    },
                    "verb": {
                        "negation": false,
                        "text": "use",
                        "index": 1,
                        "flag": 0
                    },
                    "obj": {
                        "start": 11,
                        "end": 18,
                        "text": "scripts",
                        "id": 3,
                        "verbs": [
                            "use"
                        ],
                        "label": [
                            "FUNCTION"
                        ],
                        "sent_index": 0,
                        "type": "object"
                    }
                },
                {
                    "sub": {
                        "start": 11,
                        "end": 18,
                        "text": "scripts",
                        "id": 3,
                        "verbs": [
                            "use"
                        ],
                        "label": [
                            "FUNCTION"
                        ],
                        "sent_index": 0,
                        "type": "subject"
                    },
                    "verb": {
                        "negation": false,
                        "text": "kill",
                        "index": 4,
                        "flag": 0
                    },
                    "obj": {
                        "start": 32,
                        "end": 41,
                        "text": "processes",
                        "id": 6,
                        "verbs": [
                            "kill"
                        ],
                        "label": [
                            "FUNCTION"
                        ],
                        "sent_index": 0,
                        "type": "object"
                    }
                },
                {
                    "sub": {
                        "start": 0,
                        "end": 5,
                        "text": "Rocke",
                        "id": 1,
                        "label": [
                            "ACTOR"
                        ],
                        "sent_index": 0,
                        "type": "subject"
                    },
                    "verb": {
                        "negation": false,
                        "text": "add",
                        "index": 7,
                        "flag": 0
                    },
                    "obj": {
                        "start": 52,
                        "end": 66,
                        "text": "firewall rules",
                        "id": 10,
                        "verbs": [
                            "add"
                        ],
                        "label": [
                            "DATA"
                        ],
                        "sent_index": 0,
                        "type": "object"
                    }
                },
                {
                    "sub": {
                        "start": 0,
                        "end": 5,
                        "text": "Rocke",
                        "id": 1,
                        "label": [
                            "ACTOR"
                        ],
                        "sent_index": 0,
                        "type": "subject"
                    },
                    "verb": {
                        "negation": false,
                        "text": "block",
                        "index": 11,
                        "flag": 0
                    },
                    "obj": {
                        "start": 76,
                        "end": 83,
                        "text": "traffic",
                        "id": 13,
                        "verbs": [
                            "block"
                        ],
                        "label": [
                            "NETWORK"
                        ],
                        "sent_index": 0,
                        "type": "object"
                    }
                },
                {
                    "sub": {
                        "start": 76,
                        "end": 83,
                        "text": "traffic",
                        "id": 13,
                        "verbs": [
                            "block"
                        ],
                        "label": [
                            "NETWORK"
                        ],
                        "sent_index": 0,
                        "type": "subject"
                    },
                    "verb": {
                        "negation": false,
                        "text": "relate",
                        "index": 13,
                        "flag": 0
                    },
                    "obj": {
                        "start": 101,
                        "end": 113,
                        "text": "cryptominers",
                        "id": 17,
                        "verbs": [
                            "relate"
                        ],
                        "label": [
                            "FUNCTION"
                        ],
                        "sent_index": 0,
                        "type": "object"
                    }
                },
                {
                    "sub": {
                        "start": 76,
                        "end": 83,
                        "text": "traffic",
                        "id": 13,
                        "verbs": [
                            "block"
                        ],
                        "label": [
                            "NETWORK"
                        ],
                        "sent_index": 0,
                        "type": "subject"
                    },
                    "verb": {
                        "negation": false,
                        "text": "relate to",
                        "index": 13,
                        "flag": 0
                    },
                    "obj": {
                        "start": 101,
                        "end": 113,
                        "text": "cryptominers",
                        "id": 17,
                        "verbs": [
                            "relate to"
                        ],
                        "label": [
                            "FUNCTION"
                        ],
                        "sent_index": 0,
                        "type": "object"
                    }
                }
            ]
        }
    ],
    "id": "relationship--30d1528d-6a50-47b2-ab5c-eb9074adc716",
    "tech_id": "T1562.004",
    "location": [],
    "special_id": "T1562.004"
}