{
    "text": "njRAT can search running processes for Tr.exe.",
    "graph_nodes": [
        {
            "id": 1,
            "contracted": 0,
            "meta": {
                "start": 0,
                "end": 5,
                "text": "njRAT",
                "id": 1,
                "label": [
                    "ACTOR"
                ],
                "sent_index": 0,
                "type": "subject",
                "sub_label": [
                    "MALWARE"
                ]
            }
        },
        {
            "id": 5,
            "contracted": 0,
            "meta": {
                "start": 25,
                "end": 34,
                "text": "processes",
                "id": 5,
                "verbs": [
                    "search"
                ],
                "label": [
                    "FUNCTION"
                ],
                "sent_index": 0,
                "type": "object"
            }
        },
        {
            "id": 7,
            "contracted": 0,
            "meta": {
                "start": 39,
                "end": 45,
                "text": "Tr.exe",
                "id": 7,
                "label": [
                    "FUNCTION"
                ],
                "sent_index": 0,
                "type": "object"
            }
        }
    ],
    "graph_edges": [
        {
            "source": 1,
            "dest": 5,
            "index": 0,
            "verb": "search",
            "id": "1_5"
        },
        {
            "source": 1,
            "dest": 7,
            "index": 2,
            "verb": "for",
            "id": "1_7"
        },
        {
            "source": 5,
            "dest": 7,
            "index": 1,
            "verb": "for",
            "id": "5_7"
        }
    ],
    "replacement_mapper": {},
    "sentences": [
        {
            "id": 0,
            "text": "njRAT can search running processes for Tr.exe.",
            "svos": [
                {
                    "sub": {
                        "start": 0,
                        "end": 5,
                        "text": "njRAT",
                        "id": 1,
                        "label": [
                            "ACTOR"
                        ],
                        "sent_index": 0,
                        "type": "subject",
                        "sub_label": [
                            "MALWARE"
                        ]
                    },
                    "verb": {
                        "negation": false,
                        "text": "search",
                        "index": 2,
                        "flag": 0
                    },
                    "obj": {
                        "start": 25,
                        "end": 34,
                        "text": "processes",
                        "id": 5,
                        "verbs": [
                            "search"
                        ],
                        "label": [
                            "FUNCTION"
                        ],
                        "sent_index": 0,
                        "type": "object"
                    }
                },
                {
                    "sub": {
                        "start": 25,
                        "end": 34,
                        "text": "processes",
                        "id": 5,
                        "verbs": [
                            "search"
                        ],
                        "label": [
                            "FUNCTION"
                        ],
                        "sent_index": 0,
                        "type": "subject"
                    },
                    "verb": {
                        "negation": false,
                        "text": "for",
                        "index": 5,
                        "flag": 0
                    },
                    "obj": {
                        "start": 39,
                        "end": 45,
                        "text": "Tr.exe",
                        "id": 7,
                        "label": [
                            "FUNCTION"
                        ],
                        "sent_index": 0,
                        "type": "object"
                    }
                },
                {
                    "sub": {
                        "start": 0,
                        "end": 5,
                        "text": "njRAT",
                        "id": 1,
                        "label": [
                            "FUNCTION"
                        ],
                        "sent_index": 0,
                        "type": "subject"
                    },
                    "verb": {
                        "negation": false,
                        "text": "for",
                        "index": 5,
                        "flag": 0
                    },
                    "obj": {
                        "start": 39,
                        "end": 45,
                        "text": "Tr.exe",
                        "id": 7,
                        "label": [
                            "FUNCTION"
                        ],
                        "sent_index": 0,
                        "type": "object"
                    }
                }
            ]
        }
    ],
    "id": "relationship--d46078a7-420b-4074-8ecb-3440737c12e4",
    "tech_id": "T1057",
    "location": [],
    "special_id": "T1057"
}