{
    "text": "Matryoshka can establish persistence by adding a Scheduled Task named \"Microsoft Boost Kernel Optimization\".",
    "graph_nodes": [
        {
            "id": 1,
            "contracted": 0,
            "meta": {
                "start": 0,
                "end": 10,
                "text": "Matryoshka",
                "id": 1,
                "label": [
                    "ACTOR"
                ],
                "sent_index": 0,
                "type": "subject",
                "sub_label": [
                    "MALWARE"
                ]
            }
        },
        {
            "id": 9,
            "contracted": 0,
            "meta": {
                "start": 49,
                "end": 63,
                "text": "Scheduled Task",
                "id": 9,
                "verbs": [
                    "add"
                ],
                "label": [
                    "FUNCTION"
                ],
                "sent_index": 0,
                "type": "object",
                "texts": [
                    "\"Microsoft Boost Kernel Optimization",
                    "Scheduled Task"
                ]
            }
        }
    ],
    "graph_edges": [
        {
            "source": 1,
            "dest": 9,
            "index": 1,
            "verb": "add",
            "id": "1_9"
        }
    ],
    "replacement_mapper": {},
    "sentences": [
        {
            "id": 0,
            "text": "Matryoshka can establish persistence by adding a Scheduled Task named \"Microsoft Boost Kernel Optimization\".",
            "svos": [
                {
                    "sub": {
                        "start": 0,
                        "end": 10,
                        "text": "Matryoshka",
                        "id": 1,
                        "label": [
                            "ACTOR"
                        ],
                        "sent_index": 0,
                        "type": "subject",
                        "sub_label": [
                            "MALWARE"
                        ]
                    },
                    "verb": {
                        "negation": false,
                        "text": "establish",
                        "index": 2,
                        "flag": 0
                    },
                    "obj": {
                        "start": 25,
                        "end": 36,
                        "text": "persistence",
                        "id": 4,
                        "verbs": [
                            "establish"
                        ],
                        "label": [
                            "FUNCTION"
                        ],
                        "sent_index": 0,
                        "type": "object"
                    }
                },
                {
                    "sub": {
                        "start": 0,
                        "end": 10,
                        "text": "Matryoshka",
                        "id": 1,
                        "label": [
                            "FUNCTION"
                        ],
                        "sent_index": 0,
                        "type": "subject"
                    },
                    "verb": {
                        "negation": false,
                        "text": "add",
                        "index": 5,
                        "flag": 0
                    },
                    "obj": {
                        "start": 49,
                        "end": 63,
                        "text": "Scheduled Task",
                        "id": 9,
                        "verbs": [
                            "add"
                        ],
                        "label": [
                            "FUNCTION"
                        ],
                        "sent_index": 0,
                        "type": "object",
                        "texts": [
                            "\"Microsoft Boost Kernel Optimization",
                            "Scheduled Task"
                        ]
                    }
                },
                {
                    "sub": {
                        "start": 49,
                        "end": 63,
                        "text": "Scheduled Task",
                        "id": 9,
                        "verbs": [
                            "add"
                        ],
                        "label": [
                            "FUNCTION"
                        ],
                        "sent_index": 0,
                        "type": "subject"
                    },
                    "verb": {
                        "negation": false,
                        "text": "name",
                        "index": 9,
                        "flag": 1
                    },
                    "obj": {
                        "start": 70,
                        "end": 106,
                        "text": "\"Microsoft Boost Kernel Optimization",
                        "id": 15,
                        "verbs": [
                            "name"
                        ],
                        "label": [
                            "FUNCTION"
                        ],
                        "sent_index": 0,
                        "type": "object"
                    }
                }
            ]
        }
    ],
    "id": "relationship--d2560c35-b2f6-47d2-b573-236ef99894d5",
    "tech_id": "T1053.005",
    "location": [],
    "special_id": "T1053.005"
}