{
    "text": "Kimsuky has gathered credentials using Mimikatz and ProcDump.",
    "graph_nodes": [
        {
            "id": 1,
            "contracted": 0,
            "meta": {
                "start": 0,
                "end": 7,
                "text": "Kimsuky",
                "id": 1,
                "label": [
                    "ACTOR"
                ],
                "sent_index": 0,
                "type": "subject"
            }
        },
        {
            "id": 4,
            "contracted": 0,
            "meta": {
                "start": 21,
                "end": 32,
                "text": "credentials",
                "id": 4,
                "verbs": [
                    "gather"
                ],
                "label": [
                    "DATA"
                ],
                "sent_index": 0,
                "type": "object"
            }
        },
        {
            "id": 6,
            "contracted": 0,
            "meta": {
                "start": 39,
                "end": 47,
                "text": "Mimikatz",
                "id": 6,
                "verbs": [
                    "use"
                ],
                "label": [
                    "FUNCTION"
                ],
                "sent_index": 0,
                "type": "object",
                "texts": [
                    "ProcDump",
                    "Mimikatz"
                ]
            }
        }
    ],
    "graph_edges": [
        {
            "source": 1,
            "dest": 4,
            "index": 0,
            "verb": "gather",
            "id": "1_4"
        },
        {
            "source": 1,
            "dest": 6,
            "index": 1,
            "verb": "use",
            "id": "1_6"
        }
    ],
    "replacement_mapper": {},
    "sentences": [
        {
            "id": 0,
            "text": "Kimsuky has gathered credentials using Mimikatz and ProcDump.",
            "svos": [
                {
                    "sub": {
                        "start": 0,
                        "end": 7,
                        "text": "Kimsuky",
                        "id": 1,
                        "label": [
                            "ACTOR"
                        ],
                        "sent_index": 0,
                        "type": "subject"
                    },
                    "verb": {
                        "negation": false,
                        "text": "gather",
                        "index": 2,
                        "flag": 0
                    },
                    "obj": {
                        "start": 21,
                        "end": 32,
                        "text": "credentials",
                        "id": 4,
                        "verbs": [
                            "gather"
                        ],
                        "label": [
                            "DATA"
                        ],
                        "sent_index": 0,
                        "type": "object"
                    }
                },
                {
                    "sub": {
                        "start": 0,
                        "end": 7,
                        "text": "Kimsuky",
                        "id": 1,
                        "label": [
                            "ACTOR"
                        ],
                        "sent_index": 0,
                        "type": "subject"
                    },
                    "verb": {
                        "negation": false,
                        "text": "use",
                        "index": 4,
                        "flag": 0
                    },
                    "obj": {
                        "start": 39,
                        "end": 47,
                        "text": "Mimikatz",
                        "id": 6,
                        "verbs": [
                            "use"
                        ],
                        "label": [
                            "FUNCTION"
                        ],
                        "sent_index": 0,
                        "type": "object",
                        "texts": [
                            "ProcDump",
                            "Mimikatz"
                        ]
                    }
                },
                {
                    "sub": {
                        "start": 0,
                        "end": 7,
                        "text": "Kimsuky",
                        "id": 1,
                        "label": [
                            "ACTOR"
                        ],
                        "sent_index": 0,
                        "type": "subject"
                    },
                    "verb": {
                        "negation": false,
                        "text": "use",
                        "index": 4,
                        "flag": 0
                    },
                    "obj": {
                        "start": 52,
                        "end": 60,
                        "text": "ProcDump",
                        "id": 8,
                        "verbs": [
                            "use"
                        ],
                        "label": [
                            "FUNCTION"
                        ],
                        "sent_index": 0,
                        "type": "object"
                    }
                }
            ]
        }
    ],
    "id": "relationship--eb67e50e-84ac-495d-8374-547ef1f34f4f",
    "tech_id": "T1003.001",
    "location": [],
    "special_id": "T1003.001"
}