{
    "text": "AppleJeus has deleted the MSI file after installation.",
    "graph_nodes": [
        {
            "id": 1,
            "contracted": 0,
            "meta": {
                "start": 0,
                "end": 9,
                "text": "AppleJeus",
                "id": 1,
                "label": [
                    "ACTOR"
                ],
                "sent_index": 0,
                "type": "subject",
                "sub_label": [
                    "MALWARE"
                ]
            }
        },
        {
            "id": 6,
            "contracted": 0,
            "meta": {
                "start": 26,
                "end": 34,
                "text": "MSI file",
                "id": 6,
                "verbs": [
                    "delete"
                ],
                "label": [
                    "DATA"
                ],
                "sent_index": 0,
                "type": "object"
            }
        },
        {
            "id": 8,
            "contracted": 0,
            "meta": {
                "start": 41,
                "end": 53,
                "text": "installation",
                "id": 8,
                "verbs": [
                    "use"
                ],
                "label": [
                    "FUNCTION"
                ],
                "sent_index": 0,
                "type": "object"
            }
        }
    ],
    "graph_edges": [
        {
            "source": 1,
            "dest": 8,
            "index": 3,
            "verb": "after",
            "id": "1_8"
        },
        {
            "source": 1,
            "dest": 6,
            "index": 1,
            "verb": "delete",
            "id": "1_6"
        },
        {
            "source": 6,
            "dest": 8,
            "index": 2,
            "verb": "after",
            "id": "6_8"
        }
    ],
    "replacement_mapper": {},
    "sentences": [
        {
            "id": 0,
            "text": "AppleJeus has deleted the MSI file after installation.",
            "svos": [
                {
                    "sub": {
                        "start": 0,
                        "end": 9,
                        "text": "AppleJeus",
                        "id": 1,
                        "label": [
                            "ACTOR"
                        ],
                        "sent_index": 0,
                        "type": "subject",
                        "sub_label": [
                            "MALWARE"
                        ]
                    },
                    "verb": {
                        "negation": false,
                        "text": "use",
                        "index": -1,
                        "flag": 0
                    },
                    "obj": {
                        "start": 41,
                        "end": 53,
                        "text": "installation",
                        "id": 8,
                        "verbs": [
                            "use"
                        ],
                        "label": [
                            "FUNCTION"
                        ],
                        "sent_index": 0,
                        "type": "object"
                    }
                },
                {
                    "sub": {
                        "start": 0,
                        "end": 9,
                        "text": "AppleJeus",
                        "id": 1,
                        "label": [
                            "FUNCTION"
                        ],
                        "sent_index": 0,
                        "type": "subject"
                    },
                    "verb": {
                        "negation": false,
                        "text": "delete",
                        "index": 2,
                        "flag": 0
                    },
                    "obj": {
                        "start": 26,
                        "end": 34,
                        "text": "MSI file",
                        "id": 6,
                        "verbs": [
                            "delete"
                        ],
                        "label": [
                            "DATA"
                        ],
                        "sent_index": 0,
                        "type": "object"
                    }
                },
                {
                    "sub": {
                        "start": 26,
                        "end": 34,
                        "text": "MSI file",
                        "id": 6,
                        "verbs": [
                            "delete"
                        ],
                        "label": [
                            "DATA"
                        ],
                        "sent_index": 0,
                        "type": "subject"
                    },
                    "verb": {
                        "negation": false,
                        "text": "after",
                        "index": 6,
                        "flag": 0
                    },
                    "obj": {
                        "start": 41,
                        "end": 53,
                        "text": "installation",
                        "id": 8,
                        "verbs": [
                            "after"
                        ],
                        "label": [
                            "FUNCTION"
                        ],
                        "sent_index": 0,
                        "type": "object"
                    }
                },
                {
                    "sub": {
                        "start": 0,
                        "end": 9,
                        "text": "AppleJeus",
                        "id": 1,
                        "label": [
                            "FUNCTION"
                        ],
                        "sent_index": 0,
                        "type": "subject"
                    },
                    "verb": {
                        "negation": false,
                        "text": "after",
                        "index": 6,
                        "flag": 0
                    },
                    "obj": {
                        "start": 41,
                        "end": 53,
                        "text": "installation",
                        "id": 8,
                        "verbs": [
                            "after"
                        ],
                        "label": [
                            "FUNCTION"
                        ],
                        "sent_index": 0,
                        "type": "object"
                    }
                }
            ]
        }
    ],
    "id": "relationship--0a068253-0c11-4ba7-bac4-1290e5f50960",
    "tech_id": "T1070.004",
    "location": [],
    "special_id": "T1070.004"
}