{
    "text": "Bumblebee has relied upon a user opening an ISO file to enable execution of malicious shortcut files and DLLs.",
    "graph_nodes": [
        {
            "id": 1,
            "contracted": 0,
            "meta": {
                "start": 0,
                "end": 9,
                "text": "Bumblebee",
                "id": 1,
                "label": [
                    "ACTOR"
                ],
                "sent_index": 0,
                "type": "subject",
                "sub_label": [
                    "MALWARE"
                ]
            }
        },
        {
            "id": 6,
            "contracted": 0,
            "meta": {
                "start": 28,
                "end": 32,
                "text": "user",
                "id": 6,
                "label": [
                    "USER"
                ],
                "sent_index": 0,
                "type": "subject"
            }
        },
        {
            "id": 10,
            "contracted": 0,
            "meta": {
                "start": 44,
                "end": 52,
                "text": "ISO file",
                "id": 10,
                "verbs": [
                    "open"
                ],
                "label": [
                    "FUNCTION"
                ],
                "sent_index": 0,
                "type": "object"
            }
        },
        {
            "id": 12,
            "contracted": 0,
            "meta": {
                "text": "command",
                "start": 63,
                "end": 72,
                "id": 12,
                "verbs": [
                    "execute"
                ],
                "label": [
                    "FUNCTION"
                ],
                "sent_index": 0,
                "type": "object"
            }
        },
        {
            "id": 17,
            "contracted": 0,
            "meta": {
                "start": 86,
                "end": 100,
                "text": "shortcut files",
                "id": 17,
                "label": [
                    "DATA",
                    "REGISTRY"
                ],
                "sent_index": 0,
                "type": "object",
                "texts": [
                    "shortcut files",
                    "DLLs"
                ]
            }
        }
    ],
    "graph_edges": [
        {
            "source": 6,
            "dest": 10,
            "index": 0,
            "verb": "open",
            "id": "6_10"
        }
    ],
    "replacement_mapper": {},
    "sentences": [
        {
            "id": 0,
            "text": "Bumblebee has relied upon a user opening an ISO file to enable execution of malicious shortcut files and DLLs.",
            "svos": [
                {
                    "sub": {
                        "start": 28,
                        "end": 32,
                        "text": "user",
                        "id": 6,
                        "label": [
                            "USER"
                        ],
                        "sent_index": 0,
                        "type": "subject"
                    },
                    "verb": {
                        "negation": false,
                        "text": "open",
                        "index": 6,
                        "flag": 0
                    },
                    "obj": {
                        "start": 44,
                        "end": 52,
                        "text": "ISO file",
                        "id": 10,
                        "verbs": [
                            "open"
                        ],
                        "label": [
                            "FUNCTION"
                        ],
                        "sent_index": 0,
                        "type": "object"
                    }
                },
                {
                    "sub": {
                        "start": 0,
                        "end": 9,
                        "text": "Bumblebee",
                        "id": 1,
                        "label": [
                            "ACTOR"
                        ],
                        "sent_index": 0,
                        "type": "subject",
                        "sub_label": [
                            "MALWARE"
                        ]
                    },
                    "verb": {
                        "negation": false,
                        "text": "enable",
                        "index": 11,
                        "flag": 0
                    },
                    "obj": {
                        "start": 63,
                        "end": 72,
                        "text": "execution",
                        "id": 13,
                        "verbs": [
                            "enable"
                        ],
                        "label": [
                            "FUNCTION"
                        ],
                        "sent_index": 0,
                        "type": "object"
                    }
                },
                {
                    "sub": {
                        "text": "ANY",
                        "start": 0,
                        "end": 0,
                        "label": [
                            "ACTOR"
                        ],
                        "id": 0,
                        "sent_index": 0,
                        "type": "subject"
                    },
                    "verb": {
                        "negation": false,
                        "text": "execute",
                        "index": 12,
                        "flag": 0
                    },
                    "obj": {
                        "text": "command",
                        "start": 63,
                        "end": 72,
                        "id": 12,
                        "verbs": [
                            "execute"
                        ],
                        "label": [
                            "FUNCTION"
                        ],
                        "sent_index": 0,
                        "type": "object"
                    }
                },
                {
                    "sub": {
                        "start": 63,
                        "end": 72,
                        "text": "execution",
                        "id": 13,
                        "verbs": [
                            "enable"
                        ],
                        "label": [
                            "FUNCTION"
                        ],
                        "sent_index": 0,
                        "type": "subject"
                    },
                    "verb": {
                        "negation": false,
                        "text": "of",
                        "index": 13,
                        "flag": 0
                    },
                    "obj": {
                        "start": 86,
                        "end": 100,
                        "text": "shortcut files",
                        "id": 17,
                        "label": [
                            "DATA",
                            "REGISTRY"
                        ],
                        "sent_index": 0,
                        "type": "object",
                        "texts": [
                            "shortcut files",
                            "DLLs"
                        ]
                    }
                },
                {
                    "sub": {
                        "start": 63,
                        "end": 72,
                        "text": "execution",
                        "id": 13,
                        "verbs": [
                            "enable"
                        ],
                        "label": [
                            "FUNCTION"
                        ],
                        "sent_index": 0,
                        "type": "subject"
                    },
                    "verb": {
                        "negation": false,
                        "text": "of",
                        "index": 13,
                        "flag": 0
                    },
                    "obj": {
                        "start": 105,
                        "end": 109,
                        "text": "DLLs",
                        "id": 19,
                        "label": [
                            "REGISTRY"
                        ],
                        "sent_index": 0,
                        "type": "object"
                    }
                }
            ]
        }
    ],
    "id": "relationship--d0efbf46-7f6a-4bf9-be4f-a52cd510174c",
    "tech_id": "T1204.002",
    "location": [],
    "special_id": "T1204.002"
}