{
    "text": "Bazar has been downloaded by Windows BITS functionality.",
    "graph_nodes": [
        {
            "id": 1,
            "contracted": 0,
            "meta": {
                "start": 0,
                "end": 5,
                "text": "Bazar",
                "id": 1,
                "verbs": [
                    "download"
                ],
                "label": [
                    "ACTOR"
                ],
                "sent_index": 0,
                "type": "object",
                "sub_label": [
                    "MALWARE"
                ]
            }
        },
        {
            "id": 8,
            "contracted": 0,
            "meta": {
                "start": 29,
                "end": 55,
                "text": "Windows BITS functionality",
                "id": 8,
                "label": [
                    "FUNCTION"
                ],
                "sent_index": 0,
                "type": "subject"
            }
        }
    ],
    "graph_edges": [
        {
            "source": 8,
            "dest": 1,
            "index": 0,
            "verb": "download",
            "id": "8_1"
        }
    ],
    "replacement_mapper": {},
    "sentences": [
        {
            "id": 0,
            "text": "Bazar has been downloaded by Windows BITS functionality.",
            "svos": [
                {
                    "sub": {
                        "start": 29,
                        "end": 55,
                        "text": "Windows BITS functionality",
                        "id": 8,
                        "label": [
                            "FUNCTION"
                        ],
                        "sent_index": 0,
                        "type": "subject"
                    },
                    "verb": {
                        "negation": false,
                        "text": "download",
                        "index": 3,
                        "flag": 0
                    },
                    "obj": {
                        "start": 0,
                        "end": 5,
                        "text": "Bazar",
                        "id": 1,
                        "verbs": [
                            "download"
                        ],
                        "label": [
                            "ACTOR"
                        ],
                        "sent_index": 0,
                        "type": "object",
                        "sub_label": [
                            "MALWARE"
                        ]
                    }
                }
            ]
        }
    ],
    "id": "relationship--2296f1da-0910-46ee-81f7-5d10cb8753cd",
    "tech_id": "T1197",
    "location": [],
    "special_id": "T1197"
}