{
    "text": "Pacu can allowlist IP addresses in AWS GuardDuty.",
    "graph_nodes": [
        {
            "id": 1,
            "contracted": 0,
            "meta": {
                "start": 0,
                "end": 4,
                "text": "Pacu",
                "id": 1,
                "label": [
                    "FUNCTION"
                ],
                "sent_index": 0,
                "type": "subject"
            }
        },
        {
            "id": 5,
            "contracted": 0,
            "meta": {
                "start": 19,
                "end": 31,
                "text": "IP addresses",
                "id": 5,
                "verbs": [
                    "allowlist"
                ],
                "label": [
                    "NETWORK"
                ],
                "sent_index": 0,
                "type": "object"
            }
        },
        {
            "id": 8,
            "contracted": 0,
            "meta": {
                "start": 35,
                "end": 48,
                "text": "AWS GuardDuty",
                "id": 8,
                "label": [
                    "COMPONENT"
                ],
                "sent_index": 0,
                "type": "object"
            }
        }
    ],
    "graph_edges": [
        {
            "source": 1,
            "dest": 5,
            "index": 0,
            "verb": "allowlist",
            "id": "1_5"
        },
        {
            "source": 1,
            "dest": 8,
            "index": 2,
            "verb": "in",
            "id": "1_8"
        },
        {
            "source": 5,
            "dest": 8,
            "index": 1,
            "verb": "in",
            "id": "5_8"
        }
    ],
    "replacement_mapper": {},
    "sentences": [
        {
            "id": 0,
            "text": "Pacu can allowlist IP addresses in AWS GuardDuty.",
            "svos": [
                {
                    "sub": {
                        "start": 0,
                        "end": 4,
                        "text": "Pacu",
                        "id": 1,
                        "label": [
                            "FUNCTION"
                        ],
                        "sent_index": 0,
                        "type": "subject"
                    },
                    "verb": {
                        "negation": false,
                        "text": "allowlist",
                        "index": 2,
                        "flag": 0
                    },
                    "obj": {
                        "start": 19,
                        "end": 31,
                        "text": "IP addresses",
                        "id": 5,
                        "verbs": [
                            "allowlist"
                        ],
                        "label": [
                            "NETWORK"
                        ],
                        "sent_index": 0,
                        "type": "object"
                    }
                },
                {
                    "sub": {
                        "start": 19,
                        "end": 31,
                        "text": "IP addresses",
                        "id": 5,
                        "verbs": [
                            "allowlist"
                        ],
                        "label": [
                            "NETWORK"
                        ],
                        "sent_index": 0,
                        "type": "subject"
                    },
                    "verb": {
                        "negation": false,
                        "text": "in",
                        "index": 5,
                        "flag": 0
                    },
                    "obj": {
                        "start": 35,
                        "end": 48,
                        "text": "AWS GuardDuty",
                        "id": 8,
                        "label": [
                            "COMPONENT"
                        ],
                        "sent_index": 0,
                        "type": "object"
                    }
                },
                {
                    "sub": {
                        "start": 0,
                        "end": 4,
                        "text": "Pacu",
                        "id": 1,
                        "label": [
                            "FUNCTION"
                        ],
                        "sent_index": 0,
                        "type": "subject"
                    },
                    "verb": {
                        "negation": false,
                        "text": "in",
                        "index": 5,
                        "flag": 0
                    },
                    "obj": {
                        "start": 35,
                        "end": 48,
                        "text": "AWS GuardDuty",
                        "id": 8,
                        "label": [
                            "COMPONENT"
                        ],
                        "sent_index": 0,
                        "type": "object"
                    }
                }
            ]
        }
    ],
    "id": "relationship--a79df7b6-91d5-4019-9a86-830bc0edc2aa",
    "tech_id": "T1562.007",
    "location": [],
    "special_id": "T1562.007"
}