{
    "text": "APT29 used stolen cookies to access cloud resources and a forged duo-sid cookie to bypass MFA set on an email account.",
    "graph_nodes": [
        {
            "id": 1,
            "contracted": 0,
            "meta": {
                "start": 0,
                "end": 5,
                "text": "APT29",
                "id": 1,
                "label": [
                    "ACTOR"
                ],
                "sent_index": 0,
                "type": "subject"
            }
        },
        {
            "id": 4,
            "contracted": 0,
            "meta": {
                "start": 11,
                "end": 25,
                "text": "stolen cookies",
                "id": 4,
                "verbs": [
                    "use"
                ],
                "label": [
                    "DATA"
                ],
                "sent_index": 0,
                "type": "object"
            }
        },
        {
            "id": 8,
            "contracted": 0,
            "meta": {
                "start": 36,
                "end": 51,
                "text": "cloud resources",
                "id": 8,
                "verbs": [
                    "access"
                ],
                "label": [
                    "DATA"
                ],
                "sent_index": 0,
                "type": "object"
            }
        },
        {
            "id": 13,
            "contracted": 0,
            "meta": {
                "start": 58,
                "end": 79,
                "text": "forged duo-sid cookie",
                "id": 13,
                "label": [
                    "DATA"
                ],
                "sent_index": 0,
                "type": "subject"
            }
        },
        {
            "id": 16,
            "contracted": 0,
            "meta": {
                "start": 90,
                "end": 93,
                "text": "MFA",
                "id": 16,
                "verbs": [
                    "bypass"
                ],
                "label": [
                    "FUNCTION"
                ],
                "sent_index": 0,
                "type": "object"
            }
        },
        {
            "id": 21,
            "contracted": 0,
            "meta": {
                "start": 104,
                "end": 117,
                "text": "email account",
                "id": 21,
                "verbs": [
                    "set"
                ],
                "label": [
                    "DATA"
                ],
                "sent_index": 0,
                "type": "object"
            }
        }
    ],
    "graph_edges": [
        {
            "source": 1,
            "dest": 4,
            "index": 0,
            "verb": "use",
            "id": "1_4"
        },
        {
            "source": 1,
            "dest": 8,
            "index": 1,
            "verb": "access",
            "id": "1_8"
        },
        {
            "source": 13,
            "dest": 16,
            "index": 2,
            "verb": "bypass",
            "id": "13_16"
        },
        {
            "source": 16,
            "dest": 21,
            "index": 4,
            "verb": "set on",
            "id": "16_21"
        }
    ],
    "replacement_mapper": {},
    "sentences": [
        {
            "id": 0,
            "text": "APT29 used stolen cookies to access cloud resources and a forged duo-sid cookie to bypass MFA set on an email account.",
            "svos": [
                {
                    "sub": {
                        "start": 0,
                        "end": 5,
                        "text": "APT29",
                        "id": 1,
                        "label": [
                            "ACTOR"
                        ],
                        "sent_index": 0,
                        "type": "subject"
                    },
                    "verb": {
                        "negation": false,
                        "text": "use",
                        "index": 1,
                        "flag": 0
                    },
                    "obj": {
                        "start": 11,
                        "end": 25,
                        "text": "stolen cookies",
                        "id": 4,
                        "verbs": [
                            "use"
                        ],
                        "label": [
                            "DATA"
                        ],
                        "sent_index": 0,
                        "type": "object"
                    }
                },
                {
                    "sub": {
                        "start": 0,
                        "end": 5,
                        "text": "APT29",
                        "id": 1,
                        "label": [
                            "ACTOR"
                        ],
                        "sent_index": 0,
                        "type": "subject"
                    },
                    "verb": {
                        "negation": false,
                        "text": "access",
                        "index": 5,
                        "flag": 0
                    },
                    "obj": {
                        "start": 36,
                        "end": 51,
                        "text": "cloud resources",
                        "id": 8,
                        "verbs": [
                            "access"
                        ],
                        "label": [
                            "DATA"
                        ],
                        "sent_index": 0,
                        "type": "object"
                    }
                },
                {
                    "sub": {
                        "start": 58,
                        "end": 79,
                        "text": "forged duo-sid cookie",
                        "id": 13,
                        "label": [
                            "DATA"
                        ],
                        "sent_index": 0,
                        "type": "subject"
                    },
                    "verb": {
                        "negation": false,
                        "text": "bypass",
                        "index": 14,
                        "flag": 0
                    },
                    "obj": {
                        "start": 90,
                        "end": 93,
                        "text": "MFA",
                        "id": 16,
                        "verbs": [
                            "bypass"
                        ],
                        "label": [
                            "FUNCTION"
                        ],
                        "sent_index": 0,
                        "type": "object"
                    }
                },
                {
                    "sub": {
                        "start": 90,
                        "end": 93,
                        "text": "MFA",
                        "id": 16,
                        "verbs": [
                            "bypass"
                        ],
                        "label": [
                            "FUNCTION"
                        ],
                        "sent_index": 0,
                        "type": "subject"
                    },
                    "verb": {
                        "negation": false,
                        "text": "set",
                        "index": 16,
                        "flag": 0
                    },
                    "obj": {
                        "start": 104,
                        "end": 117,
                        "text": "email account",
                        "id": 21,
                        "verbs": [
                            "set"
                        ],
                        "label": [
                            "DATA"
                        ],
                        "sent_index": 0,
                        "type": "object"
                    }
                },
                {
                    "sub": {
                        "start": 90,
                        "end": 93,
                        "text": "MFA",
                        "id": 16,
                        "verbs": [
                            "bypass"
                        ],
                        "label": [
                            "FUNCTION"
                        ],
                        "sent_index": 0,
                        "type": "subject"
                    },
                    "verb": {
                        "negation": false,
                        "text": "set on",
                        "index": 16,
                        "flag": 0
                    },
                    "obj": {
                        "start": 104,
                        "end": 117,
                        "text": "email account",
                        "id": 21,
                        "verbs": [
                            "set on"
                        ],
                        "label": [
                            "DATA"
                        ],
                        "sent_index": 0,
                        "type": "object"
                    }
                }
            ]
        }
    ],
    "id": "relationship--9b03dca3-8d3f-42a6-9df1-44fdd732d393",
    "tech_id": "T1550.004",
    "location": [],
    "special_id": "T1550.004"
}