{
    "text": "APT29 has registered algorithmically generated Twitter handles that are used for C2 by malware, such as HAMMERTOSS. APT29 has also used legitimate web services such as Dropbox and Constant Contact in their operations.",
    "graph_nodes": [
        {
            "id": 1,
            "contracted": 0,
            "meta": {
                "start": 0,
                "end": 5,
                "text": "APT29",
                "id": 1,
                "label": [
                    "ACTOR"
                ],
                "sent_index": 0,
                "type": "subject",
                "ids": [
                    1,
                    1001
                ],
                "texts": [
                    "APT29"
                ]
            }
        },
        {
            "id": 7,
            "contracted": 0,
            "meta": {
                "start": 37,
                "end": 62,
                "text": "generated Twitter handles",
                "id": 7,
                "verbs": [
                    "register"
                ],
                "label": [
                    "FUNCTION"
                ],
                "sent_index": 0,
                "type": "object"
            }
        },
        {
            "id": 8,
            "contracted": 0,
            "meta": {
                "text": "that",
                "start": 63,
                "end": 67,
                "id": 8,
                "label": [
                    "OTHER"
                ],
                "sent_index": 0,
                "type": "subject"
            }
        },
        {
            "id": 12,
            "contracted": 0,
            "meta": {
                "start": 81,
                "end": 83,
                "text": "C2",
                "id": 12,
                "label": [
                    "NETWORK"
                ],
                "sent_index": 0,
                "type": "object"
            }
        },
        {
            "id": 14,
            "contracted": 0,
            "meta": {
                "start": 87,
                "end": 94,
                "text": "malware",
                "id": 14,
                "label": [
                    "FUNCTION"
                ],
                "sent_index": 0,
                "type": "subject",
                "texts": [
                    "malware",
                    "HAMMERTOSS"
                ]
            }
        },
        {
            "id": 1007,
            "contracted": 0,
            "meta": {
                "start": 20,
                "end": 43,
                "text": "legitimate web services",
                "id": 7,
                "verbs": [
                    "use"
                ],
                "label": [
                    "FUNCTION",
                    "DATA",
                    "COMPONENT"
                ],
                "sent_index": 1,
                "type": "object",
                "texts": [
                    "Constant Contact",
                    "legitimate web services",
                    "Dropbox"
                ]
            }
        },
        {
            "id": 1016,
            "contracted": 0,
            "meta": {
                "start": 90,
                "end": 100,
                "text": "operations",
                "id": 16,
                "label": [
                    "FUNCTION"
                ],
                "sent_index": 1,
                "type": "object"
            }
        }
    ],
    "graph_edges": [
        {
            "source": 1,
            "dest": 7,
            "index": 0,
            "verb": "register",
            "id": "1_7"
        },
        {
            "source": 1,
            "dest": 1007,
            "index": 4,
            "verb": "use",
            "id": "1_1007"
        },
        {
            "source": 1,
            "dest": 1016,
            "index": 8,
            "verb": "in",
            "id": "1_1016"
        },
        {
            "source": 14,
            "dest": 7,
            "index": 1,
            "verb": "use",
            "id": "14_7"
        },
        {
            "source": 8,
            "dest": 12,
            "index": 2,
            "verb": "for",
            "id": "8_12"
        },
        {
            "source": 1007,
            "dest": 1016,
            "index": 7,
            "verb": "in",
            "id": "1007_1016"
        }
    ],
    "replacement_mapper": {},
    "sentences": [
        {
            "id": 0,
            "text": "APT29 has registered algorithmically generated Twitter handles that are used for C2 by malware, such as HAMMERTOSS.",
            "svos": [
                {
                    "sub": {
                        "start": 0,
                        "end": 5,
                        "text": "APT29",
                        "id": 1,
                        "label": [
                            "ACTOR"
                        ],
                        "sent_index": 0,
                        "type": "subject",
                        "ids": [
                            1,
                            1001
                        ],
                        "texts": [
                            "APT29"
                        ]
                    },
                    "verb": {
                        "negation": false,
                        "text": "register",
                        "index": 2,
                        "flag": 0
                    },
                    "obj": {
                        "start": 37,
                        "end": 62,
                        "text": "generated Twitter handles",
                        "id": 7,
                        "verbs": [
                            "register"
                        ],
                        "label": [
                            "FUNCTION"
                        ],
                        "sent_index": 0,
                        "type": "object"
                    }
                },
                {
                    "sub": {
                        "start": 87,
                        "end": 94,
                        "text": "malware",
                        "id": 14,
                        "label": [
                            "FUNCTION"
                        ],
                        "sent_index": 0,
                        "type": "subject",
                        "texts": [
                            "malware",
                            "HAMMERTOSS"
                        ]
                    },
                    "verb": {
                        "negation": false,
                        "text": "use",
                        "index": 9,
                        "flag": 0
                    },
                    "obj": {
                        "start": 37,
                        "end": 62,
                        "text": "generated Twitter handles",
                        "id": 7,
                        "verbs": [
                            "use"
                        ],
                        "label": [
                            "FUNCTION"
                        ],
                        "sent_index": 0,
                        "type": "object"
                    }
                },
                {
                    "sub": {
                        "text": "that",
                        "start": 63,
                        "end": 67,
                        "id": 8,
                        "label": [
                            "OTHER"
                        ],
                        "sent_index": 0,
                        "type": "subject"
                    },
                    "verb": {
                        "negation": false,
                        "text": "for",
                        "index": 10,
                        "flag": 0
                    },
                    "obj": {
                        "start": 81,
                        "end": 83,
                        "text": "C2",
                        "id": 12,
                        "label": [
                            "NETWORK"
                        ],
                        "sent_index": 0,
                        "type": "object"
                    }
                },
                {
                    "sub": {
                        "start": 87,
                        "end": 94,
                        "text": "malware",
                        "id": 14,
                        "label": [
                            "FUNCTION"
                        ],
                        "sent_index": 0,
                        "type": "subject"
                    },
                    "verb": {
                        "negation": false,
                        "text": "as",
                        "index": 16,
                        "flag": 1
                    },
                    "obj": {
                        "start": 104,
                        "end": 114,
                        "text": "HAMMERTOSS",
                        "id": 18,
                        "verbs": [
                            "as"
                        ],
                        "label": [
                            "FUNCTION"
                        ],
                        "sent_index": 0,
                        "type": "object"
                    }
                }
            ]
        },
        {
            "id": 1,
            "text": "APT29 has also used legitimate web services such as Dropbox and Constant Contact in their operations.",
            "svos": [
                {
                    "sub": {
                        "start": 0,
                        "end": 5,
                        "text": "APT29",
                        "id": 1,
                        "label": [
                            "ACTOR"
                        ],
                        "sent_index": 1,
                        "type": "subject"
                    },
                    "verb": {
                        "negation": false,
                        "text": "use",
                        "index": 3,
                        "flag": 0
                    },
                    "obj": {
                        "start": 20,
                        "end": 43,
                        "text": "legitimate web services",
                        "id": 7,
                        "verbs": [
                            "use"
                        ],
                        "label": [
                            "FUNCTION",
                            "DATA",
                            "COMPONENT"
                        ],
                        "sent_index": 1,
                        "type": "object",
                        "texts": [
                            "Constant Contact",
                            "legitimate web services",
                            "Dropbox"
                        ]
                    }
                },
                {
                    "sub": {
                        "start": 20,
                        "end": 43,
                        "text": "legitimate web services",
                        "id": 7,
                        "verbs": [
                            "use"
                        ],
                        "label": [
                            "FUNCTION"
                        ],
                        "sent_index": 1,
                        "type": "subject"
                    },
                    "verb": {
                        "negation": false,
                        "text": "as",
                        "index": 8,
                        "flag": 1
                    },
                    "obj": {
                        "start": 52,
                        "end": 59,
                        "text": "Dropbox",
                        "id": 10,
                        "verbs": [
                            "as"
                        ],
                        "label": [
                            "COMPONENT"
                        ],
                        "sent_index": 1,
                        "type": "object"
                    }
                },
                {
                    "sub": {
                        "start": 20,
                        "end": 43,
                        "text": "legitimate web services",
                        "id": 7,
                        "verbs": [
                            "use"
                        ],
                        "label": [
                            "FUNCTION"
                        ],
                        "sent_index": 1,
                        "type": "subject"
                    },
                    "verb": {
                        "negation": false,
                        "text": "as",
                        "index": 8,
                        "flag": 1
                    },
                    "obj": {
                        "start": 64,
                        "end": 80,
                        "text": "Constant Contact",
                        "id": 13,
                        "verbs": [
                            "as"
                        ],
                        "label": [
                            "DATA"
                        ],
                        "sent_index": 1,
                        "type": "object"
                    }
                },
                {
                    "sub": {
                        "start": 20,
                        "end": 43,
                        "text": "legitimate web services",
                        "id": 7,
                        "verbs": [
                            "use"
                        ],
                        "label": [
                            "FUNCTION"
                        ],
                        "sent_index": 1,
                        "type": "subject"
                    },
                    "verb": {
                        "negation": false,
                        "text": "in",
                        "index": 13,
                        "flag": 0
                    },
                    "obj": {
                        "start": 90,
                        "end": 100,
                        "text": "operations",
                        "id": 16,
                        "label": [
                            "FUNCTION"
                        ],
                        "sent_index": 1,
                        "type": "object"
                    }
                },
                {
                    "sub": {
                        "start": 0,
                        "end": 5,
                        "text": "APT29",
                        "id": 1,
                        "label": [
                            "ACTOR"
                        ],
                        "sent_index": 1,
                        "type": "subject"
                    },
                    "verb": {
                        "negation": false,
                        "text": "in",
                        "index": 13,
                        "flag": 0
                    },
                    "obj": {
                        "start": 90,
                        "end": 100,
                        "text": "operations",
                        "id": 16,
                        "label": [
                            "FUNCTION"
                        ],
                        "sent_index": 1,
                        "type": "object"
                    }
                }
            ]
        }
    ],
    "id": "relationship--53a6a12f-04f2-445b-b733-8392ade1a7e5",
    "tech_id": "T1583.006",
    "location": [],
    "special_id": "T1583.006"
}