{
    "text": "Leviathan has used JavaScript to create a shortcut file in the Startup folder that points to its main backdoor.",
    "graph_nodes": [
        {
            "id": 1,
            "contracted": 0,
            "meta": {
                "start": 0,
                "end": 9,
                "text": "Leviathan",
                "id": 1,
                "label": [
                    "ACTOR"
                ],
                "sent_index": 0,
                "type": "subject"
            }
        },
        {
            "id": 4,
            "contracted": 0,
            "meta": {
                "start": 19,
                "end": 29,
                "text": "JavaScript",
                "id": 4,
                "verbs": [
                    "use"
                ],
                "label": [
                    "FUNCTION"
                ],
                "sent_index": 0,
                "type": "object"
            }
        },
        {
            "id": 9,
            "contracted": 0,
            "meta": {
                "start": 42,
                "end": 55,
                "text": "shortcut file",
                "id": 9,
                "verbs": [
                    "create"
                ],
                "label": [
                    "DATA"
                ],
                "sent_index": 0,
                "type": "object"
            }
        },
        {
            "id": 13,
            "contracted": 0,
            "meta": {
                "start": 63,
                "end": 77,
                "text": "Startup folder",
                "id": 13,
                "label": [
                    "DIRECTORY"
                ],
                "sent_index": 0,
                "type": "object"
            }
        },
        {
            "id": 14,
            "contracted": 0,
            "meta": {
                "text": "that",
                "start": 78,
                "end": 82,
                "id": 14,
                "label": [
                    "OTHER"
                ],
                "sent_index": 0,
                "type": "subject"
            }
        },
        {
            "id": 19,
            "contracted": 0,
            "meta": {
                "start": 97,
                "end": 110,
                "text": "main backdoor",
                "id": 19,
                "verbs": [
                    "point"
                ],
                "label": [
                    "FUNCTION"
                ],
                "sent_index": 0,
                "type": "object"
            }
        }
    ],
    "graph_edges": [
        {
            "source": 1,
            "dest": 4,
            "index": 0,
            "verb": "use",
            "id": "1_4"
        },
        {
            "source": 1,
            "dest": 9,
            "index": 1,
            "verb": "create",
            "id": "1_9"
        },
        {
            "source": 9,
            "dest": 13,
            "index": 2,
            "verb": "in",
            "id": "9_13"
        },
        {
            "source": 9,
            "dest": 19,
            "index": 3,
            "verb": "point",
            "id": "9_19"
        },
        {
            "source": 14,
            "dest": 19,
            "index": 4,
            "verb": "to",
            "id": "14_19"
        }
    ],
    "replacement_mapper": {},
    "sentences": [
        {
            "id": 0,
            "text": "Leviathan has used JavaScript to create a shortcut file in the Startup folder that points to its main backdoor.",
            "svos": [
                {
                    "sub": {
                        "start": 0,
                        "end": 9,
                        "text": "Leviathan",
                        "id": 1,
                        "label": [
                            "ACTOR"
                        ],
                        "sent_index": 0,
                        "type": "subject"
                    },
                    "verb": {
                        "negation": false,
                        "text": "use",
                        "index": 2,
                        "flag": 0
                    },
                    "obj": {
                        "start": 19,
                        "end": 29,
                        "text": "JavaScript",
                        "id": 4,
                        "verbs": [
                            "use"
                        ],
                        "label": [
                            "FUNCTION"
                        ],
                        "sent_index": 0,
                        "type": "object"
                    }
                },
                {
                    "sub": {
                        "start": 0,
                        "end": 9,
                        "text": "Leviathan",
                        "id": 1,
                        "label": [
                            "ACTOR"
                        ],
                        "sent_index": 0,
                        "type": "subject"
                    },
                    "verb": {
                        "negation": false,
                        "text": "create",
                        "index": 5,
                        "flag": 0
                    },
                    "obj": {
                        "start": 42,
                        "end": 55,
                        "text": "shortcut file",
                        "id": 9,
                        "verbs": [
                            "create"
                        ],
                        "label": [
                            "DATA"
                        ],
                        "sent_index": 0,
                        "type": "object"
                    }
                },
                {
                    "sub": {
                        "start": 42,
                        "end": 55,
                        "text": "shortcut file",
                        "id": 9,
                        "verbs": [
                            "create"
                        ],
                        "label": [
                            "DATA"
                        ],
                        "sent_index": 0,
                        "type": "subject"
                    },
                    "verb": {
                        "negation": false,
                        "text": "in",
                        "index": 9,
                        "flag": 0
                    },
                    "obj": {
                        "start": 63,
                        "end": 77,
                        "text": "Startup folder",
                        "id": 13,
                        "label": [
                            "DIRECTORY"
                        ],
                        "sent_index": 0,
                        "type": "object"
                    }
                },
                {
                    "sub": {
                        "start": 42,
                        "end": 55,
                        "text": "shortcut file",
                        "id": 9,
                        "verbs": [
                            "create"
                        ],
                        "label": [
                            "DATA"
                        ],
                        "sent_index": 0,
                        "type": "subject"
                    },
                    "verb": {
                        "negation": false,
                        "text": "point",
                        "index": 14,
                        "flag": 0
                    },
                    "obj": {
                        "start": 97,
                        "end": 110,
                        "text": "main backdoor",
                        "id": 19,
                        "verbs": [
                            "point"
                        ],
                        "label": [
                            "FUNCTION"
                        ],
                        "sent_index": 0,
                        "type": "object"
                    }
                },
                {
                    "sub": {
                        "text": "that",
                        "start": 78,
                        "end": 82,
                        "id": 14,
                        "label": [
                            "OTHER"
                        ],
                        "sent_index": 0,
                        "type": "subject"
                    },
                    "verb": {
                        "negation": false,
                        "text": "to",
                        "index": 15,
                        "flag": 0
                    },
                    "obj": {
                        "start": 97,
                        "end": 110,
                        "text": "main backdoor",
                        "id": 19,
                        "verbs": [
                            "to"
                        ],
                        "label": [
                            "FUNCTION"
                        ],
                        "sent_index": 0,
                        "type": "object"
                    }
                }
            ]
        }
    ],
    "id": "relationship--2851e8fa-0622-42db-b7b7-4e051fc5fbeb",
    "tech_id": "T1547.001",
    "location": [],
    "special_id": "T1547.001"
}