{
    "text": "BADNEWS copies documents under 15MB found on the victim system to is the user's DIRECTORY0\\ folder. It also copies files from USB devices to a predefined directory.",
    "graph_nodes": [
        {
            "id": 1,
            "contracted": 0,
            "meta": {
                "start": 0,
                "end": 7,
                "text": "BADNEWS",
                "id": 1,
                "label": [
                    "ACTOR"
                ],
                "sent_index": 0,
                "type": "subject",
                "ids": [
                    1,
                    1001
                ],
                "texts": [
                    "BADNEWS"
                ],
                "sub_label": [
                    "MALWARE"
                ]
            }
        },
        {
            "id": 3,
            "contracted": 0,
            "meta": {
                "start": 15,
                "end": 24,
                "text": "documents",
                "id": 3,
                "verbs": [
                    "copy"
                ],
                "label": [
                    "DATA"
                ],
                "sent_index": 0,
                "type": "object"
            }
        },
        {
            "id": 6,
            "contracted": 0,
            "meta": {
                "start": 31,
                "end": 35,
                "text": "15MB",
                "id": 6,
                "verbs": [
                    "under"
                ],
                "label": [
                    "DATA"
                ],
                "sent_index": 0,
                "type": "object"
            }
        },
        {
            "id": 11,
            "contracted": 0,
            "meta": {
                "start": 49,
                "end": 62,
                "text": "victim system",
                "id": 11,
                "verbs": [
                    "find"
                ],
                "label": [
                    "COMPONENT"
                ],
                "sent_index": 0,
                "type": "object"
            }
        },
        {
            "id": 15,
            "contracted": 0,
            "meta": {
                "text": "user",
                "start": 73,
                "end": 77,
                "id": 15,
                "label": [
                    "USER"
                ],
                "sent_index": 0,
                "type": "object"
            }
        },
        {
            "id": 18,
            "contracted": 0,
            "meta": {
                "start": 80,
                "end": 98,
                "text": "%temp%\\SMB\\ folder",
                "id": 18,
                "verbs": [
                    "be"
                ],
                "label": [
                    "DIRECTORY"
                ],
                "sent_index": 0,
                "type": "object"
            }
        },
        {
            "id": 1004,
            "contracted": 0,
            "meta": {
                "start": 15,
                "end": 20,
                "text": "files",
                "id": 4,
                "verbs": [
                    "copy"
                ],
                "label": [
                    "DATA"
                ],
                "sent_index": 1,
                "type": "object"
            }
        },
        {
            "id": 1007,
            "contracted": 0,
            "meta": {
                "start": 26,
                "end": 37,
                "text": "USB devices",
                "id": 7,
                "verbs": [
                    "from"
                ],
                "label": [
                    "COMPONENT"
                ],
                "sent_index": 1,
                "type": "object"
            }
        },
        {
            "id": 1011,
            "contracted": 0,
            "meta": {
                "start": 54,
                "end": 63,
                "text": "directory",
                "id": 11,
                "verbs": [
                    "to"
                ],
                "label": [
                    "DIRECTORY"
                ],
                "sent_index": 1,
                "type": "object"
            }
        }
    ],
    "graph_edges": [
        {
            "source": 1,
            "dest": 3,
            "index": 0,
            "verb": "copy",
            "id": "1_3"
        },
        {
            "source": 1,
            "dest": 18,
            "index": 4,
            "verb": "be",
            "id": "1_18"
        },
        {
            "source": 1,
            "dest": 1004,
            "index": 6,
            "verb": "copy",
            "id": "1_1004"
        },
        {
            "source": 1,
            "dest": 1007,
            "index": 8,
            "verb": "from",
            "id": "1_1007"
        },
        {
            "source": 1,
            "dest": 1011,
            "index": 10,
            "verb": "to",
            "id": "1_1011"
        },
        {
            "source": 3,
            "dest": 6,
            "index": 1,
            "verb": "under",
            "id": "3_6"
        },
        {
            "source": 3,
            "dest": 11,
            "index": 3,
            "verb": "find on",
            "id": "3_11"
        },
        {
            "source": 18,
            "dest": 15,
            "index": 5,
            "verb": "of",
            "id": "18_15"
        },
        {
            "source": 1004,
            "dest": 1007,
            "index": 7,
            "verb": "from",
            "id": "1004_1007"
        },
        {
            "source": 1004,
            "dest": 1011,
            "index": 9,
            "verb": "to",
            "id": "1004_1011"
        }
    ],
    "replacement_mapper": {
        "DIRECTORY0": {
            "text": "%temp%\\SMB",
            "label": "DIRECTORY"
        }
    },
    "sentences": [
        {
            "id": 0,
            "text": "BADNEWS copies documents under 15MB found on the victim system to is the user's %temp%\\SMB\\ folder.",
            "svos": [
                {
                    "sub": {
                        "start": 0,
                        "end": 7,
                        "text": "BADNEWS",
                        "id": 1,
                        "label": [
                            "ACTOR"
                        ],
                        "sent_index": 0,
                        "type": "subject",
                        "ids": [
                            1,
                            1001
                        ],
                        "texts": [
                            "BADNEWS"
                        ],
                        "sub_label": [
                            "MALWARE"
                        ]
                    },
                    "verb": {
                        "negation": false,
                        "text": "copy",
                        "index": 1,
                        "flag": 0
                    },
                    "obj": {
                        "start": 15,
                        "end": 24,
                        "text": "documents",
                        "id": 3,
                        "verbs": [
                            "copy"
                        ],
                        "label": [
                            "DATA"
                        ],
                        "sent_index": 0,
                        "type": "object"
                    }
                },
                {
                    "sub": {
                        "start": 15,
                        "end": 24,
                        "text": "documents",
                        "id": 3,
                        "verbs": [
                            "copy"
                        ],
                        "label": [
                            "DATA"
                        ],
                        "sent_index": 0,
                        "type": "subject"
                    },
                    "verb": {
                        "negation": false,
                        "text": "under",
                        "index": 3,
                        "flag": 0
                    },
                    "obj": {
                        "start": 31,
                        "end": 35,
                        "text": "15MB",
                        "id": 6,
                        "verbs": [
                            "under"
                        ],
                        "label": [
                            "DATA"
                        ],
                        "sent_index": 0,
                        "type": "object"
                    }
                },
                {
                    "sub": {
                        "start": 15,
                        "end": 24,
                        "text": "documents",
                        "id": 3,
                        "verbs": [
                            "copy"
                        ],
                        "label": [
                            "DATA"
                        ],
                        "sent_index": 0,
                        "type": "subject"
                    },
                    "verb": {
                        "negation": false,
                        "text": "find",
                        "index": 6,
                        "flag": 0
                    },
                    "obj": {
                        "start": 49,
                        "end": 62,
                        "text": "victim system",
                        "id": 11,
                        "verbs": [
                            "find"
                        ],
                        "label": [
                            "COMPONENT"
                        ],
                        "sent_index": 0,
                        "type": "object"
                    }
                },
                {
                    "sub": {
                        "start": 15,
                        "end": 24,
                        "text": "documents",
                        "id": 3,
                        "verbs": [
                            "copy"
                        ],
                        "label": [
                            "DATA"
                        ],
                        "sent_index": 0,
                        "type": "subject"
                    },
                    "verb": {
                        "negation": false,
                        "text": "find on",
                        "index": 6,
                        "flag": 0
                    },
                    "obj": {
                        "start": 49,
                        "end": 62,
                        "text": "victim system",
                        "id": 11,
                        "verbs": [
                            "find on"
                        ],
                        "label": [
                            "COMPONENT"
                        ],
                        "sent_index": 0,
                        "type": "object"
                    }
                },
                {
                    "sub": {
                        "start": 0,
                        "end": 7,
                        "text": "BADNEWS",
                        "id": 1,
                        "label": [
                            "FUNCTION"
                        ],
                        "sent_index": 0,
                        "type": "subject"
                    },
                    "verb": {
                        "negation": false,
                        "text": "be",
                        "index": 12,
                        "flag": 0
                    },
                    "obj": {
                        "start": 80,
                        "end": 98,
                        "text": "%temp%\\SMB\\ folder",
                        "id": 18,
                        "verbs": [
                            "be"
                        ],
                        "label": [
                            "DIRECTORY"
                        ],
                        "sent_index": 0,
                        "type": "object"
                    }
                },
                {
                    "sub": {
                        "start": 80,
                        "end": 98,
                        "text": "%temp%\\SMB\\ folder",
                        "id": 18,
                        "verbs": [
                            "be"
                        ],
                        "label": [
                            "DIRECTORY"
                        ],
                        "sent_index": 0,
                        "type": "subject"
                    },
                    "verb": {
                        "negation": false,
                        "text": "of",
                        "index": 17,
                        "flag": 0
                    },
                    "obj": {
                        "text": "user",
                        "start": 73,
                        "end": 77,
                        "id": 15,
                        "label": [
                            "USER"
                        ],
                        "sent_index": 0,
                        "type": "object"
                    }
                }
            ]
        },
        {
            "id": 1,
            "text": "It also copies files from USB devices to a predefined directory.",
            "svos": [
                {
                    "sub": {
                        "start": 0,
                        "end": 2,
                        "text": "It",
                        "id": 1,
                        "label": [
                            "ACTOR"
                        ],
                        "sent_index": 1,
                        "type": "subject"
                    },
                    "verb": {
                        "negation": false,
                        "text": "copy",
                        "index": 2,
                        "flag": 0
                    },
                    "obj": {
                        "start": 15,
                        "end": 20,
                        "text": "files",
                        "id": 4,
                        "verbs": [
                            "copy"
                        ],
                        "label": [
                            "DATA"
                        ],
                        "sent_index": 1,
                        "type": "object"
                    }
                },
                {
                    "sub": {
                        "start": 15,
                        "end": 20,
                        "text": "files",
                        "id": 4,
                        "verbs": [
                            "copy"
                        ],
                        "label": [
                            "DATA"
                        ],
                        "sent_index": 1,
                        "type": "subject"
                    },
                    "verb": {
                        "negation": false,
                        "text": "from",
                        "index": 4,
                        "flag": 0
                    },
                    "obj": {
                        "start": 26,
                        "end": 37,
                        "text": "USB devices",
                        "id": 7,
                        "verbs": [
                            "from"
                        ],
                        "label": [
                            "COMPONENT"
                        ],
                        "sent_index": 1,
                        "type": "object"
                    }
                },
                {
                    "sub": {
                        "start": 0,
                        "end": 2,
                        "text": "It",
                        "id": 1,
                        "label": [
                            "OTHER"
                        ],
                        "sent_index": 1,
                        "type": "subject"
                    },
                    "verb": {
                        "negation": false,
                        "text": "from",
                        "index": 4,
                        "flag": 0
                    },
                    "obj": {
                        "start": 26,
                        "end": 37,
                        "text": "USB devices",
                        "id": 7,
                        "verbs": [
                            "from"
                        ],
                        "label": [
                            "COMPONENT"
                        ],
                        "sent_index": 1,
                        "type": "object"
                    }
                },
                {
                    "sub": {
                        "start": 15,
                        "end": 20,
                        "text": "files",
                        "id": 4,
                        "verbs": [
                            "copy"
                        ],
                        "label": [
                            "DATA"
                        ],
                        "sent_index": 1,
                        "type": "subject"
                    },
                    "verb": {
                        "negation": false,
                        "text": "to",
                        "index": 7,
                        "flag": 0
                    },
                    "obj": {
                        "start": 54,
                        "end": 63,
                        "text": "directory",
                        "id": 11,
                        "verbs": [
                            "to"
                        ],
                        "label": [
                            "DIRECTORY"
                        ],
                        "sent_index": 1,
                        "type": "object"
                    }
                },
                {
                    "sub": {
                        "start": 0,
                        "end": 2,
                        "text": "It",
                        "id": 1,
                        "label": [
                            "OTHER"
                        ],
                        "sent_index": 1,
                        "type": "subject"
                    },
                    "verb": {
                        "negation": false,
                        "text": "to",
                        "index": 7,
                        "flag": 0
                    },
                    "obj": {
                        "start": 54,
                        "end": 63,
                        "text": "directory",
                        "id": 11,
                        "verbs": [
                            "to"
                        ],
                        "label": [
                            "DIRECTORY"
                        ],
                        "sent_index": 1,
                        "type": "object"
                    }
                }
            ]
        }
    ],
    "id": "relationship--db8f1355-57f0-446d-a261-b168497b20c6",
    "tech_id": "T1074.001",
    "location": [],
    "special_id": "T1074.001"
}