{
    "text": "KOCTOPUS has been distributed by spearphishing emails with malicious attachments.",
    "graph_nodes": [
        {
            "id": 1,
            "contracted": 0,
            "meta": {
                "start": 0,
                "end": 8,
                "text": "KOCTOPUS",
                "id": 1,
                "verbs": [
                    "distribute"
                ],
                "label": [
                    "ACTOR"
                ],
                "sent_index": 0,
                "type": "object",
                "sub_label": [
                    "MALWARE"
                ]
            }
        },
        {
            "id": 7,
            "contracted": 0,
            "meta": {
                "start": 33,
                "end": 53,
                "text": "spearphishing emails",
                "id": 7,
                "label": [
                    "NETWORK"
                ],
                "sent_index": 0,
                "type": "subject"
            }
        },
        {
            "id": 10,
            "contracted": 0,
            "meta": {
                "start": 69,
                "end": 80,
                "text": "attachments",
                "id": 10,
                "verbs": [
                    "with"
                ],
                "label": [
                    "DATA"
                ],
                "sent_index": 0,
                "type": "object"
            }
        }
    ],
    "graph_edges": [
        {
            "source": 7,
            "dest": 1,
            "index": 0,
            "verb": "distribute",
            "id": "7_1"
        },
        {
            "source": 7,
            "dest": 10,
            "index": 1,
            "verb": "with",
            "id": "7_10"
        }
    ],
    "replacement_mapper": {},
    "sentences": [
        {
            "id": 0,
            "text": "KOCTOPUS has been distributed by spearphishing emails with malicious attachments.",
            "svos": [
                {
                    "sub": {
                        "start": 33,
                        "end": 53,
                        "text": "spearphishing emails",
                        "id": 7,
                        "label": [
                            "NETWORK"
                        ],
                        "sent_index": 0,
                        "type": "subject"
                    },
                    "verb": {
                        "negation": false,
                        "text": "distribute",
                        "index": 3,
                        "flag": 0
                    },
                    "obj": {
                        "start": 0,
                        "end": 8,
                        "text": "KOCTOPUS",
                        "id": 1,
                        "verbs": [
                            "distribute"
                        ],
                        "label": [
                            "ACTOR"
                        ],
                        "sent_index": 0,
                        "type": "object",
                        "sub_label": [
                            "MALWARE"
                        ]
                    }
                },
                {
                    "sub": {
                        "start": 33,
                        "end": 53,
                        "text": "spearphishing emails",
                        "id": 7,
                        "label": [
                            "NETWORK"
                        ],
                        "sent_index": 0,
                        "type": "subject"
                    },
                    "verb": {
                        "negation": false,
                        "text": "with",
                        "index": 7,
                        "flag": 0
                    },
                    "obj": {
                        "start": 69,
                        "end": 80,
                        "text": "attachments",
                        "id": 10,
                        "verbs": [
                            "with"
                        ],
                        "label": [
                            "DATA"
                        ],
                        "sent_index": 0,
                        "type": "object"
                    }
                }
            ]
        }
    ],
    "id": "relationship--02a8db04-60e6-437c-8f1a-12aff6a13c63",
    "tech_id": "T1566.001",
    "location": [],
    "special_id": "T1566.001"
}