{
    "text": "Silent Librarian has used compromised credentials to obtain unauthorized access to online accounts.",
    "graph_nodes": [
        {
            "id": 2,
            "contracted": 0,
            "meta": {
                "start": 0,
                "end": 16,
                "text": "Silent Librarian",
                "id": 2,
                "label": [
                    "ACTOR"
                ],
                "sent_index": 0,
                "type": "subject"
            }
        },
        {
            "id": 6,
            "contracted": 0,
            "meta": {
                "start": 26,
                "end": 49,
                "text": "compromised credentials",
                "id": 6,
                "verbs": [
                    "use"
                ],
                "label": [
                    "DATA"
                ],
                "sent_index": 0,
                "type": "object"
            }
        },
        {
            "id": 10,
            "contracted": 0,
            "meta": {
                "start": 60,
                "end": 79,
                "text": "unauthorized access",
                "id": 10,
                "verbs": [
                    "obtain"
                ],
                "label": [
                    "DATA"
                ],
                "sent_index": 0,
                "type": "object"
            }
        },
        {
            "id": 13,
            "contracted": 0,
            "meta": {
                "start": 83,
                "end": 98,
                "text": "online accounts",
                "id": 13,
                "verbs": [
                    "to"
                ],
                "label": [
                    "DATA"
                ],
                "sent_index": 0,
                "type": "object"
            }
        }
    ],
    "graph_edges": [
        {
            "source": 2,
            "dest": 6,
            "index": 0,
            "verb": "use",
            "id": "2_6"
        },
        {
            "source": 2,
            "dest": 10,
            "index": 1,
            "verb": "obtain",
            "id": "2_10"
        },
        {
            "source": 10,
            "dest": 13,
            "index": 2,
            "verb": "to",
            "id": "10_13"
        }
    ],
    "replacement_mapper": {},
    "sentences": [
        {
            "id": 0,
            "text": "Silent Librarian has used compromised credentials to obtain unauthorized access to online accounts.",
            "svos": [
                {
                    "sub": {
                        "start": 0,
                        "end": 16,
                        "text": "Silent Librarian",
                        "id": 2,
                        "label": [
                            "ACTOR"
                        ],
                        "sent_index": 0,
                        "type": "subject"
                    },
                    "verb": {
                        "negation": false,
                        "text": "use",
                        "index": 3,
                        "flag": 0
                    },
                    "obj": {
                        "start": 26,
                        "end": 49,
                        "text": "compromised credentials",
                        "id": 6,
                        "verbs": [
                            "use"
                        ],
                        "label": [
                            "DATA"
                        ],
                        "sent_index": 0,
                        "type": "object"
                    }
                },
                {
                    "sub": {
                        "start": 0,
                        "end": 16,
                        "text": "Silent Librarian",
                        "id": 2,
                        "label": [
                            "ACTOR"
                        ],
                        "sent_index": 0,
                        "type": "subject"
                    },
                    "verb": {
                        "negation": false,
                        "text": "obtain",
                        "index": 7,
                        "flag": 0
                    },
                    "obj": {
                        "start": 60,
                        "end": 79,
                        "text": "unauthorized access",
                        "id": 10,
                        "verbs": [
                            "obtain"
                        ],
                        "label": [
                            "DATA"
                        ],
                        "sent_index": 0,
                        "type": "object"
                    }
                },
                {
                    "sub": {
                        "start": 60,
                        "end": 79,
                        "text": "unauthorized access",
                        "id": 10,
                        "verbs": [
                            "obtain"
                        ],
                        "label": [
                            "DATA"
                        ],
                        "sent_index": 0,
                        "type": "subject"
                    },
                    "verb": {
                        "negation": false,
                        "text": "to",
                        "index": 10,
                        "flag": 0
                    },
                    "obj": {
                        "start": 83,
                        "end": 98,
                        "text": "online accounts",
                        "id": 13,
                        "verbs": [
                            "to"
                        ],
                        "label": [
                            "DATA"
                        ],
                        "sent_index": 0,
                        "type": "object"
                    }
                }
            ]
        }
    ],
    "id": "relationship--e85549b5-77c8-426a-b7ea-fec30b05973f",
    "tech_id": "T1078",
    "location": [],
    "special_id": "T1078"
}