{
    "text": "Bumblebee can download and execute additional payloads including by the use of a Dex command.",
    "graph_nodes": [
        {
            "id": 1,
            "contracted": 0,
            "meta": {
                "start": 0,
                "end": 9,
                "text": "Bumblebee",
                "id": 1,
                "label": [
                    "ACTOR"
                ],
                "sent_index": 0,
                "type": "subject",
                "sub_label": [
                    "MALWARE"
                ]
            }
        },
        {
            "id": 7,
            "contracted": 0,
            "meta": {
                "start": 46,
                "end": 54,
                "text": "payloads",
                "id": 7,
                "verbs": [
                    "download"
                ],
                "label": [
                    "FUNCTION"
                ],
                "sent_index": 0,
                "type": "subject"
            }
        },
        {
            "id": 11,
            "contracted": 0,
            "meta": {
                "start": 72,
                "end": 75,
                "text": "use",
                "id": 11,
                "verbs": [
                    "use"
                ],
                "label": [
                    "OTHER"
                ],
                "sent_index": 0,
                "type": "object"
            }
        },
        {
            "id": 15,
            "contracted": 0,
            "meta": {
                "start": 81,
                "end": 92,
                "text": "Dex command",
                "id": 15,
                "label": [
                    "FUNCTION"
                ],
                "sent_index": 0,
                "type": "object"
            }
        }
    ],
    "graph_edges": [
        {
            "source": 7,
            "dest": 11,
            "index": 0,
            "verb": "use",
            "id": "7_11"
        },
        {
            "source": 11,
            "dest": 15,
            "index": 3,
            "verb": "of",
            "id": "11_15"
        },
        {
            "source": 1,
            "dest": 7,
            "index": 2,
            "verb": "execute",
            "id": "1_7"
        }
    ],
    "replacement_mapper": {},
    "sentences": [
        {
            "id": 0,
            "text": "Bumblebee can download and execute additional payloads including by the use of a Dex command.",
            "svos": [
                {
                    "sub": {
                        "start": 46,
                        "end": 54,
                        "text": "payloads",
                        "id": 7,
                        "verbs": [
                            "download"
                        ],
                        "label": [
                            "FUNCTION"
                        ],
                        "sent_index": 0,
                        "type": "subject"
                    },
                    "verb": {
                        "negation": false,
                        "text": "use",
                        "index": -1,
                        "flag": 0
                    },
                    "obj": {
                        "start": 72,
                        "end": 75,
                        "text": "use",
                        "id": 11,
                        "verbs": [
                            "use"
                        ],
                        "label": [
                            "OTHER"
                        ],
                        "sent_index": 0,
                        "type": "object"
                    }
                },
                {
                    "sub": {
                        "start": 0,
                        "end": 9,
                        "text": "Bumblebee",
                        "id": 1,
                        "label": [
                            "ACTOR"
                        ],
                        "sent_index": 0,
                        "type": "subject",
                        "sub_label": [
                            "MALWARE"
                        ]
                    },
                    "verb": {
                        "negation": false,
                        "text": "download",
                        "index": 2,
                        "flag": 0
                    },
                    "obj": {
                        "start": 46,
                        "end": 54,
                        "text": "payloads",
                        "id": 7,
                        "verbs": [
                            "download"
                        ],
                        "label": [
                            "FUNCTION"
                        ],
                        "sent_index": 0,
                        "type": "object"
                    }
                },
                {
                    "sub": {
                        "start": 0,
                        "end": 9,
                        "text": "Bumblebee",
                        "id": 1,
                        "label": [
                            "FUNCTION"
                        ],
                        "sent_index": 0,
                        "type": "subject"
                    },
                    "verb": {
                        "negation": false,
                        "text": "execute",
                        "index": 4,
                        "flag": 0
                    },
                    "obj": {
                        "start": 46,
                        "end": 54,
                        "text": "payloads",
                        "id": 7,
                        "verbs": [
                            "execute"
                        ],
                        "label": [
                            "FUNCTION"
                        ],
                        "sent_index": 0,
                        "type": "object"
                    }
                },
                {
                    "sub": {
                        "start": 72,
                        "end": 75,
                        "text": "use",
                        "id": 11,
                        "verbs": [
                            "use"
                        ],
                        "label": [
                            "OTHER"
                        ],
                        "sent_index": 0,
                        "type": "subject"
                    },
                    "verb": {
                        "negation": false,
                        "text": "of",
                        "index": 11,
                        "flag": 0
                    },
                    "obj": {
                        "start": 81,
                        "end": 92,
                        "text": "Dex command",
                        "id": 15,
                        "label": [
                            "FUNCTION"
                        ],
                        "sent_index": 0,
                        "type": "object"
                    }
                }
            ]
        }
    ],
    "id": "relationship--7065f730-96fc-4a33-b6fb-101af568b74b",
    "tech_id": "T1105",
    "location": [],
    "special_id": "T1105"
}