{
    "text": "CloudDuke downloads and executes additional malware from either a Web address or a Microsoft OneDrive account.",
    "graph_nodes": [
        {
            "id": 1,
            "contracted": 0,
            "meta": {
                "start": 0,
                "end": 9,
                "text": "CloudDuke",
                "id": 1,
                "label": [
                    "ACTOR"
                ],
                "sent_index": 0,
                "type": "subject",
                "sub_label": [
                    "MALWARE"
                ]
            }
        },
        {
            "id": 6,
            "contracted": 0,
            "meta": {
                "start": 44,
                "end": 51,
                "text": "malware",
                "id": 6,
                "verbs": [
                    "download"
                ],
                "label": [
                    "FUNCTION"
                ],
                "sent_index": 0,
                "type": "object"
            }
        },
        {
            "id": 11,
            "contracted": 0,
            "meta": {
                "start": 66,
                "end": 77,
                "text": "Web address",
                "id": 11,
                "verbs": [
                    "from"
                ],
                "label": [
                    "NETWORK",
                    "DATA"
                ],
                "sent_index": 0,
                "type": "object",
                "texts": [
                    "Web address",
                    "Microsoft OneDrive account"
                ]
            }
        }
    ],
    "graph_edges": [
        {
            "source": 1,
            "dest": 6,
            "index": 1,
            "verb": "execute",
            "id": "1_6"
        },
        {
            "source": 1,
            "dest": 11,
            "index": 4,
            "verb": "from",
            "id": "1_11"
        },
        {
            "source": 6,
            "dest": 11,
            "index": 2,
            "verb": "from",
            "id": "6_11"
        }
    ],
    "replacement_mapper": {},
    "sentences": [
        {
            "id": 0,
            "text": "CloudDuke downloads and executes additional malware from either a Web address or a Microsoft OneDrive account.",
            "svos": [
                {
                    "sub": {
                        "start": 0,
                        "end": 9,
                        "text": "CloudDuke",
                        "id": 1,
                        "label": [
                            "ACTOR"
                        ],
                        "sent_index": 0,
                        "type": "subject",
                        "sub_label": [
                            "MALWARE"
                        ]
                    },
                    "verb": {
                        "negation": false,
                        "text": "download",
                        "index": 1,
                        "flag": 0
                    },
                    "obj": {
                        "start": 44,
                        "end": 51,
                        "text": "malware",
                        "id": 6,
                        "verbs": [
                            "download"
                        ],
                        "label": [
                            "FUNCTION"
                        ],
                        "sent_index": 0,
                        "type": "object"
                    }
                },
                {
                    "sub": {
                        "start": 0,
                        "end": 9,
                        "text": "CloudDuke",
                        "id": 1,
                        "label": [
                            "FUNCTION"
                        ],
                        "sent_index": 0,
                        "type": "subject"
                    },
                    "verb": {
                        "negation": false,
                        "text": "execute",
                        "index": 3,
                        "flag": 0
                    },
                    "obj": {
                        "start": 44,
                        "end": 51,
                        "text": "malware",
                        "id": 6,
                        "verbs": [
                            "execute"
                        ],
                        "label": [
                            "FUNCTION"
                        ],
                        "sent_index": 0,
                        "type": "object"
                    }
                },
                {
                    "sub": {
                        "start": 44,
                        "end": 51,
                        "text": "malware",
                        "id": 6,
                        "verbs": [
                            "download"
                        ],
                        "label": [
                            "FUNCTION"
                        ],
                        "sent_index": 0,
                        "type": "subject"
                    },
                    "verb": {
                        "negation": false,
                        "text": "from",
                        "index": 6,
                        "flag": 0
                    },
                    "obj": {
                        "start": 66,
                        "end": 77,
                        "text": "Web address",
                        "id": 11,
                        "verbs": [
                            "from"
                        ],
                        "label": [
                            "NETWORK",
                            "DATA"
                        ],
                        "sent_index": 0,
                        "type": "object",
                        "texts": [
                            "Web address",
                            "Microsoft OneDrive account"
                        ]
                    }
                },
                {
                    "sub": {
                        "start": 44,
                        "end": 51,
                        "text": "malware",
                        "id": 6,
                        "verbs": [
                            "download"
                        ],
                        "label": [
                            "FUNCTION"
                        ],
                        "sent_index": 0,
                        "type": "subject"
                    },
                    "verb": {
                        "negation": false,
                        "text": "from",
                        "index": 6,
                        "flag": 0
                    },
                    "obj": {
                        "start": 83,
                        "end": 109,
                        "text": "Microsoft OneDrive account",
                        "id": 16,
                        "verbs": [
                            "from"
                        ],
                        "label": [
                            "DATA"
                        ],
                        "sent_index": 0,
                        "type": "object"
                    }
                },
                {
                    "sub": {
                        "start": 0,
                        "end": 9,
                        "text": "CloudDuke",
                        "id": 1,
                        "label": [
                            "FUNCTION"
                        ],
                        "sent_index": 0,
                        "type": "subject"
                    },
                    "verb": {
                        "negation": false,
                        "text": "from",
                        "index": 6,
                        "flag": 0
                    },
                    "obj": {
                        "start": 66,
                        "end": 77,
                        "text": "Web address",
                        "id": 11,
                        "verbs": [
                            "from"
                        ],
                        "label": [
                            "NETWORK"
                        ],
                        "sent_index": 0,
                        "type": "object"
                    }
                }
            ]
        }
    ],
    "id": "relationship--800825f5-6e74-43ad-a732-476fdf471225",
    "tech_id": "T1105",
    "location": [],
    "special_id": "T1105"
}