{
    "text": "Pysa has modified the registry key \"REGISTRY0\" and added the ransom note.",
    "graph_nodes": [
        {
            "id": 1,
            "contracted": 0,
            "meta": {
                "start": 0,
                "end": 4,
                "text": "Pysa",
                "id": 1,
                "label": [
                    "ACTOR"
                ],
                "sent_index": 0,
                "type": "subject",
                "sub_label": [
                    "MALWARE"
                ]
            }
        },
        {
            "id": 6,
            "contracted": 0,
            "meta": {
                "start": 22,
                "end": 34,
                "text": "registry key",
                "id": 6,
                "verbs": [
                    "modify"
                ],
                "label": [
                    "REGISTRY"
                ],
                "sent_index": 0,
                "type": "object"
            }
        },
        {
            "id": 8,
            "contracted": 0,
            "meta": {
                "start": 36,
                "end": 45,
                "text": "SOFTWARE\\Microsoft\\Windows\\CurrentVersion\\Policies\\System",
                "id": 8,
                "verbs": [
                    "modify"
                ],
                "label": [
                    "REGISTRY"
                ],
                "sent_index": 0,
                "type": "object"
            }
        },
        {
            "id": 14,
            "contracted": 0,
            "meta": {
                "start": 61,
                "end": 72,
                "text": "ransom note",
                "id": 14,
                "verbs": [
                    "add"
                ],
                "label": [
                    "DATA"
                ],
                "sent_index": 0,
                "type": "object"
            }
        }
    ],
    "graph_edges": [
        {
            "source": 1,
            "dest": 6,
            "index": 0,
            "verb": "modify",
            "id": "1_6"
        },
        {
            "source": 1,
            "dest": 8,
            "index": 1,
            "verb": "modify",
            "id": "1_8"
        },
        {
            "source": 1,
            "dest": 14,
            "index": 2,
            "verb": "add",
            "id": "1_14"
        }
    ],
    "replacement_mapper": {
        "REGISTRY0": {
            "text": "SOFTWARE\\Microsoft\\Windows\\CurrentVersion\\Policies\\System",
            "label": "REGISTRY"
        }
    },
    "sentences": [
        {
            "id": 0,
            "text": "Pysa has modified the registry key \"SOFTWARE\\Microsoft\\Windows\\CurrentVersion\\Policies\\System\" and added the ransom note.",
            "svos": [
                {
                    "sub": {
                        "start": 0,
                        "end": 4,
                        "text": "Pysa",
                        "id": 1,
                        "label": [
                            "ACTOR"
                        ],
                        "sent_index": 0,
                        "type": "subject",
                        "sub_label": [
                            "MALWARE"
                        ]
                    },
                    "verb": {
                        "negation": false,
                        "text": "modify",
                        "index": 2,
                        "flag": 0
                    },
                    "obj": {
                        "start": 22,
                        "end": 34,
                        "text": "registry key",
                        "id": 6,
                        "verbs": [
                            "modify"
                        ],
                        "label": [
                            "REGISTRY"
                        ],
                        "sent_index": 0,
                        "type": "object"
                    }
                },
                {
                    "sub": {
                        "start": 0,
                        "end": 4,
                        "text": "Pysa",
                        "id": 1,
                        "label": [
                            "FUNCTION"
                        ],
                        "sent_index": 0,
                        "type": "subject"
                    },
                    "verb": {
                        "negation": false,
                        "text": "modify",
                        "index": 2,
                        "flag": 0
                    },
                    "obj": {
                        "start": 36,
                        "end": 45,
                        "text": "SOFTWARE\\Microsoft\\Windows\\CurrentVersion\\Policies\\System",
                        "id": 8,
                        "verbs": [
                            "modify"
                        ],
                        "label": [
                            "REGISTRY"
                        ],
                        "sent_index": 0,
                        "type": "object"
                    }
                },
                {
                    "sub": {
                        "start": 0,
                        "end": 4,
                        "text": "Pysa",
                        "id": 1,
                        "label": [
                            "FUNCTION"
                        ],
                        "sent_index": 0,
                        "type": "subject"
                    },
                    "verb": {
                        "negation": false,
                        "text": "add",
                        "index": 10,
                        "flag": 0
                    },
                    "obj": {
                        "start": 61,
                        "end": 72,
                        "text": "ransom note",
                        "id": 14,
                        "verbs": [
                            "add"
                        ],
                        "label": [
                            "DATA"
                        ],
                        "sent_index": 0,
                        "type": "object"
                    }
                }
            ]
        }
    ],
    "id": "relationship--7a097ec6-c379-4aef-849e-fe7d9ea1e7d1",
    "tech_id": "T1112",
    "location": [],
    "special_id": "T1112"
}