{
    "text": "Saint Bot can run a batch script named del.bat to remove any Saint Bot payload-linked files from a compromise system if anti-analysis or locale checks fail.",
    "graph_nodes": [
        {
            "id": 2,
            "contracted": 0,
            "meta": {
                "start": 0,
                "end": 9,
                "text": "Saint Bot",
                "id": 2,
                "label": [
                    "ACTOR"
                ],
                "sent_index": 0,
                "type": "subject",
                "sub_label": [
                    "MALWARE"
                ]
            }
        },
        {
            "id": 7,
            "contracted": 0,
            "meta": {
                "start": 20,
                "end": 32,
                "text": "batch script",
                "id": 7,
                "verbs": [
                    "run"
                ],
                "label": [
                    "FUNCTION"
                ],
                "sent_index": 0,
                "type": "object",
                "texts": [
                    "del.bat",
                    "batch script"
                ]
            }
        },
        {
            "id": 16,
            "contracted": 0,
            "meta": {
                "start": 61,
                "end": 91,
                "text": "Saint Bot payload-linked files",
                "id": 16,
                "verbs": [
                    "remove"
                ],
                "label": [
                    "DATA"
                ],
                "sent_index": 0,
                "type": "object"
            }
        },
        {
            "id": 20,
            "contracted": 0,
            "meta": {
                "start": 99,
                "end": 116,
                "text": "compromise system",
                "id": 20,
                "verbs": [
                    "from"
                ],
                "label": [
                    "COMPONENT"
                ],
                "sent_index": 0,
                "type": "object"
            }
        }
    ],
    "graph_edges": [
        {
            "source": 2,
            "dest": 7,
            "index": 0,
            "verb": "run",
            "id": "2_7"
        },
        {
            "source": 2,
            "dest": 16,
            "index": 2,
            "verb": "remove",
            "id": "2_16"
        },
        {
            "source": 16,
            "dest": 20,
            "index": 3,
            "verb": "from",
            "id": "16_20"
        }
    ],
    "replacement_mapper": {},
    "sentences": [
        {
            "id": 0,
            "text": "Saint Bot can run a batch script named del.bat to remove any Saint Bot payload-linked files from a compromise system if anti-analysis or locale checks fail.",
            "svos": [
                {
                    "sub": {
                        "start": 0,
                        "end": 9,
                        "text": "Saint Bot",
                        "id": 2,
                        "label": [
                            "ACTOR"
                        ],
                        "sent_index": 0,
                        "type": "subject",
                        "sub_label": [
                            "MALWARE"
                        ]
                    },
                    "verb": {
                        "negation": false,
                        "text": "run",
                        "index": 3,
                        "flag": 0
                    },
                    "obj": {
                        "start": 20,
                        "end": 32,
                        "text": "batch script",
                        "id": 7,
                        "verbs": [
                            "run"
                        ],
                        "label": [
                            "FUNCTION"
                        ],
                        "sent_index": 0,
                        "type": "object",
                        "texts": [
                            "del.bat",
                            "batch script"
                        ]
                    }
                },
                {
                    "sub": {
                        "start": 20,
                        "end": 32,
                        "text": "batch script",
                        "id": 7,
                        "verbs": [
                            "run"
                        ],
                        "label": [
                            "FUNCTION"
                        ],
                        "sent_index": 0,
                        "type": "subject"
                    },
                    "verb": {
                        "negation": false,
                        "text": "name",
                        "index": 7,
                        "flag": 1
                    },
                    "obj": {
                        "start": 39,
                        "end": 46,
                        "text": "del.bat",
                        "id": 9,
                        "verbs": [
                            "name"
                        ],
                        "label": [
                            "FUNCTION"
                        ],
                        "sent_index": 0,
                        "type": "object"
                    }
                },
                {
                    "sub": {
                        "start": 0,
                        "end": 9,
                        "text": "Saint Bot",
                        "id": 2,
                        "label": [
                            "FUNCTION"
                        ],
                        "sent_index": 0,
                        "type": "subject"
                    },
                    "verb": {
                        "negation": false,
                        "text": "remove",
                        "index": 10,
                        "flag": 0
                    },
                    "obj": {
                        "start": 61,
                        "end": 91,
                        "text": "Saint Bot payload-linked files",
                        "id": 16,
                        "verbs": [
                            "remove"
                        ],
                        "label": [
                            "DATA"
                        ],
                        "sent_index": 0,
                        "type": "object"
                    }
                },
                {
                    "sub": {
                        "start": 61,
                        "end": 91,
                        "text": "Saint Bot payload-linked files",
                        "id": 16,
                        "verbs": [
                            "remove"
                        ],
                        "label": [
                            "DATA"
                        ],
                        "sent_index": 0,
                        "type": "subject"
                    },
                    "verb": {
                        "negation": false,
                        "text": "from",
                        "index": 16,
                        "flag": 0
                    },
                    "obj": {
                        "start": 99,
                        "end": 116,
                        "text": "compromise system",
                        "id": 20,
                        "verbs": [
                            "from"
                        ],
                        "label": [
                            "COMPONENT"
                        ],
                        "sent_index": 0,
                        "type": "object"
                    }
                }
            ]
        }
    ],
    "id": "relationship--f774b7e4-15c6-42d8-917a-efd8617c0c0f",
    "tech_id": "T1070.004",
    "location": [],
    "special_id": "T1070.004"
}