{
    "text": "njRAT can be configured to spread by removable drives.",
    "graph_nodes": [
        {
            "id": 1,
            "contracted": 0,
            "meta": {
                "start": 0,
                "end": 5,
                "text": "njRAT",
                "id": 1,
                "verbs": [
                    "configure"
                ],
                "label": [
                    "ACTOR"
                ],
                "sent_index": 0,
                "type": "subject",
                "sub_label": [
                    "MALWARE"
                ]
            }
        },
        {
            "id": 9,
            "contracted": 0,
            "meta": {
                "start": 37,
                "end": 53,
                "text": "removable drives",
                "id": 9,
                "verbs": [
                    "use"
                ],
                "label": [
                    "COMPONENT"
                ],
                "sent_index": 0,
                "type": "object"
            }
        }
    ],
    "graph_edges": [
        {
            "source": 1,
            "dest": 9,
            "index": 2,
            "verb": "spread",
            "id": "1_9"
        }
    ],
    "replacement_mapper": {},
    "sentences": [
        {
            "id": 0,
            "text": "njRAT can be configured to spread by removable drives.",
            "svos": [
                {
                    "sub": {
                        "start": 0,
                        "end": 5,
                        "text": "njRAT",
                        "id": 1,
                        "verbs": [
                            "configure"
                        ],
                        "label": [
                            "ACTOR"
                        ],
                        "sent_index": 0,
                        "type": "subject",
                        "sub_label": [
                            "MALWARE"
                        ]
                    },
                    "verb": {
                        "negation": false,
                        "text": "use",
                        "index": -1,
                        "flag": 0
                    },
                    "obj": {
                        "start": 37,
                        "end": 53,
                        "text": "removable drives",
                        "id": 9,
                        "verbs": [
                            "use"
                        ],
                        "label": [
                            "COMPONENT"
                        ],
                        "sent_index": 0,
                        "type": "object"
                    }
                },
                {
                    "sub": {
                        "text": "ANY",
                        "start": 0,
                        "end": 0,
                        "label": [
                            "ACTOR"
                        ],
                        "id": 0,
                        "sent_index": 0,
                        "type": "subject"
                    },
                    "verb": {
                        "negation": false,
                        "text": "configure",
                        "index": 3,
                        "flag": 0
                    },
                    "obj": {
                        "start": 0,
                        "end": 5,
                        "text": "njRAT",
                        "id": 1,
                        "verbs": [
                            "configure"
                        ],
                        "label": [
                            "FUNCTION"
                        ],
                        "sent_index": 0,
                        "type": "object"
                    }
                },
                {
                    "sub": {
                        "start": 0,
                        "end": 5,
                        "text": "njRAT",
                        "id": 1,
                        "verbs": [
                            "configure"
                        ],
                        "label": [
                            "FUNCTION"
                        ],
                        "sent_index": 0,
                        "type": "subject"
                    },
                    "verb": {
                        "negation": false,
                        "text": "spread",
                        "index": 5,
                        "flag": 0
                    },
                    "obj": {
                        "start": 37,
                        "end": 53,
                        "text": "removable drives",
                        "id": 9,
                        "verbs": [
                            "spread"
                        ],
                        "label": [
                            "COMPONENT"
                        ],
                        "sent_index": 0,
                        "type": "object"
                    }
                }
            ]
        }
    ],
    "id": "relationship--815fff92-274f-467c-a8c0-a623588c6739",
    "tech_id": "T1091",
    "location": [],
    "special_id": "T1091"
}