{
    "text": "SecretsDump and Mimikatz modules within Impacket can perform credential dumping to obtain account and password information.",
    "graph_nodes": [
        {
            "id": 4,
            "contracted": 0,
            "meta": {
                "start": 0,
                "end": 32,
                "text": "SecretsDump and Mimikatz modules",
                "id": 4,
                "label": [
                    "FUNCTION"
                ],
                "sent_index": 0,
                "type": "subject"
            }
        },
        {
            "id": 6,
            "contracted": 0,
            "meta": {
                "start": 40,
                "end": 48,
                "text": "Impacket",
                "id": 6,
                "verbs": [
                    "within"
                ],
                "label": [
                    "FUNCTION"
                ],
                "sent_index": 0,
                "type": "object"
            }
        },
        {
            "id": 10,
            "contracted": 0,
            "meta": {
                "start": 61,
                "end": 79,
                "text": "credential dumping",
                "id": 10,
                "verbs": [
                    "perform"
                ],
                "label": [
                    "FUNCTION"
                ],
                "sent_index": 0,
                "type": "object"
            }
        },
        {
            "id": 16,
            "contracted": 0,
            "meta": {
                "start": 90,
                "end": 122,
                "text": "account and password information",
                "id": 16,
                "verbs": [
                    "obtain"
                ],
                "label": [
                    "DATA"
                ],
                "sent_index": 0,
                "type": "object"
            }
        }
    ],
    "graph_edges": [
        {
            "source": 4,
            "dest": 6,
            "index": 0,
            "verb": "within",
            "id": "4_6"
        },
        {
            "source": 4,
            "dest": 10,
            "index": 1,
            "verb": "perform",
            "id": "4_10"
        },
        {
            "source": 4,
            "dest": 16,
            "index": 2,
            "verb": "obtain",
            "id": "4_16"
        }
    ],
    "replacement_mapper": {},
    "sentences": [
        {
            "id": 0,
            "text": "SecretsDump and Mimikatz modules within Impacket can perform credential dumping to obtain account and password information.",
            "svos": [
                {
                    "sub": {
                        "start": 0,
                        "end": 32,
                        "text": "SecretsDump and Mimikatz modules",
                        "id": 4,
                        "label": [
                            "FUNCTION"
                        ],
                        "sent_index": 0,
                        "type": "subject"
                    },
                    "verb": {
                        "negation": false,
                        "text": "within",
                        "index": 4,
                        "flag": 0
                    },
                    "obj": {
                        "start": 40,
                        "end": 48,
                        "text": "Impacket",
                        "id": 6,
                        "verbs": [
                            "within"
                        ],
                        "label": [
                            "FUNCTION"
                        ],
                        "sent_index": 0,
                        "type": "object"
                    }
                },
                {
                    "sub": {
                        "start": 0,
                        "end": 32,
                        "text": "SecretsDump and Mimikatz modules",
                        "id": 4,
                        "label": [
                            "FUNCTION"
                        ],
                        "sent_index": 0,
                        "type": "subject"
                    },
                    "verb": {
                        "negation": false,
                        "text": "perform",
                        "index": 7,
                        "flag": 0
                    },
                    "obj": {
                        "start": 61,
                        "end": 79,
                        "text": "credential dumping",
                        "id": 10,
                        "verbs": [
                            "perform"
                        ],
                        "label": [
                            "FUNCTION"
                        ],
                        "sent_index": 0,
                        "type": "object"
                    }
                },
                {
                    "sub": {
                        "start": 0,
                        "end": 32,
                        "text": "SecretsDump and Mimikatz modules",
                        "id": 4,
                        "label": [
                            "FUNCTION"
                        ],
                        "sent_index": 0,
                        "type": "subject"
                    },
                    "verb": {
                        "negation": false,
                        "text": "obtain",
                        "index": 11,
                        "flag": 0
                    },
                    "obj": {
                        "start": 90,
                        "end": 122,
                        "text": "account and password information",
                        "id": 16,
                        "verbs": [
                            "obtain"
                        ],
                        "label": [
                            "DATA"
                        ],
                        "sent_index": 0,
                        "type": "object"
                    }
                }
            ]
        }
    ],
    "id": "relationship--78daa7e5-f5e5-452b-a7fd-cece272294fd",
    "tech_id": "T1003.001",
    "location": [],
    "special_id": "T1003.001"
}