{
    "text": "Sandworm Team has used a tool to query Active Directory using LDAP, discovering information about computers listed in AD.",
    "graph_nodes": [
        {
            "id": 2,
            "contracted": 0,
            "meta": {
                "start": 0,
                "end": 13,
                "text": "Sandworm Team",
                "id": 2,
                "label": [
                    "ACTOR"
                ],
                "sent_index": 0,
                "type": "subject"
            }
        },
        {
            "id": 6,
            "contracted": 0,
            "meta": {
                "start": 25,
                "end": 29,
                "text": "tool",
                "id": 6,
                "verbs": [
                    "use"
                ],
                "label": [
                    "FUNCTION"
                ],
                "sent_index": 0,
                "type": "object"
            }
        },
        {
            "id": 10,
            "contracted": 0,
            "meta": {
                "start": 39,
                "end": 55,
                "text": "Active Directory",
                "id": 10,
                "verbs": [
                    "query"
                ],
                "label": [
                    "DIRECTORY"
                ],
                "sent_index": 0,
                "type": "object"
            }
        },
        {
            "id": 12,
            "contracted": 0,
            "meta": {
                "start": 62,
                "end": 66,
                "text": "LDAP",
                "id": 12,
                "verbs": [
                    "use"
                ],
                "label": [
                    "NETWORK"
                ],
                "sent_index": 0,
                "type": "object"
            }
        },
        {
            "id": 15,
            "contracted": 0,
            "meta": {
                "start": 80,
                "end": 91,
                "text": "information",
                "id": 15,
                "verbs": [
                    "discover"
                ],
                "label": [
                    "DATA"
                ],
                "sent_index": 0,
                "type": "object"
            }
        },
        {
            "id": 17,
            "contracted": 0,
            "meta": {
                "start": 98,
                "end": 107,
                "text": "computers",
                "id": 17,
                "verbs": [
                    "about"
                ],
                "label": [
                    "COMPONENT"
                ],
                "sent_index": 0,
                "type": "object"
            }
        },
        {
            "id": 20,
            "contracted": 0,
            "meta": {
                "start": 118,
                "end": 120,
                "text": "AD",
                "id": 20,
                "verbs": [
                    "list"
                ],
                "label": [
                    "NETWORK"
                ],
                "sent_index": 0,
                "type": "object"
            }
        }
    ],
    "graph_edges": [
        {
            "source": 2,
            "dest": 6,
            "index": 0,
            "verb": "use",
            "id": "2_6"
        },
        {
            "source": 2,
            "dest": 10,
            "index": 1,
            "verb": "query",
            "id": "2_10"
        },
        {
            "source": 2,
            "dest": 12,
            "index": 2,
            "verb": "use",
            "id": "2_12"
        },
        {
            "source": 2,
            "dest": 15,
            "index": 3,
            "verb": "discover",
            "id": "2_15"
        },
        {
            "source": 15,
            "dest": 17,
            "index": 4,
            "verb": "about",
            "id": "15_17"
        },
        {
            "source": 17,
            "dest": 20,
            "index": 6,
            "verb": "list in",
            "id": "17_20"
        }
    ],
    "replacement_mapper": {},
    "sentences": [
        {
            "id": 0,
            "text": "Sandworm Team has used a tool to query Active Directory using LDAP, discovering information about computers listed in AD.",
            "svos": [
                {
                    "sub": {
                        "start": 0,
                        "end": 13,
                        "text": "Sandworm Team",
                        "id": 2,
                        "label": [
                            "ACTOR"
                        ],
                        "sent_index": 0,
                        "type": "subject"
                    },
                    "verb": {
                        "negation": false,
                        "text": "use",
                        "index": 3,
                        "flag": 0
                    },
                    "obj": {
                        "start": 25,
                        "end": 29,
                        "text": "tool",
                        "id": 6,
                        "verbs": [
                            "use"
                        ],
                        "label": [
                            "FUNCTION"
                        ],
                        "sent_index": 0,
                        "type": "object"
                    }
                },
                {
                    "sub": {
                        "start": 0,
                        "end": 13,
                        "text": "Sandworm Team",
                        "id": 2,
                        "label": [
                            "ACTOR"
                        ],
                        "sent_index": 0,
                        "type": "subject"
                    },
                    "verb": {
                        "negation": false,
                        "text": "query",
                        "index": 7,
                        "flag": 0
                    },
                    "obj": {
                        "start": 39,
                        "end": 55,
                        "text": "Active Directory",
                        "id": 10,
                        "verbs": [
                            "query"
                        ],
                        "label": [
                            "DIRECTORY"
                        ],
                        "sent_index": 0,
                        "type": "object"
                    }
                },
                {
                    "sub": {
                        "start": 0,
                        "end": 13,
                        "text": "Sandworm Team",
                        "id": 2,
                        "label": [
                            "ACTOR"
                        ],
                        "sent_index": 0,
                        "type": "subject"
                    },
                    "verb": {
                        "negation": false,
                        "text": "use",
                        "index": 10,
                        "flag": 0
                    },
                    "obj": {
                        "start": 62,
                        "end": 66,
                        "text": "LDAP",
                        "id": 12,
                        "verbs": [
                            "use"
                        ],
                        "label": [
                            "NETWORK"
                        ],
                        "sent_index": 0,
                        "type": "object"
                    }
                },
                {
                    "sub": {
                        "start": 0,
                        "end": 13,
                        "text": "Sandworm Team",
                        "id": 2,
                        "label": [
                            "ACTOR"
                        ],
                        "sent_index": 0,
                        "type": "subject"
                    },
                    "verb": {
                        "negation": false,
                        "text": "discover",
                        "index": 13,
                        "flag": 0
                    },
                    "obj": {
                        "start": 80,
                        "end": 91,
                        "text": "information",
                        "id": 15,
                        "verbs": [
                            "discover"
                        ],
                        "label": [
                            "DATA"
                        ],
                        "sent_index": 0,
                        "type": "object"
                    }
                },
                {
                    "sub": {
                        "start": 80,
                        "end": 91,
                        "text": "information",
                        "id": 15,
                        "verbs": [
                            "discover"
                        ],
                        "label": [
                            "DATA"
                        ],
                        "sent_index": 0,
                        "type": "subject"
                    },
                    "verb": {
                        "negation": false,
                        "text": "about",
                        "index": 15,
                        "flag": 0
                    },
                    "obj": {
                        "start": 98,
                        "end": 107,
                        "text": "computers",
                        "id": 17,
                        "verbs": [
                            "about"
                        ],
                        "label": [
                            "COMPONENT"
                        ],
                        "sent_index": 0,
                        "type": "object"
                    }
                },
                {
                    "sub": {
                        "start": 98,
                        "end": 107,
                        "text": "computers",
                        "id": 17,
                        "label": [
                            "COMPONENT"
                        ],
                        "sent_index": 0,
                        "type": "subject"
                    },
                    "verb": {
                        "negation": false,
                        "text": "list",
                        "index": 17,
                        "flag": 0
                    },
                    "obj": {
                        "start": 118,
                        "end": 120,
                        "text": "AD",
                        "id": 20,
                        "verbs": [
                            "list"
                        ],
                        "label": [
                            "NETWORK"
                        ],
                        "sent_index": 0,
                        "type": "object"
                    }
                },
                {
                    "sub": {
                        "start": 98,
                        "end": 107,
                        "text": "computers",
                        "id": 17,
                        "label": [
                            "COMPONENT"
                        ],
                        "sent_index": 0,
                        "type": "subject"
                    },
                    "verb": {
                        "negation": false,
                        "text": "list in",
                        "index": 17,
                        "flag": 0
                    },
                    "obj": {
                        "start": 118,
                        "end": 120,
                        "text": "AD",
                        "id": 20,
                        "verbs": [
                            "list in"
                        ],
                        "label": [
                            "NETWORK"
                        ],
                        "sent_index": 0,
                        "type": "object"
                    }
                }
            ]
        }
    ],
    "id": "relationship--42d2f7f0-9548-4bdd-9e88-7200a9e91b57",
    "tech_id": "T1018",
    "location": [],
    "special_id": "T1018"
}