{
    "text": "The TAINTEDSCRIBE command and execution module can perform target system enumeration.",
    "graph_nodes": [
        {
            "id": 6,
            "contracted": 0,
            "meta": {
                "start": 4,
                "end": 46,
                "text": "TAINTEDSCRIBE command and execution module",
                "id": 6,
                "label": [
                    "FUNCTION"
                ],
                "sent_index": 0,
                "type": "subject"
            }
        },
        {
            "id": 11,
            "contracted": 0,
            "meta": {
                "start": 59,
                "end": 84,
                "text": "target system enumeration",
                "id": 11,
                "verbs": [
                    "perform"
                ],
                "label": [
                    "FUNCTION"
                ],
                "sent_index": 0,
                "type": "object"
            }
        }
    ],
    "graph_edges": [
        {
            "source": 6,
            "dest": 11,
            "index": 0,
            "verb": "perform",
            "id": "6_11"
        }
    ],
    "replacement_mapper": {},
    "sentences": [
        {
            "id": 0,
            "text": "The TAINTEDSCRIBE command and execution module can perform target system enumeration.",
            "svos": [
                {
                    "sub": {
                        "start": 4,
                        "end": 46,
                        "text": "TAINTEDSCRIBE command and execution module",
                        "id": 6,
                        "label": [
                            "FUNCTION"
                        ],
                        "sent_index": 0,
                        "type": "subject"
                    },
                    "verb": {
                        "negation": false,
                        "text": "perform",
                        "index": 7,
                        "flag": 0
                    },
                    "obj": {
                        "start": 59,
                        "end": 84,
                        "text": "target system enumeration",
                        "id": 11,
                        "verbs": [
                            "perform"
                        ],
                        "label": [
                            "FUNCTION"
                        ],
                        "sent_index": 0,
                        "type": "object"
                    }
                }
            ]
        }
    ],
    "id": "relationship--07324f90-f7c1-41f7-8d08-3ecec98bbe5c",
    "tech_id": "T1018",
    "location": [],
    "special_id": "T1018"
}