{
    "text": "RainyDay can use RC4 to encrypt C2 communications.",
    "graph_nodes": [
        {
            "id": 1,
            "contracted": 0,
            "meta": {
                "start": 0,
                "end": 8,
                "text": "RainyDay",
                "id": 1,
                "label": [
                    "ACTOR"
                ],
                "sent_index": 0,
                "type": "subject",
                "sub_label": [
                    "MALWARE"
                ]
            }
        },
        {
            "id": 4,
            "contracted": 0,
            "meta": {
                "start": 17,
                "end": 20,
                "text": "RC4",
                "id": 4,
                "verbs": [
                    "use"
                ],
                "label": [
                    "ENCRYPTION"
                ],
                "sent_index": 0,
                "type": "object"
            }
        },
        {
            "id": 8,
            "contracted": 0,
            "meta": {
                "start": 32,
                "end": 49,
                "text": "C2 communications",
                "id": 8,
                "verbs": [
                    "encrypt"
                ],
                "label": [
                    "NETWORK"
                ],
                "sent_index": 0,
                "type": "object"
            }
        }
    ],
    "graph_edges": [
        {
            "source": 1,
            "dest": 4,
            "index": 0,
            "verb": "use",
            "id": "1_4"
        },
        {
            "source": 1,
            "dest": 8,
            "index": 1,
            "verb": "encrypt",
            "id": "1_8"
        }
    ],
    "replacement_mapper": {},
    "sentences": [
        {
            "id": 0,
            "text": "RainyDay can use RC4 to encrypt C2 communications.",
            "svos": [
                {
                    "sub": {
                        "start": 0,
                        "end": 8,
                        "text": "RainyDay",
                        "id": 1,
                        "label": [
                            "ACTOR"
                        ],
                        "sent_index": 0,
                        "type": "subject",
                        "sub_label": [
                            "MALWARE"
                        ]
                    },
                    "verb": {
                        "negation": false,
                        "text": "use",
                        "index": 2,
                        "flag": 0
                    },
                    "obj": {
                        "start": 17,
                        "end": 20,
                        "text": "RC4",
                        "id": 4,
                        "verbs": [
                            "use"
                        ],
                        "label": [
                            "ENCRYPTION"
                        ],
                        "sent_index": 0,
                        "type": "object"
                    }
                },
                {
                    "sub": {
                        "start": 0,
                        "end": 8,
                        "text": "RainyDay",
                        "id": 1,
                        "label": [
                            "FUNCTION"
                        ],
                        "sent_index": 0,
                        "type": "subject"
                    },
                    "verb": {
                        "negation": false,
                        "text": "encrypt",
                        "index": 5,
                        "flag": 0
                    },
                    "obj": {
                        "start": 32,
                        "end": 49,
                        "text": "C2 communications",
                        "id": 8,
                        "verbs": [
                            "encrypt"
                        ],
                        "label": [
                            "NETWORK"
                        ],
                        "sent_index": 0,
                        "type": "object"
                    }
                }
            ]
        }
    ],
    "id": "relationship--e08a510f-65b2-4676-9667-848166ba22b4",
    "tech_id": "T1573.001",
    "location": [],
    "special_id": "T1573.001"
}