{
    "text": "Kimsuky has checked for the presence of antivirus software with ENTITY0.",
    "graph_nodes": [
        {
            "id": 1,
            "contracted": 0,
            "meta": {
                "start": 0,
                "end": 7,
                "text": "Kimsuky",
                "id": 1,
                "label": [
                    "ACTOR"
                ],
                "sent_index": 0,
                "type": "subject"
            }
        },
        {
            "id": 6,
            "contracted": 0,
            "meta": {
                "start": 28,
                "end": 36,
                "text": "presence",
                "id": 6,
                "verbs": [
                    "check"
                ],
                "label": [
                    "FUNCTION"
                ],
                "sent_index": 0,
                "type": "object"
            }
        },
        {
            "id": 9,
            "contracted": 0,
            "meta": {
                "start": 40,
                "end": 58,
                "text": "antivirus software",
                "id": 9,
                "label": [
                    "FUNCTION"
                ],
                "sent_index": 0,
                "type": "object"
            }
        },
        {
            "id": 11,
            "contracted": 0,
            "meta": {
                "start": 64,
                "end": 71,
                "text": "powershell Get-CimInstance -Namespace root/securityCenter2 - classname antivirusproduct",
                "id": 11,
                "verbs": [
                    "with"
                ],
                "label": [
                    "FUNCTION"
                ],
                "sent_index": 0,
                "type": "object"
            }
        }
    ],
    "graph_edges": [
        {
            "source": 1,
            "dest": 6,
            "index": 1,
            "verb": "for",
            "id": "1_6"
        },
        {
            "source": 6,
            "dest": 9,
            "index": 2,
            "verb": "of",
            "id": "6_9"
        },
        {
            "source": 9,
            "dest": 11,
            "index": 3,
            "verb": "with",
            "id": "9_11"
        }
    ],
    "replacement_mapper": {
        "ENTITY0": {
            "text": "powershell Get-CimInstance -Namespace root/securityCenter2 - classname antivirusproduct",
            "label": "FUNCTION"
        }
    },
    "sentences": [
        {
            "id": 0,
            "text": "Kimsuky has checked for the presence of antivirus software with powershell Get-CimInstance -Namespace root/securityCenter2 - classname antivirusproduct.",
            "svos": [
                {
                    "sub": {
                        "start": 0,
                        "end": 7,
                        "text": "Kimsuky",
                        "id": 1,
                        "label": [
                            "ACTOR"
                        ],
                        "sent_index": 0,
                        "type": "subject"
                    },
                    "verb": {
                        "negation": false,
                        "text": "check",
                        "index": 2,
                        "flag": 0
                    },
                    "obj": {
                        "start": 28,
                        "end": 36,
                        "text": "presence",
                        "id": 6,
                        "verbs": [
                            "check"
                        ],
                        "label": [
                            "FUNCTION"
                        ],
                        "sent_index": 0,
                        "type": "object"
                    }
                },
                {
                    "sub": {
                        "start": 0,
                        "end": 7,
                        "text": "Kimsuky",
                        "id": 1,
                        "label": [
                            "ACTOR"
                        ],
                        "sent_index": 0,
                        "type": "subject"
                    },
                    "verb": {
                        "negation": false,
                        "text": "for",
                        "index": 3,
                        "flag": 0
                    },
                    "obj": {
                        "start": 28,
                        "end": 36,
                        "text": "presence",
                        "id": 6,
                        "verbs": [
                            "check"
                        ],
                        "label": [
                            "FUNCTION"
                        ],
                        "sent_index": 0,
                        "type": "object"
                    }
                },
                {
                    "sub": {
                        "start": 28,
                        "end": 36,
                        "text": "presence",
                        "id": 6,
                        "verbs": [
                            "check"
                        ],
                        "label": [
                            "FUNCTION"
                        ],
                        "sent_index": 0,
                        "type": "subject"
                    },
                    "verb": {
                        "negation": false,
                        "text": "of",
                        "index": 6,
                        "flag": 0
                    },
                    "obj": {
                        "start": 40,
                        "end": 58,
                        "text": "antivirus software",
                        "id": 9,
                        "label": [
                            "FUNCTION"
                        ],
                        "sent_index": 0,
                        "type": "object"
                    }
                },
                {
                    "sub": {
                        "start": 40,
                        "end": 58,
                        "text": "antivirus software",
                        "id": 9,
                        "label": [
                            "FUNCTION"
                        ],
                        "sent_index": 0,
                        "type": "subject"
                    },
                    "verb": {
                        "negation": false,
                        "text": "with",
                        "index": 9,
                        "flag": 0
                    },
                    "obj": {
                        "start": 64,
                        "end": 71,
                        "text": "powershell Get-CimInstance -Namespace root/securityCenter2 - classname antivirusproduct",
                        "id": 11,
                        "verbs": [
                            "with"
                        ],
                        "label": [
                            "FUNCTION"
                        ],
                        "sent_index": 0,
                        "type": "object"
                    }
                }
            ]
        }
    ],
    "id": "relationship--8bfac9d6-8d6d-4a2f-9718-4015f231fdae",
    "tech_id": "T1518.001",
    "location": [],
    "special_id": "T1518.001"
}