{
    "text": "Epic gathers information on local group names.",
    "graph_nodes": [
        {
            "id": 1,
            "contracted": 0,
            "meta": {
                "start": 0,
                "end": 4,
                "text": "Epic",
                "id": 1,
                "label": [
                    "ACTOR"
                ],
                "sent_index": 0,
                "type": "subject",
                "sub_label": [
                    "MALWARE"
                ]
            }
        },
        {
            "id": 3,
            "contracted": 0,
            "meta": {
                "start": 13,
                "end": 24,
                "text": "information",
                "id": 3,
                "verbs": [
                    "gather"
                ],
                "label": [
                    "DATA"
                ],
                "sent_index": 0,
                "type": "object"
            }
        },
        {
            "id": 7,
            "contracted": 0,
            "meta": {
                "start": 28,
                "end": 45,
                "text": "local group names",
                "id": 7,
                "label": [
                    "DATA"
                ],
                "sent_index": 0,
                "type": "object"
            }
        }
    ],
    "graph_edges": [
        {
            "source": 1,
            "dest": 3,
            "index": 0,
            "verb": "gather",
            "id": "1_3"
        },
        {
            "source": 3,
            "dest": 7,
            "index": 1,
            "verb": "on",
            "id": "3_7"
        }
    ],
    "replacement_mapper": {},
    "sentences": [
        {
            "id": 0,
            "text": "Epic gathers information on local group names.",
            "svos": [
                {
                    "sub": {
                        "start": 0,
                        "end": 4,
                        "text": "Epic",
                        "id": 1,
                        "label": [
                            "ACTOR"
                        ],
                        "sent_index": 0,
                        "type": "subject",
                        "sub_label": [
                            "MALWARE"
                        ]
                    },
                    "verb": {
                        "negation": false,
                        "text": "gather",
                        "index": 1,
                        "flag": 0
                    },
                    "obj": {
                        "start": 13,
                        "end": 24,
                        "text": "information",
                        "id": 3,
                        "verbs": [
                            "gather"
                        ],
                        "label": [
                            "DATA"
                        ],
                        "sent_index": 0,
                        "type": "object"
                    }
                },
                {
                    "sub": {
                        "start": 13,
                        "end": 24,
                        "text": "information",
                        "id": 3,
                        "verbs": [
                            "gather"
                        ],
                        "label": [
                            "DATA"
                        ],
                        "sent_index": 0,
                        "type": "subject"
                    },
                    "verb": {
                        "negation": false,
                        "text": "on",
                        "index": 3,
                        "flag": 0
                    },
                    "obj": {
                        "start": 28,
                        "end": 45,
                        "text": "local group names",
                        "id": 7,
                        "label": [
                            "DATA"
                        ],
                        "sent_index": 0,
                        "type": "object"
                    }
                }
            ]
        }
    ],
    "id": "relationship--bc5b2681-d0e9-4ef5-9a90-56358ea34d96",
    "tech_id": "T1069.001",
    "location": [],
    "special_id": "T1069.001"
}