{
    "text": "BoomBox can download next stage malware components to a compromised system.",
    "graph_nodes": [
        {
            "id": 1,
            "contracted": 0,
            "meta": {
                "start": 0,
                "end": 7,
                "text": "BoomBox",
                "id": 1,
                "label": [
                    "ACTOR"
                ],
                "sent_index": 0,
                "type": "subject",
                "sub_label": [
                    "MALWARE"
                ]
            }
        },
        {
            "id": 7,
            "contracted": 0,
            "meta": {
                "start": 26,
                "end": 50,
                "text": "stage malware components",
                "id": 7,
                "verbs": [
                    "download"
                ],
                "label": [
                    "FUNCTION"
                ],
                "sent_index": 0,
                "type": "object"
            }
        },
        {
            "id": 11,
            "contracted": 0,
            "meta": {
                "start": 56,
                "end": 74,
                "text": "compromised system",
                "id": 11,
                "verbs": [
                    "to"
                ],
                "label": [
                    "COMPONENT"
                ],
                "sent_index": 0,
                "type": "object"
            }
        }
    ],
    "graph_edges": [
        {
            "source": 1,
            "dest": 7,
            "index": 0,
            "verb": "download",
            "id": "1_7"
        },
        {
            "source": 1,
            "dest": 11,
            "index": 2,
            "verb": "to",
            "id": "1_11"
        },
        {
            "source": 7,
            "dest": 11,
            "index": 1,
            "verb": "to",
            "id": "7_11"
        }
    ],
    "replacement_mapper": {},
    "sentences": [
        {
            "id": 0,
            "text": "BoomBox can download next stage malware components to a compromised system.",
            "svos": [
                {
                    "sub": {
                        "start": 0,
                        "end": 7,
                        "text": "BoomBox",
                        "id": 1,
                        "label": [
                            "ACTOR"
                        ],
                        "sent_index": 0,
                        "type": "subject",
                        "sub_label": [
                            "MALWARE"
                        ]
                    },
                    "verb": {
                        "negation": false,
                        "text": "download",
                        "index": 2,
                        "flag": 0
                    },
                    "obj": {
                        "start": 26,
                        "end": 50,
                        "text": "stage malware components",
                        "id": 7,
                        "verbs": [
                            "download"
                        ],
                        "label": [
                            "FUNCTION"
                        ],
                        "sent_index": 0,
                        "type": "object"
                    }
                },
                {
                    "sub": {
                        "start": 26,
                        "end": 50,
                        "text": "stage malware components",
                        "id": 7,
                        "verbs": [
                            "download"
                        ],
                        "label": [
                            "FUNCTION"
                        ],
                        "sent_index": 0,
                        "type": "subject"
                    },
                    "verb": {
                        "negation": false,
                        "text": "to",
                        "index": 7,
                        "flag": 0
                    },
                    "obj": {
                        "start": 56,
                        "end": 74,
                        "text": "compromised system",
                        "id": 11,
                        "verbs": [
                            "to"
                        ],
                        "label": [
                            "COMPONENT"
                        ],
                        "sent_index": 0,
                        "type": "object"
                    }
                },
                {
                    "sub": {
                        "start": 0,
                        "end": 7,
                        "text": "BoomBox",
                        "id": 1,
                        "label": [
                            "FUNCTION"
                        ],
                        "sent_index": 0,
                        "type": "subject"
                    },
                    "verb": {
                        "negation": false,
                        "text": "to",
                        "index": 7,
                        "flag": 0
                    },
                    "obj": {
                        "start": 56,
                        "end": 74,
                        "text": "compromised system",
                        "id": 11,
                        "verbs": [
                            "to"
                        ],
                        "label": [
                            "COMPONENT"
                        ],
                        "sent_index": 0,
                        "type": "object"
                    }
                }
            ]
        }
    ],
    "id": "relationship--33eb06fa-5983-47d8-9f7f-d594f311a008",
    "tech_id": "T1105",
    "location": [],
    "special_id": "T1105"
}