{
    "text": "Drovorub has used XOR encrypted payloads in WebSocket client to server messages.",
    "graph_nodes": [
        {
            "id": 1,
            "contracted": 0,
            "meta": {
                "start": 0,
                "end": 8,
                "text": "Drovorub",
                "id": 1,
                "label": [
                    "ACTOR"
                ],
                "sent_index": 0,
                "type": "subject",
                "sub_label": [
                    "MALWARE"
                ]
            }
        },
        {
            "id": 6,
            "contracted": 0,
            "meta": {
                "start": 18,
                "end": 40,
                "text": "XOR encrypted payloads",
                "id": 6,
                "verbs": [
                    "use"
                ],
                "label": [
                    "FUNCTION"
                ],
                "sent_index": 0,
                "type": "object"
            }
        },
        {
            "id": 9,
            "contracted": 0,
            "meta": {
                "start": 44,
                "end": 60,
                "text": "WebSocket client",
                "id": 9,
                "label": [
                    "USER"
                ],
                "sent_index": 0,
                "type": "subject"
            }
        },
        {
            "id": 11,
            "contracted": 0,
            "meta": {
                "start": 64,
                "end": 70,
                "text": "server",
                "id": 11,
                "verbs": [
                    "to"
                ],
                "label": [
                    "NETWORK"
                ],
                "sent_index": 0,
                "type": "object"
            }
        },
        {
            "id": 12,
            "contracted": 0,
            "meta": {
                "start": 44,
                "end": 79,
                "text": "WebSocket client to server messages",
                "id": 12,
                "label": [
                    "NETWORK"
                ],
                "sent_index": 0,
                "type": "object"
            }
        }
    ],
    "graph_edges": [
        {
            "source": 1,
            "dest": 6,
            "index": 0,
            "verb": "use",
            "id": "1_6"
        },
        {
            "source": 6,
            "dest": 12,
            "index": 1,
            "verb": "in",
            "id": "6_12"
        },
        {
            "source": 9,
            "dest": 11,
            "index": 2,
            "verb": "to",
            "id": "9_11"
        }
    ],
    "replacement_mapper": {},
    "sentences": [
        {
            "id": 0,
            "text": "Drovorub has used XOR encrypted payloads in WebSocket client to server messages.",
            "svos": [
                {
                    "sub": {
                        "start": 0,
                        "end": 8,
                        "text": "Drovorub",
                        "id": 1,
                        "label": [
                            "ACTOR"
                        ],
                        "sent_index": 0,
                        "type": "subject",
                        "sub_label": [
                            "MALWARE"
                        ]
                    },
                    "verb": {
                        "negation": false,
                        "text": "use",
                        "index": 2,
                        "flag": 0
                    },
                    "obj": {
                        "start": 18,
                        "end": 40,
                        "text": "XOR encrypted payloads",
                        "id": 6,
                        "verbs": [
                            "use"
                        ],
                        "label": [
                            "FUNCTION"
                        ],
                        "sent_index": 0,
                        "type": "object"
                    }
                },
                {
                    "sub": {
                        "start": 18,
                        "end": 40,
                        "text": "XOR encrypted payloads",
                        "id": 6,
                        "verbs": [
                            "use"
                        ],
                        "label": [
                            "FUNCTION"
                        ],
                        "sent_index": 0,
                        "type": "subject"
                    },
                    "verb": {
                        "negation": false,
                        "text": "in",
                        "index": 6,
                        "flag": 0
                    },
                    "obj": {
                        "start": 44,
                        "end": 79,
                        "text": "WebSocket client to server messages",
                        "id": 12,
                        "label": [
                            "NETWORK"
                        ],
                        "sent_index": 0,
                        "type": "object"
                    }
                },
                {
                    "sub": {
                        "start": 44,
                        "end": 60,
                        "text": "WebSocket client",
                        "id": 9,
                        "label": [
                            "USER"
                        ],
                        "sent_index": 0,
                        "type": "subject"
                    },
                    "verb": {
                        "negation": false,
                        "text": "to",
                        "index": 9,
                        "flag": 0
                    },
                    "obj": {
                        "start": 64,
                        "end": 70,
                        "text": "server",
                        "id": 11,
                        "verbs": [
                            "to"
                        ],
                        "label": [
                            "NETWORK"
                        ],
                        "sent_index": 0,
                        "type": "object"
                    }
                }
            ]
        }
    ],
    "id": "relationship--20196489-8426-4cb7-a8f0-ca51bef7a385",
    "tech_id": "T1027",
    "location": [],
    "special_id": "T1027"
}