{
    "text": "the threat actors downloaded additional tools and files onto a compromised network.",
    "graph_nodes": [
        {
            "id": 3,
            "contracted": 0,
            "meta": {
                "start": 4,
                "end": 17,
                "text": "threat actors",
                "id": 3,
                "label": [
                    "ACTOR"
                ],
                "sent_index": 0,
                "type": "subject"
            }
        },
        {
            "id": 6,
            "contracted": 0,
            "meta": {
                "start": 40,
                "end": 45,
                "text": "tools",
                "id": 6,
                "verbs": [
                    "download"
                ],
                "label": [
                    "FUNCTION",
                    "DATA"
                ],
                "sent_index": 0,
                "type": "object",
                "texts": [
                    "tools",
                    "files"
                ]
            }
        },
        {
            "id": 12,
            "contracted": 0,
            "meta": {
                "start": 63,
                "end": 82,
                "text": "compromised network",
                "id": 12,
                "verbs": [
                    "onto"
                ],
                "label": [
                    "NETWORK"
                ],
                "sent_index": 0,
                "type": "object"
            }
        }
    ],
    "graph_edges": [
        {
            "source": 3,
            "dest": 6,
            "index": 0,
            "verb": "download",
            "id": "3_6"
        },
        {
            "source": 3,
            "dest": 12,
            "index": 3,
            "verb": "onto",
            "id": "3_12"
        },
        {
            "source": 6,
            "dest": 12,
            "index": 2,
            "verb": "onto",
            "id": "6_12"
        }
    ],
    "replacement_mapper": {},
    "sentences": [
        {
            "id": 0,
            "text": "the threat actors downloaded additional tools and files onto a compromised network.",
            "svos": [
                {
                    "sub": {
                        "start": 4,
                        "end": 17,
                        "text": "threat actors",
                        "id": 3,
                        "label": [
                            "ACTOR"
                        ],
                        "sent_index": 0,
                        "type": "subject"
                    },
                    "verb": {
                        "negation": false,
                        "text": "download",
                        "index": 3,
                        "flag": 0
                    },
                    "obj": {
                        "start": 40,
                        "end": 45,
                        "text": "tools",
                        "id": 6,
                        "verbs": [
                            "download"
                        ],
                        "label": [
                            "FUNCTION",
                            "DATA"
                        ],
                        "sent_index": 0,
                        "type": "object",
                        "texts": [
                            "tools",
                            "files"
                        ]
                    }
                },
                {
                    "sub": {
                        "start": 4,
                        "end": 17,
                        "text": "threat actors",
                        "id": 3,
                        "label": [
                            "ACTOR"
                        ],
                        "sent_index": 0,
                        "type": "subject"
                    },
                    "verb": {
                        "negation": false,
                        "text": "download",
                        "index": 3,
                        "flag": 0
                    },
                    "obj": {
                        "start": 50,
                        "end": 55,
                        "text": "files",
                        "id": 8,
                        "verbs": [
                            "download"
                        ],
                        "label": [
                            "DATA"
                        ],
                        "sent_index": 0,
                        "type": "object"
                    }
                },
                {
                    "sub": {
                        "start": 40,
                        "end": 45,
                        "text": "tools",
                        "id": 6,
                        "verbs": [
                            "download",
                            "download"
                        ],
                        "label": [
                            "FUNCTION"
                        ],
                        "sent_index": 0,
                        "type": "subject"
                    },
                    "verb": {
                        "negation": false,
                        "text": "onto",
                        "index": 8,
                        "flag": 0
                    },
                    "obj": {
                        "start": 63,
                        "end": 82,
                        "text": "compromised network",
                        "id": 12,
                        "verbs": [
                            "onto"
                        ],
                        "label": [
                            "NETWORK"
                        ],
                        "sent_index": 0,
                        "type": "object"
                    }
                },
                {
                    "sub": {
                        "start": 4,
                        "end": 17,
                        "text": "threat actors",
                        "id": 3,
                        "label": [
                            "ACTOR"
                        ],
                        "sent_index": 0,
                        "type": "subject"
                    },
                    "verb": {
                        "negation": false,
                        "text": "onto",
                        "index": 8,
                        "flag": 0
                    },
                    "obj": {
                        "start": 63,
                        "end": 82,
                        "text": "compromised network",
                        "id": 12,
                        "verbs": [
                            "onto"
                        ],
                        "label": [
                            "NETWORK"
                        ],
                        "sent_index": 0,
                        "type": "object"
                    }
                }
            ]
        }
    ],
    "id": "relationship--69bfbe2b-2a2a-4013-9fba-7a551ec75836",
    "tech_id": "T1105",
    "location": [],
    "special_id": "T1105"
}