{
    "text": "STARWHALE can hex-encode collected data from an infected host.",
    "graph_nodes": [
        {
            "id": 1,
            "contracted": 0,
            "meta": {
                "start": 0,
                "end": 9,
                "text": "STARWHALE",
                "id": 1,
                "label": [
                    "ACTOR"
                ],
                "sent_index": 0,
                "type": "subject",
                "sub_label": [
                    "MALWARE"
                ]
            }
        },
        {
            "id": 5,
            "contracted": 0,
            "meta": {
                "start": 35,
                "end": 39,
                "text": "data",
                "id": 5,
                "verbs": [
                    "hex-encode"
                ],
                "label": [
                    "DATA"
                ],
                "sent_index": 0,
                "type": "object"
            }
        },
        {
            "id": 9,
            "contracted": 0,
            "meta": {
                "start": 48,
                "end": 61,
                "text": "infected host",
                "id": 9,
                "verbs": [
                    "from"
                ],
                "label": [
                    "COMPONENT"
                ],
                "sent_index": 0,
                "type": "object"
            }
        }
    ],
    "graph_edges": [
        {
            "source": 1,
            "dest": 5,
            "index": 0,
            "verb": "hex-encode",
            "id": "1_5"
        },
        {
            "source": 5,
            "dest": 9,
            "index": 1,
            "verb": "from",
            "id": "5_9"
        }
    ],
    "replacement_mapper": {},
    "sentences": [
        {
            "id": 0,
            "text": "STARWHALE can hex-encode collected data from an infected host.",
            "svos": [
                {
                    "sub": {
                        "start": 0,
                        "end": 9,
                        "text": "STARWHALE",
                        "id": 1,
                        "label": [
                            "ACTOR"
                        ],
                        "sent_index": 0,
                        "type": "subject",
                        "sub_label": [
                            "MALWARE"
                        ]
                    },
                    "verb": {
                        "negation": false,
                        "text": "hex-encode",
                        "index": 2,
                        "flag": 0
                    },
                    "obj": {
                        "start": 35,
                        "end": 39,
                        "text": "data",
                        "id": 5,
                        "verbs": [
                            "hex-encode"
                        ],
                        "label": [
                            "DATA"
                        ],
                        "sent_index": 0,
                        "type": "object"
                    }
                },
                {
                    "sub": {
                        "start": 35,
                        "end": 39,
                        "text": "data",
                        "id": 5,
                        "verbs": [
                            "hex-encode"
                        ],
                        "label": [
                            "DATA"
                        ],
                        "sent_index": 0,
                        "type": "subject"
                    },
                    "verb": {
                        "negation": false,
                        "text": "from",
                        "index": 5,
                        "flag": 0
                    },
                    "obj": {
                        "start": 48,
                        "end": 61,
                        "text": "infected host",
                        "id": 9,
                        "verbs": [
                            "from"
                        ],
                        "label": [
                            "COMPONENT"
                        ],
                        "sent_index": 0,
                        "type": "object"
                    }
                }
            ]
        }
    ],
    "id": "relationship--e48c9be7-6a02-4170-a63a-204c6308a825",
    "tech_id": "T1132.001",
    "location": [],
    "special_id": "T1132.001"
}