{
    "text": "Tasklist can be used to discover services running on a system.",
    "graph_nodes": [
        {
            "id": 1,
            "contracted": 0,
            "meta": {
                "start": 0,
                "end": 8,
                "text": "Tasklist",
                "id": 1,
                "verbs": [
                    "use"
                ],
                "label": [
                    "FUNCTION"
                ],
                "sent_index": 0,
                "type": "object"
            }
        },
        {
            "id": 7,
            "contracted": 0,
            "meta": {
                "start": 33,
                "end": 41,
                "text": "services",
                "id": 7,
                "verbs": [
                    "discover"
                ],
                "label": [
                    "FUNCTION"
                ],
                "sent_index": 0,
                "type": "object"
            }
        },
        {
            "id": 11,
            "contracted": 0,
            "meta": {
                "start": 55,
                "end": 61,
                "text": "system",
                "id": 11,
                "verbs": [
                    "run"
                ],
                "label": [
                    "COMPONENT"
                ],
                "sent_index": 0,
                "type": "object"
            }
        }
    ],
    "graph_edges": [
        {
            "source": 1,
            "dest": 7,
            "index": 1,
            "verb": "discover",
            "id": "1_7"
        },
        {
            "source": 7,
            "dest": 11,
            "index": 3,
            "verb": "run on",
            "id": "7_11"
        }
    ],
    "replacement_mapper": {},
    "sentences": [
        {
            "id": 0,
            "text": "Tasklist can be used to discover services running on a system.",
            "svos": [
                {
                    "sub": {
                        "text": "ANY",
                        "start": 0,
                        "end": 0,
                        "label": [
                            "ACTOR"
                        ],
                        "id": 0,
                        "sent_index": 0,
                        "type": "subject"
                    },
                    "verb": {
                        "negation": false,
                        "text": "use",
                        "index": 3,
                        "flag": 0
                    },
                    "obj": {
                        "start": 0,
                        "end": 8,
                        "text": "Tasklist",
                        "id": 1,
                        "verbs": [
                            "use"
                        ],
                        "label": [
                            "FUNCTION"
                        ],
                        "sent_index": 0,
                        "type": "object"
                    }
                },
                {
                    "sub": {
                        "start": 0,
                        "end": 8,
                        "text": "Tasklist",
                        "id": 1,
                        "verbs": [
                            "use"
                        ],
                        "label": [
                            "FUNCTION"
                        ],
                        "sent_index": 0,
                        "type": "subject"
                    },
                    "verb": {
                        "negation": false,
                        "text": "discover",
                        "index": 5,
                        "flag": 0
                    },
                    "obj": {
                        "start": 33,
                        "end": 41,
                        "text": "services",
                        "id": 7,
                        "verbs": [
                            "discover"
                        ],
                        "label": [
                            "FUNCTION"
                        ],
                        "sent_index": 0,
                        "type": "object"
                    }
                },
                {
                    "sub": {
                        "start": 33,
                        "end": 41,
                        "text": "services",
                        "id": 7,
                        "verbs": [
                            "discover"
                        ],
                        "label": [
                            "FUNCTION"
                        ],
                        "sent_index": 0,
                        "type": "subject"
                    },
                    "verb": {
                        "negation": false,
                        "text": "run",
                        "index": 7,
                        "flag": 0
                    },
                    "obj": {
                        "start": 55,
                        "end": 61,
                        "text": "system",
                        "id": 11,
                        "verbs": [
                            "run"
                        ],
                        "label": [
                            "COMPONENT"
                        ],
                        "sent_index": 0,
                        "type": "object"
                    }
                },
                {
                    "sub": {
                        "start": 33,
                        "end": 41,
                        "text": "services",
                        "id": 7,
                        "verbs": [
                            "discover"
                        ],
                        "label": [
                            "FUNCTION"
                        ],
                        "sent_index": 0,
                        "type": "subject"
                    },
                    "verb": {
                        "negation": false,
                        "text": "run on",
                        "index": 7,
                        "flag": 0
                    },
                    "obj": {
                        "start": 55,
                        "end": 61,
                        "text": "system",
                        "id": 11,
                        "verbs": [
                            "run on"
                        ],
                        "label": [
                            "COMPONENT"
                        ],
                        "sent_index": 0,
                        "type": "object"
                    }
                }
            ]
        }
    ],
    "id": "relationship--40c5a024-37db-478b-b90f-27f184bf8f60",
    "tech_id": "T1007",
    "location": [],
    "special_id": "T1007"
}