{
    "text": "RTM has named the scheduled task it creates \"Windows Update\".",
    "graph_nodes": [
        {
            "id": 1,
            "contracted": 0,
            "meta": {
                "start": 0,
                "end": 3,
                "text": "RTM",
                "id": 1,
                "label": [
                    "ACTOR"
                ],
                "sent_index": 0,
                "type": "subject",
                "sub_label": [
                    "MALWARE"
                ]
            }
        },
        {
            "id": 6,
            "contracted": 0,
            "meta": {
                "start": 18,
                "end": 32,
                "text": "scheduled task",
                "id": 6,
                "verbs": [
                    "name"
                ],
                "label": [
                    "FUNCTION"
                ],
                "sent_index": 0,
                "type": "object"
            }
        },
        {
            "id": 11,
            "contracted": 0,
            "meta": {
                "start": 44,
                "end": 59,
                "text": "\"Windows Update",
                "id": 11,
                "verbs": [
                    "name"
                ],
                "label": [
                    "FUNCTION"
                ],
                "sent_index": 0,
                "type": "object"
            }
        }
    ],
    "graph_edges": [
        {
            "source": 1,
            "dest": 11,
            "index": 0,
            "verb": "name",
            "id": "1_11"
        },
        {
            "source": 1,
            "dest": 6,
            "index": 1,
            "verb": "name",
            "id": "1_6"
        }
    ],
    "replacement_mapper": {},
    "sentences": [
        {
            "id": 0,
            "text": "RTM has named the scheduled task it creates \"Windows Update\".",
            "svos": [
                {
                    "sub": {
                        "start": 0,
                        "end": 3,
                        "text": "RTM",
                        "id": 1,
                        "label": [
                            "ACTOR"
                        ],
                        "sent_index": 0,
                        "type": "subject",
                        "sub_label": [
                            "MALWARE"
                        ]
                    },
                    "verb": {
                        "negation": false,
                        "text": "name",
                        "index": 2,
                        "flag": 0
                    },
                    "obj": {
                        "start": 44,
                        "end": 59,
                        "text": "\"Windows Update",
                        "id": 11,
                        "verbs": [
                            "name"
                        ],
                        "label": [
                            "FUNCTION"
                        ],
                        "sent_index": 0,
                        "type": "object"
                    }
                },
                {
                    "sub": {
                        "start": 0,
                        "end": 3,
                        "text": "RTM",
                        "id": 1,
                        "label": [
                            "FUNCTION"
                        ],
                        "sent_index": 0,
                        "type": "subject"
                    },
                    "verb": {
                        "negation": false,
                        "text": "name",
                        "index": 2,
                        "flag": 0
                    },
                    "obj": {
                        "start": 18,
                        "end": 32,
                        "text": "scheduled task",
                        "id": 6,
                        "verbs": [
                            "name"
                        ],
                        "label": [
                            "FUNCTION"
                        ],
                        "sent_index": 0,
                        "type": "object"
                    }
                }
            ]
        }
    ],
    "id": "relationship--874d4046-5b9a-4f60-88f4-79ae63a70a1e",
    "tech_id": "T1036.004",
    "location": [],
    "special_id": "T1036.004"
}