{
    "text": "Kimsuky has disguised services to appear as benign software or related to operating system functions.",
    "graph_nodes": [
        {
            "id": 1,
            "contracted": 0,
            "meta": {
                "start": 0,
                "end": 7,
                "text": "Kimsuky",
                "id": 1,
                "label": [
                    "ACTOR"
                ],
                "sent_index": 0,
                "type": "subject"
            }
        },
        {
            "id": 4,
            "contracted": 0,
            "meta": {
                "start": 22,
                "end": 30,
                "text": "services",
                "id": 4,
                "verbs": [
                    "disguise"
                ],
                "label": [
                    "FUNCTION"
                ],
                "sent_index": 0,
                "type": "object"
            }
        },
        {
            "id": 9,
            "contracted": 0,
            "meta": {
                "start": 44,
                "end": 59,
                "text": "benign software",
                "id": 9,
                "label": [
                    "FUNCTION"
                ],
                "sent_index": 0,
                "type": "subject"
            }
        },
        {
            "id": 15,
            "contracted": 0,
            "meta": {
                "start": 74,
                "end": 100,
                "text": "operating system functions",
                "id": 15,
                "verbs": [
                    "relate"
                ],
                "label": [
                    "FUNCTION"
                ],
                "sent_index": 0,
                "type": "object"
            }
        }
    ],
    "graph_edges": [
        {
            "source": 1,
            "dest": 4,
            "index": 0,
            "verb": "disguise",
            "id": "1_4"
        },
        {
            "source": 9,
            "dest": 15,
            "index": 1,
            "verb": "relate",
            "id": "9_15"
        }
    ],
    "replacement_mapper": {},
    "sentences": [
        {
            "id": 0,
            "text": "Kimsuky has disguised services to appear as benign software or related to operating system functions.",
            "svos": [
                {
                    "sub": {
                        "start": 0,
                        "end": 7,
                        "text": "Kimsuky",
                        "id": 1,
                        "label": [
                            "ACTOR"
                        ],
                        "sent_index": 0,
                        "type": "subject"
                    },
                    "verb": {
                        "negation": false,
                        "text": "disguise",
                        "index": 2,
                        "flag": 0
                    },
                    "obj": {
                        "start": 22,
                        "end": 30,
                        "text": "services",
                        "id": 4,
                        "verbs": [
                            "disguise"
                        ],
                        "label": [
                            "FUNCTION"
                        ],
                        "sent_index": 0,
                        "type": "object"
                    }
                },
                {
                    "sub": {
                        "start": 44,
                        "end": 59,
                        "text": "benign software",
                        "id": 9,
                        "label": [
                            "FUNCTION"
                        ],
                        "sent_index": 0,
                        "type": "subject"
                    },
                    "verb": {
                        "negation": false,
                        "text": "relate",
                        "index": 10,
                        "flag": 0
                    },
                    "obj": {
                        "start": 74,
                        "end": 100,
                        "text": "operating system functions",
                        "id": 15,
                        "verbs": [
                            "relate"
                        ],
                        "label": [
                            "FUNCTION"
                        ],
                        "sent_index": 0,
                        "type": "object"
                    }
                }
            ]
        }
    ],
    "id": "relationship--2447ac98-019d-40a9-8913-c97d6eb93d90",
    "tech_id": "T1036.004",
    "location": [],
    "special_id": "T1036.004"
}