{
    "text": "SombRAT can communicate over DNS with the C2.",
    "graph_nodes": [
        {
            "id": 1,
            "contracted": 0,
            "meta": {
                "start": 0,
                "end": 7,
                "text": "SombRAT",
                "id": 1,
                "label": [
                    "ACTOR"
                ],
                "sent_index": 0,
                "type": "subject",
                "sub_label": [
                    "MALWARE"
                ]
            }
        },
        {
            "id": 5,
            "contracted": 0,
            "meta": {
                "start": 29,
                "end": 32,
                "text": "DNS",
                "id": 5,
                "verbs": [
                    "use"
                ],
                "label": [
                    "NETWORK"
                ],
                "sent_index": 0,
                "type": "object"
            }
        },
        {
            "id": 8,
            "contracted": 0,
            "meta": {
                "start": 42,
                "end": 44,
                "text": "C2",
                "id": 8,
                "verbs": [
                    "with"
                ],
                "label": [
                    "NETWORK"
                ],
                "sent_index": 0,
                "type": "object"
            }
        }
    ],
    "graph_edges": [
        {
            "source": 1,
            "dest": 5,
            "index": 2,
            "verb": "over",
            "id": "1_5"
        },
        {
            "source": 1,
            "dest": 8,
            "index": 3,
            "verb": "with",
            "id": "1_8"
        }
    ],
    "replacement_mapper": {},
    "sentences": [
        {
            "id": 0,
            "text": "SombRAT can communicate over DNS with the C2.",
            "svos": [
                {
                    "sub": {
                        "start": 0,
                        "end": 7,
                        "text": "SombRAT",
                        "id": 1,
                        "label": [
                            "ACTOR"
                        ],
                        "sent_index": 0,
                        "type": "subject",
                        "sub_label": [
                            "MALWARE"
                        ]
                    },
                    "verb": {
                        "negation": false,
                        "text": "use",
                        "index": 0,
                        "flag": 0
                    },
                    "obj": {
                        "start": 29,
                        "end": 32,
                        "text": "DNS",
                        "id": 5,
                        "verbs": [
                            "use"
                        ],
                        "label": [
                            "NETWORK"
                        ],
                        "sent_index": 0,
                        "type": "object"
                    }
                },
                {
                    "sub": {
                        "start": 0,
                        "end": 7,
                        "text": "SombRAT",
                        "id": 1,
                        "label": [
                            "FUNCTION"
                        ],
                        "sent_index": 0,
                        "type": "subject"
                    },
                    "verb": {
                        "negation": false,
                        "text": "communicate",
                        "index": 2,
                        "flag": 0
                    },
                    "obj": {
                        "start": 29,
                        "end": 32,
                        "text": "DNS",
                        "id": 5,
                        "verbs": [
                            "communicate"
                        ],
                        "label": [
                            "NETWORK"
                        ],
                        "sent_index": 0,
                        "type": "object"
                    }
                },
                {
                    "sub": {
                        "start": 0,
                        "end": 7,
                        "text": "SombRAT",
                        "id": 1,
                        "label": [
                            "FUNCTION"
                        ],
                        "sent_index": 0,
                        "type": "subject"
                    },
                    "verb": {
                        "negation": false,
                        "text": "over",
                        "index": 3,
                        "flag": 0
                    },
                    "obj": {
                        "start": 29,
                        "end": 32,
                        "text": "DNS",
                        "id": 5,
                        "verbs": [
                            "over"
                        ],
                        "label": [
                            "NETWORK"
                        ],
                        "sent_index": 0,
                        "type": "object"
                    }
                },
                {
                    "sub": {
                        "start": 0,
                        "end": 7,
                        "text": "SombRAT",
                        "id": 1,
                        "label": [
                            "FUNCTION"
                        ],
                        "sent_index": 0,
                        "type": "subject"
                    },
                    "verb": {
                        "negation": false,
                        "text": "with",
                        "index": 5,
                        "flag": 0
                    },
                    "obj": {
                        "start": 42,
                        "end": 44,
                        "text": "C2",
                        "id": 8,
                        "verbs": [
                            "with"
                        ],
                        "label": [
                            "NETWORK"
                        ],
                        "sent_index": 0,
                        "type": "object"
                    }
                }
            ]
        }
    ],
    "id": "relationship--9bca83aa-4200-45a4-a978-1ccc75561d5e",
    "tech_id": "T1071.004",
    "location": [],
    "special_id": "T1071.004"
}