{
    "text": "GoldMax has set an execution trigger date and time, stored as an ASCII Unix/Epoch time value.",
    "graph_nodes": [
        {
            "id": 1,
            "contracted": 0,
            "meta": {
                "start": 0,
                "end": 7,
                "text": "GoldMax",
                "id": 1,
                "label": [
                    "ACTOR"
                ],
                "sent_index": 0,
                "type": "subject",
                "sub_label": [
                    "MALWARE"
                ]
            }
        },
        {
            "id": 7,
            "contracted": 0,
            "meta": {
                "start": 19,
                "end": 41,
                "text": "execution trigger date",
                "id": 7,
                "verbs": [
                    "set"
                ],
                "label": [
                    "DATA"
                ],
                "sent_index": 0,
                "type": "object",
                "texts": [
                    "time",
                    "execution trigger date"
                ]
            }
        },
        {
            "id": 19,
            "contracted": 0,
            "meta": {
                "start": 65,
                "end": 92,
                "text": "ASCII Unix/Epoch time value",
                "id": 19,
                "verbs": [
                    "as"
                ],
                "label": [
                    "DATA"
                ],
                "sent_index": 0,
                "type": "object"
            }
        }
    ],
    "graph_edges": [
        {
            "source": 1,
            "dest": 7,
            "index": 0,
            "verb": "set",
            "id": "1_7"
        },
        {
            "source": 7,
            "dest": 19,
            "index": 2,
            "verb": "as",
            "id": "7_19"
        }
    ],
    "replacement_mapper": {},
    "sentences": [
        {
            "id": 0,
            "text": "GoldMax has set an execution trigger date and time, stored as an ASCII Unix/Epoch time value.",
            "svos": [
                {
                    "sub": {
                        "start": 0,
                        "end": 7,
                        "text": "GoldMax",
                        "id": 1,
                        "label": [
                            "ACTOR"
                        ],
                        "sent_index": 0,
                        "type": "subject",
                        "sub_label": [
                            "MALWARE"
                        ]
                    },
                    "verb": {
                        "negation": false,
                        "text": "set",
                        "index": 2,
                        "flag": 0
                    },
                    "obj": {
                        "start": 19,
                        "end": 41,
                        "text": "execution trigger date",
                        "id": 7,
                        "verbs": [
                            "set"
                        ],
                        "label": [
                            "DATA"
                        ],
                        "sent_index": 0,
                        "type": "object",
                        "texts": [
                            "time",
                            "execution trigger date"
                        ]
                    }
                },
                {
                    "sub": {
                        "start": 0,
                        "end": 7,
                        "text": "GoldMax",
                        "id": 1,
                        "label": [
                            "FUNCTION"
                        ],
                        "sent_index": 0,
                        "type": "subject"
                    },
                    "verb": {
                        "negation": false,
                        "text": "set",
                        "index": 2,
                        "flag": 0
                    },
                    "obj": {
                        "start": 46,
                        "end": 50,
                        "text": "time",
                        "id": 9,
                        "verbs": [
                            "set"
                        ],
                        "label": [
                            "DATA"
                        ],
                        "sent_index": 0,
                        "type": "object"
                    }
                },
                {
                    "sub": {
                        "start": 19,
                        "end": 41,
                        "text": "execution trigger date",
                        "id": 7,
                        "verbs": [
                            "set",
                            "set"
                        ],
                        "label": [
                            "DATA"
                        ],
                        "sent_index": 0,
                        "type": "subject"
                    },
                    "verb": {
                        "negation": false,
                        "text": "as",
                        "index": 11,
                        "flag": 0
                    },
                    "obj": {
                        "start": 65,
                        "end": 92,
                        "text": "ASCII Unix/Epoch time value",
                        "id": 19,
                        "verbs": [
                            "as"
                        ],
                        "label": [
                            "DATA"
                        ],
                        "sent_index": 0,
                        "type": "object"
                    }
                }
            ]
        }
    ],
    "id": "relationship--cbc18998-67f4-493a-b0d3-4aa50da3c407",
    "tech_id": "T1497.003",
    "location": [],
    "special_id": "T1497.003"
}