{
    "text": "Gelsemium can determine the operating system and whether a targeted machine has a 32 or 64 bit architecture.",
    "graph_nodes": [
        {
            "id": 1,
            "contracted": 0,
            "meta": {
                "start": 0,
                "end": 9,
                "text": "Gelsemium",
                "id": 1,
                "label": [
                    "ACTOR"
                ],
                "sent_index": 0,
                "type": "subject",
                "sub_label": [
                    "MALWARE"
                ]
            }
        },
        {
            "id": 6,
            "contracted": 0,
            "meta": {
                "start": 28,
                "end": 44,
                "text": "operating system",
                "id": 6,
                "verbs": [
                    "determine"
                ],
                "label": [
                    "COMPONENT"
                ],
                "sent_index": 0,
                "type": "object"
            }
        },
        {
            "id": 11,
            "contracted": 0,
            "meta": {
                "start": 59,
                "end": 75,
                "text": "targeted machine",
                "id": 11,
                "label": [
                    "COMPONENT"
                ],
                "sent_index": 0,
                "type": "subject"
            }
        },
        {
            "id": 18,
            "contracted": 0,
            "meta": {
                "start": 82,
                "end": 107,
                "text": "32 or 64 bit architecture",
                "id": 18,
                "verbs": [
                    "have"
                ],
                "label": [
                    "COMPONENT"
                ],
                "sent_index": 0,
                "type": "object"
            }
        }
    ],
    "graph_edges": [
        {
            "source": 1,
            "dest": 6,
            "index": 0,
            "verb": "determine",
            "id": "1_6"
        },
        {
            "source": 11,
            "dest": 18,
            "index": 1,
            "verb": "have",
            "id": "11_18"
        }
    ],
    "replacement_mapper": {},
    "sentences": [
        {
            "id": 0,
            "text": "Gelsemium can determine the operating system and whether a targeted machine has a 32 or 64 bit architecture.",
            "svos": [
                {
                    "sub": {
                        "start": 0,
                        "end": 9,
                        "text": "Gelsemium",
                        "id": 1,
                        "label": [
                            "ACTOR"
                        ],
                        "sent_index": 0,
                        "type": "subject",
                        "sub_label": [
                            "MALWARE"
                        ]
                    },
                    "verb": {
                        "negation": false,
                        "text": "determine",
                        "index": 2,
                        "flag": 0
                    },
                    "obj": {
                        "start": 28,
                        "end": 44,
                        "text": "operating system",
                        "id": 6,
                        "verbs": [
                            "determine"
                        ],
                        "label": [
                            "COMPONENT"
                        ],
                        "sent_index": 0,
                        "type": "object"
                    }
                },
                {
                    "sub": {
                        "start": 59,
                        "end": 75,
                        "text": "targeted machine",
                        "id": 11,
                        "label": [
                            "COMPONENT"
                        ],
                        "sent_index": 0,
                        "type": "subject"
                    },
                    "verb": {
                        "negation": false,
                        "text": "have",
                        "index": 11,
                        "flag": 0
                    },
                    "obj": {
                        "start": 82,
                        "end": 107,
                        "text": "32 or 64 bit architecture",
                        "id": 18,
                        "verbs": [
                            "have"
                        ],
                        "label": [
                            "COMPONENT"
                        ],
                        "sent_index": 0,
                        "type": "object"
                    }
                }
            ]
        }
    ],
    "id": "relationship--86b8a22d-66c3-4b54-82fd-662455d0e2c5",
    "tech_id": "T1082",
    "location": [],
    "special_id": "T1082"
}