{
    "text": "Dyre can detect sandbox analysis environments by inspecting the process list and Registry.",
    "graph_nodes": [
        {
            "id": 1,
            "contracted": 0,
            "meta": {
                "start": 0,
                "end": 4,
                "text": "Dyre",
                "id": 1,
                "label": [
                    "ACTOR"
                ],
                "sent_index": 0,
                "type": "subject",
                "sub_label": [
                    "MALWARE"
                ]
            }
        },
        {
            "id": 6,
            "contracted": 0,
            "meta": {
                "start": 16,
                "end": 45,
                "text": "sandbox analysis environments",
                "id": 6,
                "verbs": [
                    "detect"
                ],
                "label": [
                    "COMPONENT"
                ],
                "sent_index": 0,
                "type": "object"
            }
        },
        {
            "id": 11,
            "contracted": 0,
            "meta": {
                "start": 64,
                "end": 76,
                "text": "process list",
                "id": 11,
                "verbs": [
                    "inspect"
                ],
                "label": [
                    "DATA",
                    "REGISTRY"
                ],
                "sent_index": 0,
                "type": "object",
                "texts": [
                    "Registry",
                    "process list"
                ]
            }
        }
    ],
    "graph_edges": [
        {
            "source": 1,
            "dest": 6,
            "index": 0,
            "verb": "detect",
            "id": "1_6"
        },
        {
            "source": 1,
            "dest": 11,
            "index": 1,
            "verb": "inspect",
            "id": "1_11"
        }
    ],
    "replacement_mapper": {},
    "sentences": [
        {
            "id": 0,
            "text": "Dyre can detect sandbox analysis environments by inspecting the process list and Registry.",
            "svos": [
                {
                    "sub": {
                        "start": 0,
                        "end": 4,
                        "text": "Dyre",
                        "id": 1,
                        "label": [
                            "ACTOR"
                        ],
                        "sent_index": 0,
                        "type": "subject",
                        "sub_label": [
                            "MALWARE"
                        ]
                    },
                    "verb": {
                        "negation": false,
                        "text": "detect",
                        "index": 2,
                        "flag": 0
                    },
                    "obj": {
                        "start": 16,
                        "end": 45,
                        "text": "sandbox analysis environments",
                        "id": 6,
                        "verbs": [
                            "detect"
                        ],
                        "label": [
                            "COMPONENT"
                        ],
                        "sent_index": 0,
                        "type": "object"
                    }
                },
                {
                    "sub": {
                        "start": 0,
                        "end": 4,
                        "text": "Dyre",
                        "id": 1,
                        "label": [
                            "FUNCTION"
                        ],
                        "sent_index": 0,
                        "type": "subject"
                    },
                    "verb": {
                        "negation": false,
                        "text": "inspect",
                        "index": 7,
                        "flag": 0
                    },
                    "obj": {
                        "start": 64,
                        "end": 76,
                        "text": "process list",
                        "id": 11,
                        "verbs": [
                            "inspect"
                        ],
                        "label": [
                            "DATA",
                            "REGISTRY"
                        ],
                        "sent_index": 0,
                        "type": "object",
                        "texts": [
                            "Registry",
                            "process list"
                        ]
                    }
                },
                {
                    "sub": {
                        "start": 0,
                        "end": 4,
                        "text": "Dyre",
                        "id": 1,
                        "label": [
                            "FUNCTION"
                        ],
                        "sent_index": 0,
                        "type": "subject"
                    },
                    "verb": {
                        "negation": false,
                        "text": "inspect",
                        "index": 7,
                        "flag": 0
                    },
                    "obj": {
                        "start": 81,
                        "end": 89,
                        "text": "Registry",
                        "id": 13,
                        "verbs": [
                            "inspect"
                        ],
                        "label": [
                            "REGISTRY"
                        ],
                        "sent_index": 0,
                        "type": "object"
                    }
                }
            ]
        }
    ],
    "id": "relationship--17f9d6c8-f938-4532-b834-3834655911b8",
    "tech_id": "T1497.001",
    "location": [],
    "special_id": "T1497.001"
}