{
    "text": "Pandora can use CVE-2017-15303 to disable Windows Driver Signature Enforcement (DSE) protection and load its driver.",
    "graph_nodes": [
        {
            "id": 1,
            "contracted": 0,
            "meta": {
                "start": 0,
                "end": 7,
                "text": "Pandora",
                "id": 1,
                "label": [
                    "ACTOR"
                ],
                "sent_index": 0,
                "type": "subject",
                "sub_label": [
                    "MALWARE"
                ]
            }
        },
        {
            "id": 4,
            "contracted": 0,
            "meta": {
                "start": 16,
                "end": 30,
                "text": "CVE-2017-15303",
                "id": 4,
                "verbs": [
                    "use"
                ],
                "label": [
                    "VULNERABILITY"
                ],
                "sent_index": 0,
                "type": "object"
            }
        },
        {
            "id": 14,
            "contracted": 0,
            "meta": {
                "start": 42,
                "end": 95,
                "text": "Windows Driver Signature Enforcement (DSE) protection",
                "id": 14,
                "verbs": [
                    "disable"
                ],
                "label": [
                    "COMPONENT"
                ],
                "sent_index": 0,
                "type": "object"
            }
        },
        {
            "id": 18,
            "contracted": 0,
            "meta": {
                "start": 109,
                "end": 115,
                "text": "driver",
                "id": 18,
                "verbs": [
                    "load"
                ],
                "label": [
                    "COMPONENT"
                ],
                "sent_index": 0,
                "type": "object"
            }
        }
    ],
    "graph_edges": [
        {
            "source": 1,
            "dest": 4,
            "index": 0,
            "verb": "use",
            "id": "1_4"
        },
        {
            "source": 1,
            "dest": 14,
            "index": 1,
            "verb": "disable",
            "id": "1_14"
        },
        {
            "source": 1,
            "dest": 18,
            "index": 2,
            "verb": "load",
            "id": "1_18"
        }
    ],
    "replacement_mapper": {},
    "sentences": [
        {
            "id": 0,
            "text": "Pandora can use CVE-2017-15303 to disable Windows Driver Signature Enforcement (DSE) protection and load its driver.",
            "svos": [
                {
                    "sub": {
                        "start": 0,
                        "end": 7,
                        "text": "Pandora",
                        "id": 1,
                        "label": [
                            "ACTOR"
                        ],
                        "sent_index": 0,
                        "type": "subject",
                        "sub_label": [
                            "MALWARE"
                        ]
                    },
                    "verb": {
                        "negation": false,
                        "text": "use",
                        "index": 2,
                        "flag": 0
                    },
                    "obj": {
                        "start": 16,
                        "end": 30,
                        "text": "CVE-2017-15303",
                        "id": 4,
                        "verbs": [
                            "use"
                        ],
                        "label": [
                            "VULNERABILITY"
                        ],
                        "sent_index": 0,
                        "type": "object"
                    }
                },
                {
                    "sub": {
                        "start": 0,
                        "end": 7,
                        "text": "Pandora",
                        "id": 1,
                        "label": [
                            "FUNCTION"
                        ],
                        "sent_index": 0,
                        "type": "subject"
                    },
                    "verb": {
                        "negation": false,
                        "text": "disable",
                        "index": 5,
                        "flag": 0
                    },
                    "obj": {
                        "start": 42,
                        "end": 95,
                        "text": "Windows Driver Signature Enforcement (DSE) protection",
                        "id": 14,
                        "verbs": [
                            "disable"
                        ],
                        "label": [
                            "COMPONENT"
                        ],
                        "sent_index": 0,
                        "type": "object"
                    }
                },
                {
                    "sub": {
                        "start": 0,
                        "end": 7,
                        "text": "Pandora",
                        "id": 1,
                        "label": [
                            "FUNCTION"
                        ],
                        "sent_index": 0,
                        "type": "subject"
                    },
                    "verb": {
                        "negation": false,
                        "text": "load",
                        "index": 15,
                        "flag": 0
                    },
                    "obj": {
                        "start": 109,
                        "end": 115,
                        "text": "driver",
                        "id": 18,
                        "verbs": [
                            "load"
                        ],
                        "label": [
                            "COMPONENT"
                        ],
                        "sent_index": 0,
                        "type": "object"
                    }
                }
            ]
        }
    ],
    "id": "relationship--d12d7d29-5616-4c87-9fd0-6375fc9c269d",
    "tech_id": "T1553.006",
    "location": [],
    "special_id": "T1553.006"
}