{
    "text": "Bumblebee can search for tools used in static analysis.",
    "graph_nodes": [
        {
            "id": 1,
            "contracted": 0,
            "meta": {
                "start": 0,
                "end": 9,
                "text": "Bumblebee",
                "id": 1,
                "label": [
                    "ACTOR"
                ],
                "sent_index": 0,
                "type": "subject",
                "sub_label": [
                    "MALWARE"
                ]
            }
        },
        {
            "id": 5,
            "contracted": 0,
            "meta": {
                "start": 25,
                "end": 30,
                "text": "tools",
                "id": 5,
                "verbs": [
                    "search"
                ],
                "label": [
                    "FUNCTION"
                ],
                "sent_index": 0,
                "type": "object"
            }
        },
        {
            "id": 9,
            "contracted": 0,
            "meta": {
                "start": 39,
                "end": 54,
                "text": "static analysis",
                "id": 9,
                "verbs": [
                    "use"
                ],
                "label": [
                    "FUNCTION"
                ],
                "sent_index": 0,
                "type": "object"
            }
        }
    ],
    "graph_edges": [
        {
            "source": 1,
            "dest": 5,
            "index": 1,
            "verb": "for",
            "id": "1_5"
        },
        {
            "source": 5,
            "dest": 9,
            "index": 3,
            "verb": "use in",
            "id": "5_9"
        }
    ],
    "replacement_mapper": {},
    "sentences": [
        {
            "id": 0,
            "text": "Bumblebee can search for tools used in static analysis.",
            "svos": [
                {
                    "sub": {
                        "start": 0,
                        "end": 9,
                        "text": "Bumblebee",
                        "id": 1,
                        "label": [
                            "ACTOR"
                        ],
                        "sent_index": 0,
                        "type": "subject",
                        "sub_label": [
                            "MALWARE"
                        ]
                    },
                    "verb": {
                        "negation": false,
                        "text": "search",
                        "index": 2,
                        "flag": 0
                    },
                    "obj": {
                        "start": 25,
                        "end": 30,
                        "text": "tools",
                        "id": 5,
                        "verbs": [
                            "search"
                        ],
                        "label": [
                            "FUNCTION"
                        ],
                        "sent_index": 0,
                        "type": "object"
                    }
                },
                {
                    "sub": {
                        "start": 0,
                        "end": 9,
                        "text": "Bumblebee",
                        "id": 1,
                        "label": [
                            "FUNCTION"
                        ],
                        "sent_index": 0,
                        "type": "subject"
                    },
                    "verb": {
                        "negation": false,
                        "text": "for",
                        "index": 3,
                        "flag": 0
                    },
                    "obj": {
                        "start": 25,
                        "end": 30,
                        "text": "tools",
                        "id": 5,
                        "verbs": [
                            "search"
                        ],
                        "label": [
                            "FUNCTION"
                        ],
                        "sent_index": 0,
                        "type": "object"
                    }
                },
                {
                    "sub": {
                        "start": 25,
                        "end": 30,
                        "text": "tools",
                        "id": 5,
                        "verbs": [
                            "search"
                        ],
                        "label": [
                            "FUNCTION"
                        ],
                        "sent_index": 0,
                        "type": "subject"
                    },
                    "verb": {
                        "negation": false,
                        "text": "use",
                        "index": 5,
                        "flag": 0
                    },
                    "obj": {
                        "start": 39,
                        "end": 54,
                        "text": "static analysis",
                        "id": 9,
                        "verbs": [
                            "use"
                        ],
                        "label": [
                            "FUNCTION"
                        ],
                        "sent_index": 0,
                        "type": "object"
                    }
                },
                {
                    "sub": {
                        "start": 25,
                        "end": 30,
                        "text": "tools",
                        "id": 5,
                        "verbs": [
                            "search"
                        ],
                        "label": [
                            "FUNCTION"
                        ],
                        "sent_index": 0,
                        "type": "subject"
                    },
                    "verb": {
                        "negation": false,
                        "text": "use in",
                        "index": 5,
                        "flag": 0
                    },
                    "obj": {
                        "start": 39,
                        "end": 54,
                        "text": "static analysis",
                        "id": 9,
                        "verbs": [
                            "use in"
                        ],
                        "label": [
                            "FUNCTION"
                        ],
                        "sent_index": 0,
                        "type": "object"
                    }
                }
            ]
        }
    ],
    "id": "relationship--f015b898-b057-40e4-9add-c4fa1e100f7e",
    "tech_id": "T1622",
    "location": [],
    "special_id": "T1622"
}