{
    "text": "Bazar can inject code by calling VirtualAllocExNuma.",
    "graph_nodes": [
        {
            "id": 1,
            "contracted": 0,
            "meta": {
                "start": 0,
                "end": 5,
                "text": "Bazar",
                "id": 1,
                "label": [
                    "ACTOR"
                ],
                "sent_index": 0,
                "type": "subject",
                "sub_label": [
                    "MALWARE"
                ]
            }
        },
        {
            "id": 4,
            "contracted": 0,
            "meta": {
                "start": 17,
                "end": 21,
                "text": "code",
                "id": 4,
                "verbs": [
                    "inject"
                ],
                "label": [
                    "FUNCTION"
                ],
                "sent_index": 0,
                "type": "object"
            }
        },
        {
            "id": 7,
            "contracted": 0,
            "meta": {
                "start": 33,
                "end": 51,
                "text": "VirtualAllocExNuma",
                "id": 7,
                "verbs": [
                    "call"
                ],
                "label": [
                    "FUNCTION"
                ],
                "sent_index": 0,
                "type": "object"
            }
        }
    ],
    "graph_edges": [
        {
            "source": 1,
            "dest": 4,
            "index": 0,
            "verb": "inject",
            "id": "1_4"
        },
        {
            "source": 1,
            "dest": 7,
            "index": 1,
            "verb": "call",
            "id": "1_7"
        }
    ],
    "replacement_mapper": {},
    "sentences": [
        {
            "id": 0,
            "text": "Bazar can inject code by calling VirtualAllocExNuma.",
            "svos": [
                {
                    "sub": {
                        "start": 0,
                        "end": 5,
                        "text": "Bazar",
                        "id": 1,
                        "label": [
                            "ACTOR"
                        ],
                        "sent_index": 0,
                        "type": "subject",
                        "sub_label": [
                            "MALWARE"
                        ]
                    },
                    "verb": {
                        "negation": false,
                        "text": "inject",
                        "index": 2,
                        "flag": 0
                    },
                    "obj": {
                        "start": 17,
                        "end": 21,
                        "text": "code",
                        "id": 4,
                        "verbs": [
                            "inject"
                        ],
                        "label": [
                            "FUNCTION"
                        ],
                        "sent_index": 0,
                        "type": "object"
                    }
                },
                {
                    "sub": {
                        "start": 0,
                        "end": 5,
                        "text": "Bazar",
                        "id": 1,
                        "label": [
                            "FUNCTION"
                        ],
                        "sent_index": 0,
                        "type": "subject"
                    },
                    "verb": {
                        "negation": false,
                        "text": "call",
                        "index": 5,
                        "flag": 0
                    },
                    "obj": {
                        "start": 33,
                        "end": 51,
                        "text": "VirtualAllocExNuma",
                        "id": 7,
                        "verbs": [
                            "call"
                        ],
                        "label": [
                            "FUNCTION"
                        ],
                        "sent_index": 0,
                        "type": "object"
                    }
                }
            ]
        }
    ],
    "id": "relationship--227624a1-7dda-4691-89b3-49336aa68bfa",
    "tech_id": "T1055",
    "location": [],
    "special_id": "T1055"
}