{
    "text": "BADNEWS can downloading additional files by C2 channels, such as a new version of itself.",
    "graph_nodes": [
        {
            "id": 1,
            "contracted": 0,
            "meta": {
                "start": 0,
                "end": 7,
                "text": "BADNEWS",
                "id": 1,
                "label": [
                    "ACTOR"
                ],
                "sent_index": 0,
                "type": "subject",
                "texts": [
                    "version",
                    "BADNEWS"
                ],
                "sub_label": [
                    "MALWARE"
                ]
            }
        },
        {
            "id": 5,
            "contracted": 0,
            "meta": {
                "start": 35,
                "end": 40,
                "text": "files",
                "id": 5,
                "verbs": [
                    "download"
                ],
                "label": [
                    "DATA"
                ],
                "sent_index": 0,
                "type": "object",
                "texts": [
                    "version",
                    "files"
                ]
            }
        },
        {
            "id": 8,
            "contracted": 0,
            "meta": {
                "start": 44,
                "end": 55,
                "text": "C2 channels",
                "id": 8,
                "verbs": [
                    "by"
                ],
                "label": [
                    "NETWORK"
                ],
                "sent_index": 0,
                "type": "object"
            }
        },
        {
            "id": 16,
            "contracted": 0,
            "meta": {
                "text": "itself",
                "start": 82,
                "end": 88,
                "id": 16,
                "label": [
                    "OTHER"
                ],
                "sent_index": 0,
                "type": "object"
            }
        }
    ],
    "graph_edges": [
        {
            "source": 1,
            "dest": 5,
            "index": 0,
            "verb": "download",
            "id": "1_5"
        },
        {
            "source": 1,
            "dest": 16,
            "index": 4,
            "verb": "of",
            "id": "1_16"
        },
        {
            "source": 5,
            "dest": 8,
            "index": 1,
            "verb": "by",
            "id": "5_8"
        },
        {
            "source": 5,
            "dest": 1,
            "index": 3,
            "verb": "as",
            "id": "5_1"
        }
    ],
    "replacement_mapper": {},
    "sentences": [
        {
            "id": 0,
            "text": "BADNEWS can downloading additional files by C2 channels, such as a new version of itself.",
            "svos": [
                {
                    "sub": {
                        "start": 0,
                        "end": 7,
                        "text": "BADNEWS",
                        "id": 1,
                        "label": [
                            "ACTOR"
                        ],
                        "sent_index": 0,
                        "type": "subject",
                        "texts": [
                            "version",
                            "BADNEWS"
                        ],
                        "sub_label": [
                            "MALWARE"
                        ]
                    },
                    "verb": {
                        "negation": false,
                        "text": "download",
                        "index": 2,
                        "flag": 0
                    },
                    "obj": {
                        "start": 35,
                        "end": 40,
                        "text": "files",
                        "id": 5,
                        "verbs": [
                            "download"
                        ],
                        "label": [
                            "DATA"
                        ],
                        "sent_index": 0,
                        "type": "object",
                        "texts": [
                            "version",
                            "files"
                        ]
                    }
                },
                {
                    "sub": {
                        "start": 35,
                        "end": 40,
                        "text": "files",
                        "id": 5,
                        "verbs": [
                            "download"
                        ],
                        "label": [
                            "DATA"
                        ],
                        "sent_index": 0,
                        "type": "subject"
                    },
                    "verb": {
                        "negation": false,
                        "text": "by",
                        "index": 5,
                        "flag": 0
                    },
                    "obj": {
                        "start": 44,
                        "end": 55,
                        "text": "C2 channels",
                        "id": 8,
                        "verbs": [
                            "by"
                        ],
                        "label": [
                            "NETWORK"
                        ],
                        "sent_index": 0,
                        "type": "object"
                    }
                },
                {
                    "sub": {
                        "start": 0,
                        "end": 7,
                        "text": "BADNEWS",
                        "id": 1,
                        "label": [
                            "FUNCTION"
                        ],
                        "sent_index": 0,
                        "type": "subject"
                    },
                    "verb": {
                        "negation": false,
                        "text": "as",
                        "index": 10,
                        "flag": 1
                    },
                    "obj": {
                        "start": 71,
                        "end": 78,
                        "text": "version",
                        "id": 14,
                        "verbs": [
                            "as"
                        ],
                        "label": [
                            "DATA"
                        ],
                        "sent_index": 0,
                        "type": "object"
                    }
                },
                {
                    "sub": {
                        "start": 35,
                        "end": 40,
                        "text": "files",
                        "id": 5,
                        "verbs": [
                            "download"
                        ],
                        "label": [
                            "DATA"
                        ],
                        "sent_index": 0,
                        "type": "subject"
                    },
                    "verb": {
                        "negation": false,
                        "text": "as",
                        "index": 10,
                        "flag": 1
                    },
                    "obj": {
                        "start": 71,
                        "end": 78,
                        "text": "version",
                        "id": 14,
                        "verbs": [
                            "as"
                        ],
                        "label": [
                            "DATA"
                        ],
                        "sent_index": 0,
                        "type": "object"
                    }
                },
                {
                    "sub": {
                        "start": 71,
                        "end": 78,
                        "text": "version",
                        "id": 14,
                        "verbs": [
                            "as"
                        ],
                        "label": [
                            "DATA"
                        ],
                        "sent_index": 0,
                        "type": "subject"
                    },
                    "verb": {
                        "negation": false,
                        "text": "of",
                        "index": 14,
                        "flag": 0
                    },
                    "obj": {
                        "text": "itself",
                        "start": 82,
                        "end": 88,
                        "id": 16,
                        "label": [
                            "OTHER"
                        ],
                        "sent_index": 0,
                        "type": "object"
                    }
                }
            ]
        }
    ],
    "id": "relationship--b3f53743-4bd9-47a6-bf41-6f7786bbdc87",
    "tech_id": "T1105",
    "location": [],
    "special_id": "T1105"
}