{
    "text": "AADInternals can gather unsecured credentials for Azure AD services, such as Azure AD Connect, from a local machine.",
    "graph_nodes": [
        {
            "id": 1,
            "contracted": 0,
            "meta": {
                "start": 0,
                "end": 12,
                "text": "AADInternals",
                "id": 1,
                "label": [
                    "FUNCTION"
                ],
                "sent_index": 0,
                "type": "subject"
            }
        },
        {
            "id": 5,
            "contracted": 0,
            "meta": {
                "start": 24,
                "end": 45,
                "text": "unsecured credentials",
                "id": 5,
                "verbs": [
                    "gather"
                ],
                "label": [
                    "DATA"
                ],
                "sent_index": 0,
                "type": "object"
            }
        },
        {
            "id": 9,
            "contracted": 0,
            "meta": {
                "start": 50,
                "end": 67,
                "text": "Azure AD services",
                "id": 9,
                "label": [
                    "FUNCTION",
                    "OTHER"
                ],
                "sent_index": 0,
                "type": "object",
                "texts": [
                    "Azure AD services",
                    "Azure AD Connect"
                ]
            }
        },
        {
            "id": 20,
            "contracted": 0,
            "meta": {
                "start": 102,
                "end": 115,
                "text": "local machine",
                "id": 20,
                "verbs": [
                    "from"
                ],
                "label": [
                    "COMPONENT"
                ],
                "sent_index": 0,
                "type": "object"
            }
        }
    ],
    "graph_edges": [
        {
            "source": 1,
            "dest": 5,
            "index": 0,
            "verb": "gather",
            "id": "1_5"
        },
        {
            "source": 1,
            "dest": 20,
            "index": 4,
            "verb": "from",
            "id": "1_20"
        },
        {
            "source": 5,
            "dest": 9,
            "index": 1,
            "verb": "for",
            "id": "5_9"
        },
        {
            "source": 5,
            "dest": 20,
            "index": 3,
            "verb": "from",
            "id": "5_20"
        }
    ],
    "replacement_mapper": {},
    "sentences": [
        {
            "id": 0,
            "text": "AADInternals can gather unsecured credentials for Azure AD services, such as Azure AD Connect, from a local machine.",
            "svos": [
                {
                    "sub": {
                        "start": 0,
                        "end": 12,
                        "text": "AADInternals",
                        "id": 1,
                        "label": [
                            "FUNCTION"
                        ],
                        "sent_index": 0,
                        "type": "subject"
                    },
                    "verb": {
                        "negation": false,
                        "text": "gather",
                        "index": 2,
                        "flag": 0
                    },
                    "obj": {
                        "start": 24,
                        "end": 45,
                        "text": "unsecured credentials",
                        "id": 5,
                        "verbs": [
                            "gather"
                        ],
                        "label": [
                            "DATA"
                        ],
                        "sent_index": 0,
                        "type": "object"
                    }
                },
                {
                    "sub": {
                        "start": 24,
                        "end": 45,
                        "text": "unsecured credentials",
                        "id": 5,
                        "verbs": [
                            "gather"
                        ],
                        "label": [
                            "DATA"
                        ],
                        "sent_index": 0,
                        "type": "subject"
                    },
                    "verb": {
                        "negation": false,
                        "text": "for",
                        "index": 5,
                        "flag": 0
                    },
                    "obj": {
                        "start": 50,
                        "end": 67,
                        "text": "Azure AD services",
                        "id": 9,
                        "label": [
                            "FUNCTION",
                            "OTHER"
                        ],
                        "sent_index": 0,
                        "type": "object",
                        "texts": [
                            "Azure AD services",
                            "Azure AD Connect"
                        ]
                    }
                },
                {
                    "sub": {
                        "start": 50,
                        "end": 67,
                        "text": "Azure AD services",
                        "id": 9,
                        "label": [
                            "FUNCTION"
                        ],
                        "sent_index": 0,
                        "type": "subject"
                    },
                    "verb": {
                        "negation": false,
                        "text": "as",
                        "index": 11,
                        "flag": 1
                    },
                    "obj": {
                        "start": 77,
                        "end": 93,
                        "text": "Azure AD Connect",
                        "id": 15,
                        "verbs": [
                            "as"
                        ],
                        "label": [
                            "OTHER"
                        ],
                        "sent_index": 0,
                        "type": "object"
                    }
                },
                {
                    "sub": {
                        "start": 24,
                        "end": 45,
                        "text": "unsecured credentials",
                        "id": 5,
                        "verbs": [
                            "gather"
                        ],
                        "label": [
                            "DATA"
                        ],
                        "sent_index": 0,
                        "type": "subject"
                    },
                    "verb": {
                        "negation": false,
                        "text": "from",
                        "index": 16,
                        "flag": 0
                    },
                    "obj": {
                        "start": 102,
                        "end": 115,
                        "text": "local machine",
                        "id": 20,
                        "verbs": [
                            "from"
                        ],
                        "label": [
                            "COMPONENT"
                        ],
                        "sent_index": 0,
                        "type": "object"
                    }
                },
                {
                    "sub": {
                        "start": 0,
                        "end": 12,
                        "text": "AADInternals",
                        "id": 1,
                        "label": [
                            "FUNCTION"
                        ],
                        "sent_index": 0,
                        "type": "subject"
                    },
                    "verb": {
                        "negation": false,
                        "text": "from",
                        "index": 16,
                        "flag": 0
                    },
                    "obj": {
                        "start": 102,
                        "end": 115,
                        "text": "local machine",
                        "id": 20,
                        "verbs": [
                            "from"
                        ],
                        "label": [
                            "COMPONENT"
                        ],
                        "sent_index": 0,
                        "type": "object"
                    }
                }
            ]
        }
    ],
    "id": "relationship--5cd4af07-d10e-4034-84fc-b8256f08b5cd",
    "tech_id": "T1552.001",
    "location": [],
    "special_id": "T1552.001"
}