{
    "text": "LAPSUS$ has called victims' help desk to convince the support personnel to reset a privileged account's credentials.",
    "graph_nodes": [
        {
            "id": 1,
            "contracted": 0,
            "meta": {
                "start": 0,
                "end": 7,
                "text": "LAPSUS$",
                "id": 1,
                "label": [
                    "ACTOR"
                ],
                "sent_index": 0,
                "type": "subject"
            }
        },
        {
            "id": 4,
            "contracted": 0,
            "meta": {
                "text": "victims",
                "start": 19,
                "end": 26,
                "id": 4,
                "label": [
                    "USER"
                ],
                "sent_index": 0,
                "type": "object"
            }
        },
        {
            "id": 7,
            "contracted": 0,
            "meta": {
                "start": 28,
                "end": 37,
                "text": "help desk",
                "id": 7,
                "verbs": [
                    "call"
                ],
                "label": [
                    "OTHER"
                ],
                "sent_index": 0,
                "type": "object"
            }
        },
        {
            "id": 12,
            "contracted": 0,
            "meta": {
                "start": 54,
                "end": 71,
                "text": "support personnel",
                "id": 12,
                "verbs": [
                    "convince"
                ],
                "label": [
                    "USER"
                ],
                "sent_index": 0,
                "type": "object"
            }
        },
        {
            "id": 17,
            "contracted": 0,
            "meta": {
                "text": "account",
                "start": 94,
                "end": 101,
                "id": 17,
                "label": [
                    "DATA"
                ],
                "sent_index": 0,
                "type": "object"
            }
        },
        {
            "id": 19,
            "contracted": 0,
            "meta": {
                "start": 104,
                "end": 115,
                "text": "credentials",
                "id": 19,
                "verbs": [
                    "reset"
                ],
                "label": [
                    "DATA"
                ],
                "sent_index": 0,
                "type": "object"
            }
        }
    ],
    "graph_edges": [
        {
            "source": 1,
            "dest": 7,
            "index": 0,
            "verb": "call",
            "id": "1_7"
        },
        {
            "source": 1,
            "dest": 12,
            "index": 2,
            "verb": "convince",
            "id": "1_12"
        },
        {
            "source": 1,
            "dest": 19,
            "index": 3,
            "verb": "reset",
            "id": "1_19"
        },
        {
            "source": 7,
            "dest": 4,
            "index": 1,
            "verb": "of",
            "id": "7_4"
        },
        {
            "source": 19,
            "dest": 17,
            "index": 4,
            "verb": "of",
            "id": "19_17"
        }
    ],
    "replacement_mapper": {},
    "sentences": [
        {
            "id": 0,
            "text": "LAPSUS$ has called victims' help desk to convince the support personnel to reset a privileged account's credentials.",
            "svos": [
                {
                    "sub": {
                        "start": 0,
                        "end": 7,
                        "text": "LAPSUS$",
                        "id": 1,
                        "label": [
                            "ACTOR"
                        ],
                        "sent_index": 0,
                        "type": "subject"
                    },
                    "verb": {
                        "negation": false,
                        "text": "call",
                        "index": 2,
                        "flag": 0
                    },
                    "obj": {
                        "start": 28,
                        "end": 37,
                        "text": "help desk",
                        "id": 7,
                        "verbs": [
                            "call"
                        ],
                        "label": [
                            "OTHER"
                        ],
                        "sent_index": 0,
                        "type": "object"
                    }
                },
                {
                    "sub": {
                        "start": 28,
                        "end": 37,
                        "text": "help desk",
                        "id": 7,
                        "verbs": [
                            "call"
                        ],
                        "label": [
                            "OTHER"
                        ],
                        "sent_index": 0,
                        "type": "subject"
                    },
                    "verb": {
                        "negation": false,
                        "text": "of",
                        "index": 6,
                        "flag": 0
                    },
                    "obj": {
                        "text": "victims",
                        "start": 19,
                        "end": 26,
                        "id": 4,
                        "label": [
                            "USER"
                        ],
                        "sent_index": 0,
                        "type": "object"
                    }
                },
                {
                    "sub": {
                        "start": 0,
                        "end": 7,
                        "text": "LAPSUS$",
                        "id": 1,
                        "label": [
                            "ACTOR"
                        ],
                        "sent_index": 0,
                        "type": "subject"
                    },
                    "verb": {
                        "negation": false,
                        "text": "convince",
                        "index": 8,
                        "flag": 0
                    },
                    "obj": {
                        "start": 54,
                        "end": 71,
                        "text": "support personnel",
                        "id": 12,
                        "verbs": [
                            "convince"
                        ],
                        "label": [
                            "USER"
                        ],
                        "sent_index": 0,
                        "type": "object"
                    }
                },
                {
                    "sub": {
                        "start": 0,
                        "end": 7,
                        "text": "LAPSUS$",
                        "id": 1,
                        "label": [
                            "ACTOR"
                        ],
                        "sent_index": 0,
                        "type": "subject"
                    },
                    "verb": {
                        "negation": false,
                        "text": "reset",
                        "index": 13,
                        "flag": 0
                    },
                    "obj": {
                        "start": 104,
                        "end": 115,
                        "text": "credentials",
                        "id": 19,
                        "verbs": [
                            "reset"
                        ],
                        "label": [
                            "DATA"
                        ],
                        "sent_index": 0,
                        "type": "object"
                    }
                },
                {
                    "sub": {
                        "start": 104,
                        "end": 115,
                        "text": "credentials",
                        "id": 19,
                        "verbs": [
                            "reset"
                        ],
                        "label": [
                            "DATA"
                        ],
                        "sent_index": 0,
                        "type": "subject"
                    },
                    "verb": {
                        "negation": false,
                        "text": "of",
                        "index": 18,
                        "flag": 0
                    },
                    "obj": {
                        "text": "account",
                        "start": 94,
                        "end": 101,
                        "id": 17,
                        "label": [
                            "DATA"
                        ],
                        "sent_index": 0,
                        "type": "object"
                    }
                }
            ]
        }
    ],
    "id": "relationship--60fc3c88-bff5-4a06-88f3-15715e4cafda",
    "tech_id": "T1598.004",
    "location": [],
    "special_id": "T1598.004"
}