{
    "text": "Ragnar Locker has used VirtualBox and a stripped WindowsXP virtual machine to run itself. The use of a shared folder specified in the configuration enables Ragnar Locker to encrypt files on the host operating system, such as files on any mapped drives.",
    "graph_nodes": [
        {
            "id": 2,
            "contracted": 0,
            "meta": {
                "start": 0,
                "end": 13,
                "text": "Ragnar Locker",
                "id": 2,
                "label": [
                    "ACTOR"
                ],
                "sent_index": 0,
                "type": "subject",
                "sub_label": [
                    "MALWARE"
                ]
            }
        },
        {
            "id": 5,
            "contracted": 0,
            "meta": {
                "start": 23,
                "end": 33,
                "text": "VirtualBox",
                "id": 5,
                "verbs": [
                    "use"
                ],
                "label": [
                    "COMPONENT"
                ],
                "sent_index": 0,
                "type": "object",
                "texts": [
                    "VirtualBox",
                    "stripped WindowsXP virtual machine"
                ]
            }
        },
        {
            "id": 14,
            "contracted": 0,
            "meta": {
                "text": "itself",
                "start": 82,
                "end": 88,
                "id": 14,
                "verbs": [
                    "run"
                ],
                "label": [
                    "OTHER"
                ],
                "sent_index": 0,
                "type": "object"
            }
        },
        {
            "id": 1002,
            "contracted": 0,
            "meta": {
                "start": 4,
                "end": 7,
                "text": "use",
                "id": 2,
                "label": [
                    "OTHER"
                ],
                "sent_index": 1,
                "type": "subject"
            }
        },
        {
            "id": 1006,
            "contracted": 0,
            "meta": {
                "start": 13,
                "end": 26,
                "text": "shared folder",
                "id": 6,
                "label": [
                    "DIRECTORY"
                ],
                "sent_index": 1,
                "type": "object"
            }
        },
        {
            "id": 1010,
            "contracted": 0,
            "meta": {
                "start": 44,
                "end": 57,
                "text": "configuration",
                "id": 10,
                "verbs": [
                    "specify"
                ],
                "label": [
                    "DATA"
                ],
                "sent_index": 1,
                "type": "object"
            }
        },
        {
            "id": 1013,
            "contracted": 0,
            "meta": {
                "start": 66,
                "end": 79,
                "text": "Ragnar Locker",
                "id": 13,
                "label": [
                    "FUNCTION"
                ],
                "sent_index": 1,
                "type": "subject"
            }
        },
        {
            "id": 1016,
            "contracted": 0,
            "meta": {
                "start": 91,
                "end": 96,
                "text": "files",
                "id": 16,
                "verbs": [
                    "encrypt"
                ],
                "label": [
                    "DATA"
                ],
                "sent_index": 1,
                "type": "object",
                "texts": [
                    "files"
                ]
            }
        },
        {
            "id": 1021,
            "contracted": 0,
            "meta": {
                "start": 104,
                "end": 125,
                "text": "host operating system",
                "id": 21,
                "label": [
                    "COMPONENT"
                ],
                "sent_index": 1,
                "type": "object"
            }
        },
        {
            "id": 1029,
            "contracted": 0,
            "meta": {
                "start": 148,
                "end": 161,
                "text": "mapped drives",
                "id": 29,
                "label": [
                    "COMPONENT"
                ],
                "sent_index": 1,
                "type": "object"
            }
        }
    ],
    "graph_edges": [
        {
            "source": 2,
            "dest": 5,
            "index": 0,
            "verb": "use",
            "id": "2_5"
        },
        {
            "source": 2,
            "dest": 14,
            "index": 2,
            "verb": "run",
            "id": "2_14"
        },
        {
            "source": 1002,
            "dest": 1006,
            "index": 3,
            "verb": "of",
            "id": "1002_1006"
        },
        {
            "source": 1006,
            "dest": 1010,
            "index": 5,
            "verb": "specify in",
            "id": "1006_1010"
        },
        {
            "source": 1013,
            "dest": 1016,
            "index": 6,
            "verb": "encrypt",
            "id": "1013_1016"
        },
        {
            "source": 1016,
            "dest": 1021,
            "index": 7,
            "verb": "on",
            "id": "1016_1021"
        },
        {
            "source": 1016,
            "dest": 1029,
            "index": 9,
            "verb": "on",
            "id": "1016_1029"
        }
    ],
    "replacement_mapper": {},
    "sentences": [
        {
            "id": 0,
            "text": "Ragnar Locker has used VirtualBox and a stripped WindowsXP virtual machine to run itself.",
            "svos": [
                {
                    "sub": {
                        "start": 0,
                        "end": 13,
                        "text": "Ragnar Locker",
                        "id": 2,
                        "label": [
                            "ACTOR"
                        ],
                        "sent_index": 0,
                        "type": "subject",
                        "sub_label": [
                            "MALWARE"
                        ]
                    },
                    "verb": {
                        "negation": false,
                        "text": "use",
                        "index": 3,
                        "flag": 0
                    },
                    "obj": {
                        "start": 23,
                        "end": 33,
                        "text": "VirtualBox",
                        "id": 5,
                        "verbs": [
                            "use"
                        ],
                        "label": [
                            "COMPONENT"
                        ],
                        "sent_index": 0,
                        "type": "object",
                        "texts": [
                            "VirtualBox",
                            "stripped WindowsXP virtual machine"
                        ]
                    }
                },
                {
                    "sub": {
                        "start": 0,
                        "end": 13,
                        "text": "Ragnar Locker",
                        "id": 2,
                        "label": [
                            "FUNCTION"
                        ],
                        "sent_index": 0,
                        "type": "subject"
                    },
                    "verb": {
                        "negation": false,
                        "text": "use",
                        "index": 3,
                        "flag": 0
                    },
                    "obj": {
                        "start": 40,
                        "end": 74,
                        "text": "stripped WindowsXP virtual machine",
                        "id": 11,
                        "verbs": [
                            "use"
                        ],
                        "label": [
                            "COMPONENT"
                        ],
                        "sent_index": 0,
                        "type": "object"
                    }
                },
                {
                    "sub": {
                        "start": 0,
                        "end": 13,
                        "text": "Ragnar Locker",
                        "id": 2,
                        "label": [
                            "FUNCTION"
                        ],
                        "sent_index": 0,
                        "type": "subject"
                    },
                    "verb": {
                        "negation": false,
                        "text": "run",
                        "index": 12,
                        "flag": 0
                    },
                    "obj": {
                        "text": "itself",
                        "start": 82,
                        "end": 88,
                        "id": 14,
                        "verbs": [
                            "run"
                        ],
                        "label": [
                            "OTHER"
                        ],
                        "sent_index": 0,
                        "type": "object"
                    }
                }
            ]
        },
        {
            "id": 1,
            "text": "The use of a shared folder specified in the configuration enables Ragnar Locker to encrypt files on the host operating system, such as files on any mapped drives.",
            "svos": [
                {
                    "sub": {
                        "start": 4,
                        "end": 7,
                        "text": "use",
                        "id": 2,
                        "label": [
                            "OTHER"
                        ],
                        "sent_index": 1,
                        "type": "subject"
                    },
                    "verb": {
                        "negation": false,
                        "text": "of",
                        "index": 2,
                        "flag": 0
                    },
                    "obj": {
                        "start": 13,
                        "end": 26,
                        "text": "shared folder",
                        "id": 6,
                        "label": [
                            "DIRECTORY"
                        ],
                        "sent_index": 1,
                        "type": "object"
                    }
                },
                {
                    "sub": {
                        "start": 13,
                        "end": 26,
                        "text": "shared folder",
                        "id": 6,
                        "label": [
                            "DIRECTORY"
                        ],
                        "sent_index": 1,
                        "type": "subject"
                    },
                    "verb": {
                        "negation": false,
                        "text": "specify",
                        "index": 6,
                        "flag": 0
                    },
                    "obj": {
                        "start": 44,
                        "end": 57,
                        "text": "configuration",
                        "id": 10,
                        "verbs": [
                            "specify"
                        ],
                        "label": [
                            "DATA"
                        ],
                        "sent_index": 1,
                        "type": "object"
                    }
                },
                {
                    "sub": {
                        "start": 13,
                        "end": 26,
                        "text": "shared folder",
                        "id": 6,
                        "label": [
                            "DIRECTORY"
                        ],
                        "sent_index": 1,
                        "type": "subject"
                    },
                    "verb": {
                        "negation": false,
                        "text": "specify in",
                        "index": 6,
                        "flag": 0
                    },
                    "obj": {
                        "start": 44,
                        "end": 57,
                        "text": "configuration",
                        "id": 10,
                        "verbs": [
                            "specify in"
                        ],
                        "label": [
                            "DATA"
                        ],
                        "sent_index": 1,
                        "type": "object"
                    }
                },
                {
                    "sub": {
                        "start": 66,
                        "end": 79,
                        "text": "Ragnar Locker",
                        "id": 13,
                        "label": [
                            "FUNCTION"
                        ],
                        "sent_index": 1,
                        "type": "subject"
                    },
                    "verb": {
                        "negation": false,
                        "text": "encrypt",
                        "index": 14,
                        "flag": 0
                    },
                    "obj": {
                        "start": 91,
                        "end": 96,
                        "text": "files",
                        "id": 16,
                        "verbs": [
                            "encrypt"
                        ],
                        "label": [
                            "DATA"
                        ],
                        "sent_index": 1,
                        "type": "object",
                        "texts": [
                            "files"
                        ]
                    }
                },
                {
                    "sub": {
                        "start": 91,
                        "end": 96,
                        "text": "files",
                        "id": 16,
                        "verbs": [
                            "encrypt"
                        ],
                        "label": [
                            "DATA"
                        ],
                        "sent_index": 1,
                        "type": "subject"
                    },
                    "verb": {
                        "negation": false,
                        "text": "on",
                        "index": 16,
                        "flag": 0
                    },
                    "obj": {
                        "start": 104,
                        "end": 125,
                        "text": "host operating system",
                        "id": 21,
                        "label": [
                            "COMPONENT"
                        ],
                        "sent_index": 1,
                        "type": "object"
                    }
                },
                {
                    "sub": {
                        "start": 91,
                        "end": 96,
                        "text": "files",
                        "id": 16,
                        "verbs": [
                            "encrypt"
                        ],
                        "label": [
                            "DATA"
                        ],
                        "sent_index": 1,
                        "type": "subject"
                    },
                    "verb": {
                        "negation": false,
                        "text": "as",
                        "index": 23,
                        "flag": 1
                    },
                    "obj": {
                        "start": 135,
                        "end": 140,
                        "text": "files",
                        "id": 25,
                        "verbs": [
                            "as"
                        ],
                        "label": [
                            "DATA"
                        ],
                        "sent_index": 1,
                        "type": "object"
                    }
                },
                {
                    "sub": {
                        "start": 135,
                        "end": 140,
                        "text": "files",
                        "id": 25,
                        "verbs": [
                            "as"
                        ],
                        "label": [
                            "DATA"
                        ],
                        "sent_index": 1,
                        "type": "subject"
                    },
                    "verb": {
                        "negation": false,
                        "text": "on",
                        "index": 25,
                        "flag": 0
                    },
                    "obj": {
                        "start": 148,
                        "end": 161,
                        "text": "mapped drives",
                        "id": 29,
                        "label": [
                            "COMPONENT"
                        ],
                        "sent_index": 1,
                        "type": "object"
                    }
                }
            ]
        }
    ],
    "id": "relationship--913c67d5-0c5b-40d5-be88-6ce4e5030603",
    "tech_id": "T1564.006",
    "location": [],
    "special_id": "T1564.006"
}