{
    "text": "Axiom has used VPS hosting providers in targeting of intended victims.",
    "graph_nodes": [
        {
            "id": 1,
            "contracted": 0,
            "meta": {
                "start": 0,
                "end": 5,
                "text": "Axiom",
                "id": 1,
                "label": [
                    "ACTOR"
                ],
                "sent_index": 0,
                "type": "subject"
            }
        },
        {
            "id": 6,
            "contracted": 0,
            "meta": {
                "start": 15,
                "end": 36,
                "text": "VPS hosting providers",
                "id": 6,
                "verbs": [
                    "use"
                ],
                "label": [
                    "OTHER"
                ],
                "sent_index": 0,
                "type": "object"
            }
        },
        {
            "id": 8,
            "contracted": 0,
            "meta": {
                "start": 40,
                "end": 49,
                "text": "targeting",
                "id": 8,
                "label": [
                    "FUNCTION"
                ],
                "sent_index": 0,
                "type": "object"
            }
        },
        {
            "id": 11,
            "contracted": 0,
            "meta": {
                "start": 53,
                "end": 69,
                "text": "intended victims",
                "id": 11,
                "label": [
                    "USER"
                ],
                "sent_index": 0,
                "type": "object"
            }
        }
    ],
    "graph_edges": [
        {
            "source": 1,
            "dest": 6,
            "index": 0,
            "verb": "use",
            "id": "1_6"
        },
        {
            "source": 1,
            "dest": 8,
            "index": 2,
            "verb": "in",
            "id": "1_8"
        },
        {
            "source": 6,
            "dest": 8,
            "index": 1,
            "verb": "in",
            "id": "6_8"
        },
        {
            "source": 8,
            "dest": 11,
            "index": 3,
            "verb": "of",
            "id": "8_11"
        }
    ],
    "replacement_mapper": {},
    "sentences": [
        {
            "id": 0,
            "text": "Axiom has used VPS hosting providers in targeting of intended victims.",
            "svos": [
                {
                    "sub": {
                        "start": 0,
                        "end": 5,
                        "text": "Axiom",
                        "id": 1,
                        "label": [
                            "ACTOR"
                        ],
                        "sent_index": 0,
                        "type": "subject"
                    },
                    "verb": {
                        "negation": false,
                        "text": "use",
                        "index": 2,
                        "flag": 0
                    },
                    "obj": {
                        "start": 15,
                        "end": 36,
                        "text": "VPS hosting providers",
                        "id": 6,
                        "verbs": [
                            "use"
                        ],
                        "label": [
                            "OTHER"
                        ],
                        "sent_index": 0,
                        "type": "object"
                    }
                },
                {
                    "sub": {
                        "start": 15,
                        "end": 36,
                        "text": "VPS hosting providers",
                        "id": 6,
                        "verbs": [
                            "use"
                        ],
                        "label": [
                            "OTHER"
                        ],
                        "sent_index": 0,
                        "type": "subject"
                    },
                    "verb": {
                        "negation": false,
                        "text": "in",
                        "index": 6,
                        "flag": 0
                    },
                    "obj": {
                        "start": 40,
                        "end": 49,
                        "text": "targeting",
                        "id": 8,
                        "label": [
                            "FUNCTION"
                        ],
                        "sent_index": 0,
                        "type": "object"
                    }
                },
                {
                    "sub": {
                        "start": 0,
                        "end": 5,
                        "text": "Axiom",
                        "id": 1,
                        "label": [
                            "ACTOR"
                        ],
                        "sent_index": 0,
                        "type": "subject"
                    },
                    "verb": {
                        "negation": false,
                        "text": "in",
                        "index": 6,
                        "flag": 0
                    },
                    "obj": {
                        "start": 40,
                        "end": 49,
                        "text": "targeting",
                        "id": 8,
                        "label": [
                            "FUNCTION"
                        ],
                        "sent_index": 0,
                        "type": "object"
                    }
                },
                {
                    "sub": {
                        "start": 40,
                        "end": 49,
                        "text": "targeting",
                        "id": 8,
                        "label": [
                            "FUNCTION"
                        ],
                        "sent_index": 0,
                        "type": "subject"
                    },
                    "verb": {
                        "negation": false,
                        "text": "of",
                        "index": 8,
                        "flag": 0
                    },
                    "obj": {
                        "start": 53,
                        "end": 69,
                        "text": "intended victims",
                        "id": 11,
                        "label": [
                            "USER"
                        ],
                        "sent_index": 0,
                        "type": "object"
                    }
                }
            ]
        }
    ],
    "id": "relationship--a12a296d-3cdb-4a49-840a-4ecd073b5312",
    "tech_id": "T1583.003",
    "location": [],
    "special_id": "T1583.003"
}