{
    "text": "Grandoreiro can use MSI files to execute DLLs.",
    "graph_nodes": [
        {
            "id": 1,
            "contracted": 0,
            "meta": {
                "start": 0,
                "end": 11,
                "text": "Grandoreiro",
                "id": 1,
                "label": [
                    "ACTOR"
                ],
                "sent_index": 0,
                "type": "subject",
                "sub_label": [
                    "MALWARE"
                ]
            }
        },
        {
            "id": 5,
            "contracted": 0,
            "meta": {
                "start": 20,
                "end": 29,
                "text": "MSI files",
                "id": 5,
                "verbs": [
                    "use"
                ],
                "label": [
                    "DATA"
                ],
                "sent_index": 0,
                "type": "object"
            }
        },
        {
            "id": 8,
            "contracted": 0,
            "meta": {
                "start": 41,
                "end": 45,
                "text": "DLLs",
                "id": 8,
                "verbs": [
                    "execute"
                ],
                "label": [
                    "REGISTRY"
                ],
                "sent_index": 0,
                "type": "object"
            }
        }
    ],
    "graph_edges": [
        {
            "source": 1,
            "dest": 5,
            "index": 0,
            "verb": "use",
            "id": "1_5"
        },
        {
            "source": 1,
            "dest": 8,
            "index": 1,
            "verb": "execute",
            "id": "1_8"
        }
    ],
    "replacement_mapper": {},
    "sentences": [
        {
            "id": 0,
            "text": "Grandoreiro can use MSI files to execute DLLs.",
            "svos": [
                {
                    "sub": {
                        "start": 0,
                        "end": 11,
                        "text": "Grandoreiro",
                        "id": 1,
                        "label": [
                            "ACTOR"
                        ],
                        "sent_index": 0,
                        "type": "subject",
                        "sub_label": [
                            "MALWARE"
                        ]
                    },
                    "verb": {
                        "negation": false,
                        "text": "use",
                        "index": 2,
                        "flag": 0
                    },
                    "obj": {
                        "start": 20,
                        "end": 29,
                        "text": "MSI files",
                        "id": 5,
                        "verbs": [
                            "use"
                        ],
                        "label": [
                            "DATA"
                        ],
                        "sent_index": 0,
                        "type": "object"
                    }
                },
                {
                    "sub": {
                        "start": 0,
                        "end": 11,
                        "text": "Grandoreiro",
                        "id": 1,
                        "label": [
                            "FUNCTION"
                        ],
                        "sent_index": 0,
                        "type": "subject"
                    },
                    "verb": {
                        "negation": false,
                        "text": "execute",
                        "index": 6,
                        "flag": 0
                    },
                    "obj": {
                        "start": 41,
                        "end": 45,
                        "text": "DLLs",
                        "id": 8,
                        "verbs": [
                            "execute"
                        ],
                        "label": [
                            "REGISTRY"
                        ],
                        "sent_index": 0,
                        "type": "object"
                    }
                }
            ]
        }
    ],
    "id": "relationship--6dca4adf-499d-4cea-b3df-48566ff6deeb",
    "tech_id": "T1218.007",
    "location": [],
    "special_id": "T1218.007"
}