{
    "text": "A module in Prikormka collects information from the victim about the current user name.",
    "graph_nodes": [
        {
            "id": 2,
            "contracted": 0,
            "meta": {
                "start": 2,
                "end": 8,
                "text": "module",
                "id": 2,
                "label": [
                    "FUNCTION"
                ],
                "sent_index": 0,
                "type": "subject"
            }
        },
        {
            "id": 4,
            "contracted": 0,
            "meta": {
                "start": 12,
                "end": 21,
                "text": "Prikormka",
                "id": 4,
                "label": [
                    "FUNCTION"
                ],
                "sent_index": 0,
                "type": "object"
            }
        },
        {
            "id": 6,
            "contracted": 0,
            "meta": {
                "start": 31,
                "end": 42,
                "text": "information",
                "id": 6,
                "verbs": [
                    "collect"
                ],
                "label": [
                    "DATA"
                ],
                "sent_index": 0,
                "type": "object"
            }
        },
        {
            "id": 9,
            "contracted": 0,
            "meta": {
                "start": 52,
                "end": 58,
                "text": "victim",
                "id": 9,
                "verbs": [
                    "from"
                ],
                "label": [
                    "USER"
                ],
                "sent_index": 0,
                "type": "object"
            }
        },
        {
            "id": 14,
            "contracted": 0,
            "meta": {
                "start": 77,
                "end": 86,
                "text": "user name",
                "id": 14,
                "verbs": [
                    "about"
                ],
                "label": [
                    "DATA"
                ],
                "sent_index": 0,
                "type": "object"
            }
        }
    ],
    "graph_edges": [
        {
            "source": 2,
            "dest": 4,
            "index": 0,
            "verb": "in",
            "id": "2_4"
        },
        {
            "source": 2,
            "dest": 6,
            "index": 1,
            "verb": "collect",
            "id": "2_6"
        },
        {
            "source": 2,
            "dest": 9,
            "index": 3,
            "verb": "from",
            "id": "2_9"
        },
        {
            "source": 6,
            "dest": 9,
            "index": 2,
            "verb": "from",
            "id": "6_9"
        },
        {
            "source": 6,
            "dest": 14,
            "index": 4,
            "verb": "about",
            "id": "6_14"
        }
    ],
    "replacement_mapper": {},
    "sentences": [
        {
            "id": 0,
            "text": "A module in Prikormka collects information from the victim about the current user name.",
            "svos": [
                {
                    "sub": {
                        "start": 2,
                        "end": 8,
                        "text": "module",
                        "id": 2,
                        "label": [
                            "FUNCTION"
                        ],
                        "sent_index": 0,
                        "type": "subject"
                    },
                    "verb": {
                        "negation": false,
                        "text": "in",
                        "index": 2,
                        "flag": 0
                    },
                    "obj": {
                        "start": 12,
                        "end": 21,
                        "text": "Prikormka",
                        "id": 4,
                        "label": [
                            "FUNCTION"
                        ],
                        "sent_index": 0,
                        "type": "object"
                    }
                },
                {
                    "sub": {
                        "start": 2,
                        "end": 8,
                        "text": "module",
                        "id": 2,
                        "label": [
                            "FUNCTION"
                        ],
                        "sent_index": 0,
                        "type": "subject"
                    },
                    "verb": {
                        "negation": false,
                        "text": "collect",
                        "index": 4,
                        "flag": 0
                    },
                    "obj": {
                        "start": 31,
                        "end": 42,
                        "text": "information",
                        "id": 6,
                        "verbs": [
                            "collect"
                        ],
                        "label": [
                            "DATA"
                        ],
                        "sent_index": 0,
                        "type": "object"
                    }
                },
                {
                    "sub": {
                        "start": 31,
                        "end": 42,
                        "text": "information",
                        "id": 6,
                        "verbs": [
                            "collect"
                        ],
                        "label": [
                            "DATA"
                        ],
                        "sent_index": 0,
                        "type": "subject"
                    },
                    "verb": {
                        "negation": false,
                        "text": "from",
                        "index": 6,
                        "flag": 0
                    },
                    "obj": {
                        "start": 52,
                        "end": 58,
                        "text": "victim",
                        "id": 9,
                        "verbs": [
                            "from"
                        ],
                        "label": [
                            "USER"
                        ],
                        "sent_index": 0,
                        "type": "object"
                    }
                },
                {
                    "sub": {
                        "start": 2,
                        "end": 8,
                        "text": "module",
                        "id": 2,
                        "label": [
                            "FUNCTION"
                        ],
                        "sent_index": 0,
                        "type": "subject"
                    },
                    "verb": {
                        "negation": false,
                        "text": "from",
                        "index": 6,
                        "flag": 0
                    },
                    "obj": {
                        "start": 52,
                        "end": 58,
                        "text": "victim",
                        "id": 9,
                        "verbs": [
                            "from"
                        ],
                        "label": [
                            "USER"
                        ],
                        "sent_index": 0,
                        "type": "object"
                    }
                },
                {
                    "sub": {
                        "start": 31,
                        "end": 42,
                        "text": "information",
                        "id": 6,
                        "verbs": [
                            "collect"
                        ],
                        "label": [
                            "DATA"
                        ],
                        "sent_index": 0,
                        "type": "subject"
                    },
                    "verb": {
                        "negation": false,
                        "text": "about",
                        "index": 9,
                        "flag": 0
                    },
                    "obj": {
                        "start": 77,
                        "end": 86,
                        "text": "user name",
                        "id": 14,
                        "verbs": [
                            "about"
                        ],
                        "label": [
                            "DATA"
                        ],
                        "sent_index": 0,
                        "type": "object"
                    }
                }
            ]
        }
    ],
    "id": "relationship--fce2d07b-7bc7-497a-b21a-75a23fbccf50",
    "tech_id": "T1033",
    "location": [],
    "special_id": "T1033"
}