{
    "text": "APT28 has renamed the WinRAR utility to avoid detection.",
    "graph_nodes": [
        {
            "id": 1,
            "contracted": 0,
            "meta": {
                "start": 0,
                "end": 5,
                "text": "APT28",
                "id": 1,
                "label": [
                    "ACTOR"
                ],
                "sent_index": 0,
                "type": "subject"
            }
        },
        {
            "id": 6,
            "contracted": 0,
            "meta": {
                "start": 22,
                "end": 36,
                "text": "WinRAR utility",
                "id": 6,
                "verbs": [
                    "rename"
                ],
                "label": [
                    "FUNCTION"
                ],
                "sent_index": 0,
                "type": "object"
            }
        },
        {
            "id": 9,
            "contracted": 0,
            "meta": {
                "start": 46,
                "end": 55,
                "text": "detection",
                "id": 9,
                "verbs": [
                    "avoid"
                ],
                "label": [
                    "FUNCTION"
                ],
                "sent_index": 0,
                "type": "object"
            }
        }
    ],
    "graph_edges": [
        {
            "source": 1,
            "dest": 6,
            "index": 0,
            "verb": "rename",
            "id": "1_6"
        },
        {
            "source": 1,
            "dest": 9,
            "index": 1,
            "verb": "avoid",
            "id": "1_9"
        }
    ],
    "replacement_mapper": {},
    "sentences": [
        {
            "id": 0,
            "text": "APT28 has renamed the WinRAR utility to avoid detection.",
            "svos": [
                {
                    "sub": {
                        "start": 0,
                        "end": 5,
                        "text": "APT28",
                        "id": 1,
                        "label": [
                            "ACTOR"
                        ],
                        "sent_index": 0,
                        "type": "subject"
                    },
                    "verb": {
                        "negation": false,
                        "text": "rename",
                        "index": 2,
                        "flag": 0
                    },
                    "obj": {
                        "start": 22,
                        "end": 36,
                        "text": "WinRAR utility",
                        "id": 6,
                        "verbs": [
                            "rename"
                        ],
                        "label": [
                            "FUNCTION"
                        ],
                        "sent_index": 0,
                        "type": "object"
                    }
                },
                {
                    "sub": {
                        "start": 0,
                        "end": 5,
                        "text": "APT28",
                        "id": 1,
                        "label": [
                            "ACTOR"
                        ],
                        "sent_index": 0,
                        "type": "subject"
                    },
                    "verb": {
                        "negation": false,
                        "text": "avoid",
                        "index": 7,
                        "flag": 0
                    },
                    "obj": {
                        "start": 46,
                        "end": 55,
                        "text": "detection",
                        "id": 9,
                        "verbs": [
                            "avoid"
                        ],
                        "label": [
                            "FUNCTION"
                        ],
                        "sent_index": 0,
                        "type": "object"
                    }
                }
            ]
        }
    ],
    "id": "relationship--a292f2c5-a071-424e-b8b8-03d195c466ad",
    "tech_id": "T1036",
    "location": [],
    "special_id": "T1036"
}