{
    "text": "Commands such as ENTITY0 and ENTITY1 can be used in Net to gather information about network connections from a particular host.",
    "graph_nodes": [
        {
            "id": 1,
            "contracted": 0,
            "meta": {
                "start": 0,
                "end": 8,
                "text": "Commands",
                "id": 1,
                "verbs": [
                    "use"
                ],
                "label": [
                    "FUNCTION"
                ],
                "sent_index": 0,
                "type": "subject",
                "texts": [
                    "Commands",
                    "net use",
                    "net session"
                ]
            }
        },
        {
            "id": 11,
            "contracted": 0,
            "meta": {
                "start": 52,
                "end": 55,
                "text": "Net",
                "id": 11,
                "label": [
                    "FUNCTION"
                ],
                "sent_index": 0,
                "type": "object"
            }
        },
        {
            "id": 14,
            "contracted": 0,
            "meta": {
                "start": 66,
                "end": 77,
                "text": "information",
                "id": 14,
                "verbs": [
                    "gather"
                ],
                "label": [
                    "DATA"
                ],
                "sent_index": 0,
                "type": "object"
            }
        },
        {
            "id": 17,
            "contracted": 0,
            "meta": {
                "start": 84,
                "end": 103,
                "text": "network connections",
                "id": 17,
                "verbs": [
                    "about"
                ],
                "label": [
                    "NETWORK"
                ],
                "sent_index": 0,
                "type": "object"
            }
        },
        {
            "id": 21,
            "contracted": 0,
            "meta": {
                "start": 122,
                "end": 126,
                "text": "host",
                "id": 21,
                "verbs": [
                    "from"
                ],
                "label": [
                    "COMPONENT"
                ],
                "sent_index": 0,
                "type": "object"
            }
        }
    ],
    "graph_edges": [
        {
            "source": 1,
            "dest": 11,
            "index": 3,
            "verb": "in",
            "id": "1_11"
        },
        {
            "source": 1,
            "dest": 14,
            "index": 4,
            "verb": "gather",
            "id": "1_14"
        },
        {
            "source": 14,
            "dest": 17,
            "index": 5,
            "verb": "about",
            "id": "14_17"
        },
        {
            "source": 14,
            "dest": 21,
            "index": 6,
            "verb": "from",
            "id": "14_21"
        }
    ],
    "replacement_mapper": {
        "ENTITY0": {
            "text": "net use",
            "label": "FUNCTION"
        },
        "ENTITY1": {
            "text": "net session",
            "label": "FUNCTION"
        }
    },
    "sentences": [
        {
            "id": 0,
            "text": "Commands such as net use and net session can be used in Net to gather information about network connections from a particular host.",
            "svos": [
                {
                    "sub": {
                        "start": 0,
                        "end": 8,
                        "text": "Commands",
                        "id": 1,
                        "verbs": [
                            "use"
                        ],
                        "label": [
                            "FUNCTION"
                        ],
                        "sent_index": 0,
                        "type": "subject",
                        "texts": [
                            "Commands",
                            "net use",
                            "net session"
                        ]
                    },
                    "verb": {
                        "negation": false,
                        "text": "as",
                        "index": 2,
                        "flag": 1
                    },
                    "obj": {
                        "start": 17,
                        "end": 24,
                        "text": "net use",
                        "id": 4,
                        "verbs": [
                            "as"
                        ],
                        "label": [
                            "FUNCTION"
                        ],
                        "sent_index": 0,
                        "type": "object"
                    }
                },
                {
                    "sub": {
                        "start": 0,
                        "end": 8,
                        "text": "Commands",
                        "id": 1,
                        "verbs": [
                            "use"
                        ],
                        "label": [
                            "FUNCTION"
                        ],
                        "sent_index": 0,
                        "type": "subject"
                    },
                    "verb": {
                        "negation": false,
                        "text": "as",
                        "index": 2,
                        "flag": 1
                    },
                    "obj": {
                        "start": 29,
                        "end": 36,
                        "text": "net session",
                        "id": 6,
                        "verbs": [
                            "as"
                        ],
                        "label": [
                            "FUNCTION"
                        ],
                        "sent_index": 0,
                        "type": "object"
                    }
                },
                {
                    "sub": {
                        "text": "ANY",
                        "start": 0,
                        "end": 0,
                        "label": [
                            "ACTOR"
                        ],
                        "id": 0,
                        "sent_index": 0,
                        "type": "subject"
                    },
                    "verb": {
                        "negation": false,
                        "text": "use",
                        "index": 8,
                        "flag": 0
                    },
                    "obj": {
                        "start": 0,
                        "end": 8,
                        "text": "Commands",
                        "id": 1,
                        "verbs": [
                            "use"
                        ],
                        "label": [
                            "FUNCTION"
                        ],
                        "sent_index": 0,
                        "type": "object"
                    }
                },
                {
                    "sub": {
                        "start": 0,
                        "end": 8,
                        "text": "Commands",
                        "id": 1,
                        "verbs": [
                            "use"
                        ],
                        "label": [
                            "FUNCTION"
                        ],
                        "sent_index": 0,
                        "type": "subject"
                    },
                    "verb": {
                        "negation": false,
                        "text": "in",
                        "index": 9,
                        "flag": 0
                    },
                    "obj": {
                        "start": 52,
                        "end": 55,
                        "text": "Net",
                        "id": 11,
                        "label": [
                            "FUNCTION"
                        ],
                        "sent_index": 0,
                        "type": "object"
                    }
                },
                {
                    "sub": {
                        "start": 0,
                        "end": 8,
                        "text": "Commands",
                        "id": 1,
                        "verbs": [
                            "use"
                        ],
                        "label": [
                            "FUNCTION"
                        ],
                        "sent_index": 0,
                        "type": "subject"
                    },
                    "verb": {
                        "negation": false,
                        "text": "gather",
                        "index": 12,
                        "flag": 0
                    },
                    "obj": {
                        "start": 66,
                        "end": 77,
                        "text": "information",
                        "id": 14,
                        "verbs": [
                            "gather"
                        ],
                        "label": [
                            "DATA"
                        ],
                        "sent_index": 0,
                        "type": "object"
                    }
                },
                {
                    "sub": {
                        "start": 66,
                        "end": 77,
                        "text": "information",
                        "id": 14,
                        "verbs": [
                            "gather"
                        ],
                        "label": [
                            "DATA"
                        ],
                        "sent_index": 0,
                        "type": "subject"
                    },
                    "verb": {
                        "negation": false,
                        "text": "about",
                        "index": 14,
                        "flag": 0
                    },
                    "obj": {
                        "start": 84,
                        "end": 103,
                        "text": "network connections",
                        "id": 17,
                        "verbs": [
                            "about"
                        ],
                        "label": [
                            "NETWORK"
                        ],
                        "sent_index": 0,
                        "type": "object"
                    }
                },
                {
                    "sub": {
                        "start": 66,
                        "end": 77,
                        "text": "information",
                        "id": 14,
                        "verbs": [
                            "gather"
                        ],
                        "label": [
                            "DATA"
                        ],
                        "sent_index": 0,
                        "type": "subject"
                    },
                    "verb": {
                        "negation": false,
                        "text": "from",
                        "index": 17,
                        "flag": 0
                    },
                    "obj": {
                        "start": 122,
                        "end": 126,
                        "text": "host",
                        "id": 21,
                        "verbs": [
                            "from"
                        ],
                        "label": [
                            "COMPONENT"
                        ],
                        "sent_index": 0,
                        "type": "object"
                    }
                }
            ]
        }
    ],
    "id": "relationship--4c94f67d-6662-44ea-be75-ded8b2dbfa00",
    "tech_id": "T1049",
    "location": [],
    "special_id": "T1049"
}