{
    "text": "ZIRCONIUM targeted presidential campaign staffers with credential phishing e-mails.",
    "graph_nodes": [
        {
            "id": 1,
            "contracted": 0,
            "meta": {
                "start": 0,
                "end": 9,
                "text": "ZIRCONIUM",
                "id": 1,
                "label": [
                    "ACTOR"
                ],
                "sent_index": 0,
                "type": "subject"
            }
        },
        {
            "id": 5,
            "contracted": 0,
            "meta": {
                "start": 19,
                "end": 49,
                "text": "presidential campaign staffers",
                "id": 5,
                "verbs": [
                    "target"
                ],
                "label": [
                    "FUNCTION"
                ],
                "sent_index": 0,
                "type": "object"
            }
        },
        {
            "id": 9,
            "contracted": 0,
            "meta": {
                "start": 55,
                "end": 82,
                "text": "credential phishing e-mails",
                "id": 9,
                "verbs": [
                    "with"
                ],
                "label": [
                    "NETWORK"
                ],
                "sent_index": 0,
                "type": "object"
            }
        }
    ],
    "graph_edges": [
        {
            "source": 1,
            "dest": 5,
            "index": 0,
            "verb": "target",
            "id": "1_5"
        },
        {
            "source": 1,
            "dest": 9,
            "index": 2,
            "verb": "with",
            "id": "1_9"
        },
        {
            "source": 5,
            "dest": 9,
            "index": 1,
            "verb": "with",
            "id": "5_9"
        }
    ],
    "replacement_mapper": {},
    "sentences": [
        {
            "id": 0,
            "text": "ZIRCONIUM targeted presidential campaign staffers with credential phishing e-mails.",
            "svos": [
                {
                    "sub": {
                        "start": 0,
                        "end": 9,
                        "text": "ZIRCONIUM",
                        "id": 1,
                        "label": [
                            "ACTOR"
                        ],
                        "sent_index": 0,
                        "type": "subject"
                    },
                    "verb": {
                        "negation": false,
                        "text": "target",
                        "index": 1,
                        "flag": 0
                    },
                    "obj": {
                        "start": 19,
                        "end": 49,
                        "text": "presidential campaign staffers",
                        "id": 5,
                        "verbs": [
                            "target"
                        ],
                        "label": [
                            "FUNCTION"
                        ],
                        "sent_index": 0,
                        "type": "object"
                    }
                },
                {
                    "sub": {
                        "start": 19,
                        "end": 49,
                        "text": "presidential campaign staffers",
                        "id": 5,
                        "verbs": [
                            "target"
                        ],
                        "label": [
                            "FUNCTION"
                        ],
                        "sent_index": 0,
                        "type": "subject"
                    },
                    "verb": {
                        "negation": false,
                        "text": "with",
                        "index": 5,
                        "flag": 0
                    },
                    "obj": {
                        "start": 55,
                        "end": 82,
                        "text": "credential phishing e-mails",
                        "id": 9,
                        "verbs": [
                            "with"
                        ],
                        "label": [
                            "NETWORK"
                        ],
                        "sent_index": 0,
                        "type": "object"
                    }
                },
                {
                    "sub": {
                        "start": 0,
                        "end": 9,
                        "text": "ZIRCONIUM",
                        "id": 1,
                        "label": [
                            "ACTOR"
                        ],
                        "sent_index": 0,
                        "type": "subject"
                    },
                    "verb": {
                        "negation": false,
                        "text": "with",
                        "index": 5,
                        "flag": 0
                    },
                    "obj": {
                        "start": 55,
                        "end": 82,
                        "text": "credential phishing e-mails",
                        "id": 9,
                        "verbs": [
                            "with"
                        ],
                        "label": [
                            "NETWORK"
                        ],
                        "sent_index": 0,
                        "type": "object"
                    }
                }
            ]
        }
    ],
    "id": "relationship--1023acea-b162-406d-a40d-201fc005d5ad",
    "tech_id": "T1598",
    "location": [],
    "special_id": "T1598"
}