{
    "text": "After initial installation, Raindrop runs a computation to delay execution.",
    "graph_nodes": [
        {
            "id": 3,
            "contracted": 0,
            "meta": {
                "start": 6,
                "end": 26,
                "text": "initial installation",
                "id": 3,
                "verbs": [
                    "use"
                ],
                "label": [
                    "FUNCTION"
                ],
                "sent_index": 0,
                "type": "object"
            }
        },
        {
            "id": 5,
            "contracted": 0,
            "meta": {
                "start": 28,
                "end": 36,
                "text": "Raindrop",
                "id": 5,
                "label": [
                    "FUNCTION"
                ],
                "sent_index": 0,
                "type": "subject"
            }
        },
        {
            "id": 8,
            "contracted": 0,
            "meta": {
                "start": 44,
                "end": 55,
                "text": "computation",
                "id": 8,
                "verbs": [
                    "run"
                ],
                "label": [
                    "OTHER"
                ],
                "sent_index": 0,
                "type": "object"
            }
        },
        {
            "id": 10,
            "contracted": 0,
            "meta": {
                "text": "command",
                "start": 65,
                "end": 74,
                "id": 10,
                "verbs": [
                    "execute"
                ],
                "label": [
                    "FUNCTION"
                ],
                "sent_index": 0,
                "type": "object"
            }
        }
    ],
    "graph_edges": [
        {
            "source": 5,
            "dest": 3,
            "index": 1,
            "verb": "after",
            "id": "5_3"
        },
        {
            "source": 5,
            "dest": 8,
            "index": 2,
            "verb": "run",
            "id": "5_8"
        }
    ],
    "replacement_mapper": {},
    "sentences": [
        {
            "id": 0,
            "text": "After initial installation, Raindrop runs a computation to delay execution.",
            "svos": [
                {
                    "sub": {
                        "start": 28,
                        "end": 36,
                        "text": "Raindrop",
                        "id": 5,
                        "label": [
                            "FUNCTION"
                        ],
                        "sent_index": 0,
                        "type": "subject"
                    },
                    "verb": {
                        "negation": false,
                        "text": "use",
                        "index": -1,
                        "flag": 0
                    },
                    "obj": {
                        "start": 6,
                        "end": 26,
                        "text": "initial installation",
                        "id": 3,
                        "verbs": [
                            "use"
                        ],
                        "label": [
                            "FUNCTION"
                        ],
                        "sent_index": 0,
                        "type": "object"
                    }
                },
                {
                    "sub": {
                        "start": 28,
                        "end": 36,
                        "text": "Raindrop",
                        "id": 5,
                        "label": [
                            "FUNCTION"
                        ],
                        "sent_index": 0,
                        "type": "subject"
                    },
                    "verb": {
                        "negation": false,
                        "text": "after",
                        "index": 0,
                        "flag": 0
                    },
                    "obj": {
                        "start": 6,
                        "end": 26,
                        "text": "initial installation",
                        "id": 3,
                        "verbs": [
                            "after"
                        ],
                        "label": [
                            "FUNCTION"
                        ],
                        "sent_index": 0,
                        "type": "object"
                    }
                },
                {
                    "sub": {
                        "start": 28,
                        "end": 36,
                        "text": "Raindrop",
                        "id": 5,
                        "label": [
                            "FUNCTION"
                        ],
                        "sent_index": 0,
                        "type": "subject"
                    },
                    "verb": {
                        "negation": false,
                        "text": "run",
                        "index": 5,
                        "flag": 0
                    },
                    "obj": {
                        "start": 44,
                        "end": 55,
                        "text": "computation",
                        "id": 8,
                        "verbs": [
                            "run"
                        ],
                        "label": [
                            "OTHER"
                        ],
                        "sent_index": 0,
                        "type": "object"
                    }
                },
                {
                    "sub": {
                        "start": 28,
                        "end": 36,
                        "text": "Raindrop",
                        "id": 5,
                        "label": [
                            "FUNCTION"
                        ],
                        "sent_index": 0,
                        "type": "subject"
                    },
                    "verb": {
                        "negation": false,
                        "text": "delay",
                        "index": 9,
                        "flag": 0
                    },
                    "obj": {
                        "start": 65,
                        "end": 74,
                        "text": "execution",
                        "id": 11,
                        "verbs": [
                            "delay"
                        ],
                        "label": [
                            "FUNCTION"
                        ],
                        "sent_index": 0,
                        "type": "object"
                    }
                },
                {
                    "sub": {
                        "text": "ANY",
                        "start": 0,
                        "end": 0,
                        "label": [
                            "ACTOR"
                        ],
                        "id": 0,
                        "sent_index": 0,
                        "type": "subject"
                    },
                    "verb": {
                        "negation": false,
                        "text": "execute",
                        "index": 10,
                        "flag": 0
                    },
                    "obj": {
                        "text": "command",
                        "start": 65,
                        "end": 74,
                        "id": 10,
                        "verbs": [
                            "execute"
                        ],
                        "label": [
                            "FUNCTION"
                        ],
                        "sent_index": 0,
                        "type": "object"
                    }
                }
            ]
        }
    ],
    "id": "relationship--00701b4a-9eab-41cc-9c09-f904a9799201",
    "tech_id": "T1497.003",
    "location": [],
    "special_id": "T1497.003"
}