{
    "text": "APT29 has used multiple layers of encryption within malware to protect C2 communication.",
    "graph_nodes": [
        {
            "id": 1,
            "contracted": 0,
            "meta": {
                "start": 0,
                "end": 5,
                "text": "APT29",
                "id": 1,
                "label": [
                    "ACTOR"
                ],
                "sent_index": 0,
                "type": "subject"
            }
        },
        {
            "id": 5,
            "contracted": 0,
            "meta": {
                "start": 24,
                "end": 30,
                "text": "layers",
                "id": 5,
                "verbs": [
                    "use"
                ],
                "label": [
                    "OTHER"
                ],
                "sent_index": 0,
                "type": "object"
            }
        },
        {
            "id": 7,
            "contracted": 0,
            "meta": {
                "start": 34,
                "end": 44,
                "text": "encryption",
                "id": 7,
                "label": [
                    "ENCRYPTION"
                ],
                "sent_index": 0,
                "type": "object"
            }
        },
        {
            "id": 9,
            "contracted": 0,
            "meta": {
                "start": 52,
                "end": 59,
                "text": "malware",
                "id": 9,
                "verbs": [
                    "within"
                ],
                "label": [
                    "FUNCTION"
                ],
                "sent_index": 0,
                "type": "object"
            }
        },
        {
            "id": 13,
            "contracted": 0,
            "meta": {
                "start": 71,
                "end": 87,
                "text": "C2 communication",
                "id": 13,
                "verbs": [
                    "protect"
                ],
                "label": [
                    "NETWORK"
                ],
                "sent_index": 0,
                "type": "object"
            }
        }
    ],
    "graph_edges": [
        {
            "source": 1,
            "dest": 5,
            "index": 0,
            "verb": "use",
            "id": "1_5"
        },
        {
            "source": 1,
            "dest": 13,
            "index": 3,
            "verb": "protect",
            "id": "1_13"
        },
        {
            "source": 5,
            "dest": 7,
            "index": 1,
            "verb": "of",
            "id": "5_7"
        },
        {
            "source": 5,
            "dest": 9,
            "index": 2,
            "verb": "within",
            "id": "5_9"
        }
    ],
    "replacement_mapper": {},
    "sentences": [
        {
            "id": 0,
            "text": "APT29 has used multiple layers of encryption within malware to protect C2 communication.",
            "svos": [
                {
                    "sub": {
                        "start": 0,
                        "end": 5,
                        "text": "APT29",
                        "id": 1,
                        "label": [
                            "ACTOR"
                        ],
                        "sent_index": 0,
                        "type": "subject"
                    },
                    "verb": {
                        "negation": false,
                        "text": "use",
                        "index": 2,
                        "flag": 0
                    },
                    "obj": {
                        "start": 24,
                        "end": 30,
                        "text": "layers",
                        "id": 5,
                        "verbs": [
                            "use"
                        ],
                        "label": [
                            "OTHER"
                        ],
                        "sent_index": 0,
                        "type": "object"
                    }
                },
                {
                    "sub": {
                        "start": 24,
                        "end": 30,
                        "text": "layers",
                        "id": 5,
                        "verbs": [
                            "use"
                        ],
                        "label": [
                            "OTHER"
                        ],
                        "sent_index": 0,
                        "type": "subject"
                    },
                    "verb": {
                        "negation": false,
                        "text": "of",
                        "index": 5,
                        "flag": 0
                    },
                    "obj": {
                        "start": 34,
                        "end": 44,
                        "text": "encryption",
                        "id": 7,
                        "label": [
                            "ENCRYPTION"
                        ],
                        "sent_index": 0,
                        "type": "object"
                    }
                },
                {
                    "sub": {
                        "start": 24,
                        "end": 30,
                        "text": "layers",
                        "id": 5,
                        "verbs": [
                            "use"
                        ],
                        "label": [
                            "OTHER"
                        ],
                        "sent_index": 0,
                        "type": "subject"
                    },
                    "verb": {
                        "negation": false,
                        "text": "within",
                        "index": 7,
                        "flag": 0
                    },
                    "obj": {
                        "start": 52,
                        "end": 59,
                        "text": "malware",
                        "id": 9,
                        "verbs": [
                            "within"
                        ],
                        "label": [
                            "FUNCTION"
                        ],
                        "sent_index": 0,
                        "type": "object"
                    }
                },
                {
                    "sub": {
                        "start": 0,
                        "end": 5,
                        "text": "APT29",
                        "id": 1,
                        "label": [
                            "ACTOR"
                        ],
                        "sent_index": 0,
                        "type": "subject"
                    },
                    "verb": {
                        "negation": false,
                        "text": "protect",
                        "index": 10,
                        "flag": 0
                    },
                    "obj": {
                        "start": 71,
                        "end": 87,
                        "text": "C2 communication",
                        "id": 13,
                        "verbs": [
                            "protect"
                        ],
                        "label": [
                            "NETWORK"
                        ],
                        "sent_index": 0,
                        "type": "object"
                    }
                }
            ]
        }
    ],
    "id": "relationship--a8981fca-0584-4e9e-8f92-83843e1e4462",
    "tech_id": "T1573",
    "location": [],
    "special_id": "T1573"
}