{
    "text": "Earth Lusca has sent spearphishing emails that required the user to click a malicious link and subsequently open a decoy document with a malicious loader.",
    "graph_nodes": [
        {
            "id": 2,
            "contracted": 0,
            "meta": {
                "start": 0,
                "end": 11,
                "text": "Earth Lusca",
                "id": 2,
                "label": [
                    "ACTOR"
                ],
                "sent_index": 0,
                "type": "subject"
            }
        },
        {
            "id": 6,
            "contracted": 0,
            "meta": {
                "start": 21,
                "end": 41,
                "text": "spearphishing emails",
                "id": 6,
                "verbs": [
                    "send"
                ],
                "label": [
                    "NETWORK"
                ],
                "sent_index": 0,
                "type": "object"
            }
        },
        {
            "id": 10,
            "contracted": 0,
            "meta": {
                "start": 60,
                "end": 64,
                "text": "user",
                "id": 10,
                "verbs": [
                    "require"
                ],
                "label": [
                    "USER"
                ],
                "sent_index": 0,
                "type": "object"
            }
        },
        {
            "id": 15,
            "contracted": 0,
            "meta": {
                "start": 86,
                "end": 90,
                "text": "link",
                "id": 15,
                "verbs": [
                    "click"
                ],
                "label": [
                    "NETWORK"
                ],
                "sent_index": 0,
                "type": "object"
            }
        },
        {
            "id": 21,
            "contracted": 0,
            "meta": {
                "start": 115,
                "end": 129,
                "text": "decoy document",
                "id": 21,
                "verbs": [
                    "open"
                ],
                "label": [
                    "DATA"
                ],
                "sent_index": 0,
                "type": "object"
            }
        },
        {
            "id": 25,
            "contracted": 0,
            "meta": {
                "start": 147,
                "end": 153,
                "text": "loader",
                "id": 25,
                "verbs": [
                    "with"
                ],
                "label": [
                    "FUNCTION"
                ],
                "sent_index": 0,
                "type": "object"
            }
        }
    ],
    "graph_edges": [
        {
            "source": 2,
            "dest": 6,
            "index": 0,
            "verb": "send",
            "id": "2_6"
        },
        {
            "source": 6,
            "dest": 10,
            "index": 1,
            "verb": "require",
            "id": "6_10"
        },
        {
            "source": 6,
            "dest": 15,
            "index": 3,
            "verb": "click",
            "id": "6_15"
        },
        {
            "source": 6,
            "dest": 21,
            "index": 4,
            "verb": "open",
            "id": "6_21"
        },
        {
            "source": 10,
            "dest": 15,
            "index": 2,
            "verb": "click",
            "id": "10_15"
        },
        {
            "source": 21,
            "dest": 25,
            "index": 5,
            "verb": "with",
            "id": "21_25"
        }
    ],
    "replacement_mapper": {},
    "sentences": [
        {
            "id": 0,
            "text": "Earth Lusca has sent spearphishing emails that required the user to click a malicious link and subsequently open a decoy document with a malicious loader.",
            "svos": [
                {
                    "sub": {
                        "start": 0,
                        "end": 11,
                        "text": "Earth Lusca",
                        "id": 2,
                        "label": [
                            "ACTOR"
                        ],
                        "sent_index": 0,
                        "type": "subject"
                    },
                    "verb": {
                        "negation": false,
                        "text": "send",
                        "index": 3,
                        "flag": 0
                    },
                    "obj": {
                        "start": 21,
                        "end": 41,
                        "text": "spearphishing emails",
                        "id": 6,
                        "verbs": [
                            "send"
                        ],
                        "label": [
                            "NETWORK"
                        ],
                        "sent_index": 0,
                        "type": "object"
                    }
                },
                {
                    "sub": {
                        "start": 21,
                        "end": 41,
                        "text": "spearphishing emails",
                        "id": 6,
                        "verbs": [
                            "send"
                        ],
                        "label": [
                            "NETWORK"
                        ],
                        "sent_index": 0,
                        "type": "subject"
                    },
                    "verb": {
                        "negation": false,
                        "text": "require",
                        "index": 7,
                        "flag": 0
                    },
                    "obj": {
                        "start": 60,
                        "end": 64,
                        "text": "user",
                        "id": 10,
                        "verbs": [
                            "require"
                        ],
                        "label": [
                            "USER"
                        ],
                        "sent_index": 0,
                        "type": "object"
                    }
                },
                {
                    "sub": {
                        "start": 60,
                        "end": 64,
                        "text": "user",
                        "id": 10,
                        "verbs": [
                            "require"
                        ],
                        "label": [
                            "USER"
                        ],
                        "sent_index": 0,
                        "type": "subject"
                    },
                    "verb": {
                        "negation": false,
                        "text": "click",
                        "index": 11,
                        "flag": 0
                    },
                    "obj": {
                        "start": 86,
                        "end": 90,
                        "text": "link",
                        "id": 15,
                        "verbs": [
                            "click"
                        ],
                        "label": [
                            "NETWORK"
                        ],
                        "sent_index": 0,
                        "type": "object"
                    }
                },
                {
                    "sub": {
                        "start": 21,
                        "end": 41,
                        "text": "spearphishing emails",
                        "id": 6,
                        "verbs": [
                            "send"
                        ],
                        "label": [
                            "NETWORK"
                        ],
                        "sent_index": 0,
                        "type": "subject"
                    },
                    "verb": {
                        "negation": false,
                        "text": "click",
                        "index": 11,
                        "flag": 0
                    },
                    "obj": {
                        "start": 86,
                        "end": 90,
                        "text": "link",
                        "id": 15,
                        "verbs": [
                            "click"
                        ],
                        "label": [
                            "NETWORK"
                        ],
                        "sent_index": 0,
                        "type": "object"
                    }
                },
                {
                    "sub": {
                        "start": 21,
                        "end": 41,
                        "text": "spearphishing emails",
                        "id": 6,
                        "verbs": [
                            "send"
                        ],
                        "label": [
                            "NETWORK"
                        ],
                        "sent_index": 0,
                        "type": "subject"
                    },
                    "verb": {
                        "negation": false,
                        "text": "open",
                        "index": 17,
                        "flag": 0
                    },
                    "obj": {
                        "start": 115,
                        "end": 129,
                        "text": "decoy document",
                        "id": 21,
                        "verbs": [
                            "open"
                        ],
                        "label": [
                            "DATA"
                        ],
                        "sent_index": 0,
                        "type": "object"
                    }
                },
                {
                    "sub": {
                        "start": 115,
                        "end": 129,
                        "text": "decoy document",
                        "id": 21,
                        "verbs": [
                            "open"
                        ],
                        "label": [
                            "DATA"
                        ],
                        "sent_index": 0,
                        "type": "subject"
                    },
                    "verb": {
                        "negation": false,
                        "text": "with",
                        "index": 21,
                        "flag": 0
                    },
                    "obj": {
                        "start": 147,
                        "end": 153,
                        "text": "loader",
                        "id": 25,
                        "verbs": [
                            "with"
                        ],
                        "label": [
                            "FUNCTION"
                        ],
                        "sent_index": 0,
                        "type": "object"
                    }
                }
            ]
        }
    ],
    "id": "relationship--fff3195c-ef40-4e11-b0f3-f1a849b2b316",
    "tech_id": "T1204.001",
    "location": [],
    "special_id": "T1204.001"
}