{
    "text": "Fox Kitten has downloaded additional tools including PsExec directly to endpoints.",
    "graph_nodes": [
        {
            "id": 2,
            "contracted": 0,
            "meta": {
                "start": 0,
                "end": 10,
                "text": "Fox Kitten",
                "id": 2,
                "label": [
                    "ACTOR"
                ],
                "sent_index": 0,
                "type": "subject"
            }
        },
        {
            "id": 6,
            "contracted": 0,
            "meta": {
                "start": 37,
                "end": 42,
                "text": "tools",
                "id": 6,
                "verbs": [
                    "download"
                ],
                "label": [
                    "FUNCTION"
                ],
                "sent_index": 0,
                "type": "object"
            }
        },
        {
            "id": 11,
            "contracted": 0,
            "meta": {
                "start": 72,
                "end": 81,
                "text": "endpoints",
                "id": 11,
                "verbs": [
                    "to"
                ],
                "label": [
                    "NETWORK"
                ],
                "sent_index": 0,
                "type": "object"
            }
        }
    ],
    "graph_edges": [
        {
            "source": 2,
            "dest": 6,
            "index": 0,
            "verb": "download",
            "id": "2_6"
        },
        {
            "source": 2,
            "dest": 11,
            "index": 2,
            "verb": "to",
            "id": "2_11"
        },
        {
            "source": 6,
            "dest": 11,
            "index": 1,
            "verb": "to",
            "id": "6_11"
        }
    ],
    "replacement_mapper": {},
    "sentences": [
        {
            "id": 0,
            "text": "Fox Kitten has downloaded additional tools including PsExec directly to endpoints.",
            "svos": [
                {
                    "sub": {
                        "start": 0,
                        "end": 10,
                        "text": "Fox Kitten",
                        "id": 2,
                        "label": [
                            "ACTOR"
                        ],
                        "sent_index": 0,
                        "type": "subject"
                    },
                    "verb": {
                        "negation": false,
                        "text": "download",
                        "index": 3,
                        "flag": 0
                    },
                    "obj": {
                        "start": 37,
                        "end": 42,
                        "text": "tools",
                        "id": 6,
                        "verbs": [
                            "download"
                        ],
                        "label": [
                            "FUNCTION"
                        ],
                        "sent_index": 0,
                        "type": "object"
                    }
                },
                {
                    "sub": {
                        "start": 37,
                        "end": 42,
                        "text": "tools",
                        "id": 6,
                        "verbs": [
                            "download"
                        ],
                        "label": [
                            "FUNCTION"
                        ],
                        "sent_index": 0,
                        "type": "subject"
                    },
                    "verb": {
                        "negation": false,
                        "text": "to",
                        "index": 9,
                        "flag": 0
                    },
                    "obj": {
                        "start": 72,
                        "end": 81,
                        "text": "endpoints",
                        "id": 11,
                        "verbs": [
                            "to"
                        ],
                        "label": [
                            "NETWORK"
                        ],
                        "sent_index": 0,
                        "type": "object"
                    }
                },
                {
                    "sub": {
                        "start": 0,
                        "end": 10,
                        "text": "Fox Kitten",
                        "id": 2,
                        "label": [
                            "ACTOR"
                        ],
                        "sent_index": 0,
                        "type": "subject"
                    },
                    "verb": {
                        "negation": false,
                        "text": "to",
                        "index": 9,
                        "flag": 0
                    },
                    "obj": {
                        "start": 72,
                        "end": 81,
                        "text": "endpoints",
                        "id": 11,
                        "verbs": [
                            "to"
                        ],
                        "label": [
                            "NETWORK"
                        ],
                        "sent_index": 0,
                        "type": "object"
                    }
                }
            ]
        }
    ],
    "id": "relationship--00de3cf9-73c4-4b04-a074-a5d73e9b61de",
    "tech_id": "T1105",
    "location": [],
    "special_id": "T1105"
}