{
    "text": "SUNSPOT decrypts SUNBURST, which was stored in AES128-CBC encrypted blobs.",
    "graph_nodes": [
        {
            "id": 1,
            "contracted": 0,
            "meta": {
                "start": 0,
                "end": 7,
                "text": "SUNSPOT",
                "id": 1,
                "label": [
                    "ACTOR"
                ],
                "sent_index": 0,
                "type": "subject",
                "sub_label": [
                    "MALWARE"
                ]
            }
        },
        {
            "id": 3,
            "contracted": 0,
            "meta": {
                "start": 17,
                "end": 25,
                "text": "SUNBURST",
                "id": 3,
                "verbs": [
                    "decrypt"
                ],
                "label": [
                    "FUNCTION"
                ],
                "sent_index": 0,
                "type": "object"
            }
        },
        {
            "id": 5,
            "contracted": 0,
            "meta": {
                "start": 27,
                "end": 32,
                "text": "which",
                "id": 5,
                "verbs": [
                    "store"
                ],
                "label": [
                    "OTHER"
                ],
                "sent_index": 0,
                "type": "object"
            }
        },
        {
            "id": 11,
            "contracted": 0,
            "meta": {
                "start": 47,
                "end": 73,
                "text": "AES128-CBC encrypted blobs",
                "id": 11,
                "label": [
                    "DATA"
                ],
                "sent_index": 0,
                "type": "object"
            }
        }
    ],
    "graph_edges": [
        {
            "source": 1,
            "dest": 3,
            "index": 0,
            "verb": "decrypt",
            "id": "1_3"
        },
        {
            "source": 5,
            "dest": 11,
            "index": 2,
            "verb": "in",
            "id": "5_11"
        }
    ],
    "replacement_mapper": {},
    "sentences": [
        {
            "id": 0,
            "text": "SUNSPOT decrypts SUNBURST, which was stored in AES128-CBC encrypted blobs.",
            "svos": [
                {
                    "sub": {
                        "start": 0,
                        "end": 7,
                        "text": "SUNSPOT",
                        "id": 1,
                        "label": [
                            "ACTOR"
                        ],
                        "sent_index": 0,
                        "type": "subject",
                        "sub_label": [
                            "MALWARE"
                        ]
                    },
                    "verb": {
                        "negation": false,
                        "text": "decrypt",
                        "index": 1,
                        "flag": 0
                    },
                    "obj": {
                        "start": 17,
                        "end": 25,
                        "text": "SUNBURST",
                        "id": 3,
                        "verbs": [
                            "decrypt"
                        ],
                        "label": [
                            "FUNCTION"
                        ],
                        "sent_index": 0,
                        "type": "object"
                    }
                },
                {
                    "sub": {
                        "text": "ANY",
                        "start": 0,
                        "end": 0,
                        "label": [
                            "ACTOR"
                        ],
                        "id": 0,
                        "sent_index": 0,
                        "type": "subject"
                    },
                    "verb": {
                        "negation": false,
                        "text": "store",
                        "index": 6,
                        "flag": 0
                    },
                    "obj": {
                        "start": 27,
                        "end": 32,
                        "text": "which",
                        "id": 5,
                        "verbs": [
                            "store"
                        ],
                        "label": [
                            "OTHER"
                        ],
                        "sent_index": 0,
                        "type": "object"
                    }
                },
                {
                    "sub": {
                        "start": 27,
                        "end": 32,
                        "text": "which",
                        "id": 5,
                        "verbs": [
                            "store"
                        ],
                        "label": [
                            "OTHER"
                        ],
                        "sent_index": 0,
                        "type": "subject"
                    },
                    "verb": {
                        "negation": false,
                        "text": "in",
                        "index": 7,
                        "flag": 0
                    },
                    "obj": {
                        "start": 47,
                        "end": 73,
                        "text": "AES128-CBC encrypted blobs",
                        "id": 11,
                        "label": [
                            "DATA"
                        ],
                        "sent_index": 0,
                        "type": "object"
                    }
                }
            ]
        }
    ],
    "id": "relationship--b8333924-1556-4c3f-b60f-105984e1f715",
    "tech_id": "T1140",
    "location": [],
    "special_id": "T1140"
}