{
    "text": "Ixeshe enumerates the IP address, network proxy settings, and domain name from a victim's system.",
    "graph_nodes": [
        {
            "id": 1,
            "contracted": 0,
            "meta": {
                "start": 0,
                "end": 6,
                "text": "Ixeshe",
                "id": 1,
                "label": [
                    "ACTOR"
                ],
                "sent_index": 0,
                "type": "subject",
                "sub_label": [
                    "MALWARE"
                ]
            }
        },
        {
            "id": 5,
            "contracted": 0,
            "meta": {
                "start": 22,
                "end": 32,
                "text": "IP address",
                "id": 5,
                "verbs": [
                    "enumerate"
                ],
                "label": [
                    "NETWORK",
                    "DATA"
                ],
                "sent_index": 0,
                "type": "object",
                "texts": [
                    "network proxy settings",
                    "domain name",
                    "IP address"
                ]
            }
        },
        {
            "id": 16,
            "contracted": 0,
            "meta": {
                "text": "victim",
                "start": 81,
                "end": 87,
                "id": 16,
                "label": [
                    "USER"
                ],
                "sent_index": 0,
                "type": "object"
            }
        },
        {
            "id": 18,
            "contracted": 0,
            "meta": {
                "start": 90,
                "end": 96,
                "text": "system",
                "id": 18,
                "verbs": [
                    "from"
                ],
                "label": [
                    "COMPONENT"
                ],
                "sent_index": 0,
                "type": "object"
            }
        }
    ],
    "graph_edges": [
        {
            "source": 1,
            "dest": 5,
            "index": 0,
            "verb": "enumerate",
            "id": "1_5"
        },
        {
            "source": 5,
            "dest": 18,
            "index": 3,
            "verb": "from",
            "id": "5_18"
        },
        {
            "source": 18,
            "dest": 16,
            "index": 4,
            "verb": "of",
            "id": "18_16"
        }
    ],
    "replacement_mapper": {},
    "sentences": [
        {
            "id": 0,
            "text": "Ixeshe enumerates the IP address, network proxy settings, and domain name from a victim's system.",
            "svos": [
                {
                    "sub": {
                        "start": 0,
                        "end": 6,
                        "text": "Ixeshe",
                        "id": 1,
                        "label": [
                            "ACTOR"
                        ],
                        "sent_index": 0,
                        "type": "subject",
                        "sub_label": [
                            "MALWARE"
                        ]
                    },
                    "verb": {
                        "negation": false,
                        "text": "enumerate",
                        "index": 1,
                        "flag": 0
                    },
                    "obj": {
                        "start": 22,
                        "end": 32,
                        "text": "IP address",
                        "id": 5,
                        "verbs": [
                            "enumerate"
                        ],
                        "label": [
                            "NETWORK",
                            "DATA"
                        ],
                        "sent_index": 0,
                        "type": "object",
                        "texts": [
                            "network proxy settings",
                            "domain name",
                            "IP address"
                        ]
                    }
                },
                {
                    "sub": {
                        "start": 0,
                        "end": 6,
                        "text": "Ixeshe",
                        "id": 1,
                        "label": [
                            "FUNCTION"
                        ],
                        "sent_index": 0,
                        "type": "subject"
                    },
                    "verb": {
                        "negation": false,
                        "text": "enumerate",
                        "index": 1,
                        "flag": 0
                    },
                    "obj": {
                        "start": 34,
                        "end": 56,
                        "text": "network proxy settings",
                        "id": 9,
                        "verbs": [
                            "enumerate"
                        ],
                        "label": [
                            "DATA"
                        ],
                        "sent_index": 0,
                        "type": "object",
                        "texts": [
                            "network proxy settings",
                            "domain name"
                        ]
                    }
                },
                {
                    "sub": {
                        "start": 0,
                        "end": 6,
                        "text": "Ixeshe",
                        "id": 1,
                        "label": [
                            "FUNCTION"
                        ],
                        "sent_index": 0,
                        "type": "subject"
                    },
                    "verb": {
                        "negation": false,
                        "text": "enumerate",
                        "index": 1,
                        "flag": 0
                    },
                    "obj": {
                        "start": 62,
                        "end": 73,
                        "text": "domain name",
                        "id": 13,
                        "verbs": [
                            "enumerate"
                        ],
                        "label": [
                            "DATA"
                        ],
                        "sent_index": 0,
                        "type": "object"
                    }
                },
                {
                    "sub": {
                        "start": 22,
                        "end": 32,
                        "text": "IP address",
                        "id": 5,
                        "verbs": [
                            "enumerate",
                            "enumerate",
                            "enumerate"
                        ],
                        "label": [
                            "NETWORK"
                        ],
                        "sent_index": 0,
                        "type": "subject"
                    },
                    "verb": {
                        "negation": false,
                        "text": "from",
                        "index": 13,
                        "flag": 0
                    },
                    "obj": {
                        "start": 90,
                        "end": 96,
                        "text": "system",
                        "id": 18,
                        "verbs": [
                            "from"
                        ],
                        "label": [
                            "COMPONENT"
                        ],
                        "sent_index": 0,
                        "type": "object"
                    }
                },
                {
                    "sub": {
                        "start": 90,
                        "end": 96,
                        "text": "system",
                        "id": 18,
                        "verbs": [
                            "from"
                        ],
                        "label": [
                            "COMPONENT"
                        ],
                        "sent_index": 0,
                        "type": "subject"
                    },
                    "verb": {
                        "negation": false,
                        "text": "of",
                        "index": 17,
                        "flag": 0
                    },
                    "obj": {
                        "text": "victim",
                        "start": 81,
                        "end": 87,
                        "id": 16,
                        "label": [
                            "USER"
                        ],
                        "sent_index": 0,
                        "type": "object"
                    }
                }
            ]
        }
    ],
    "id": "relationship--69195872-b722-4b65-b8fd-27bab7bf4d32",
    "tech_id": "T1016",
    "location": [],
    "special_id": "T1016"
}