{
    "text": "APT1 can use credential dumping using Mimikatz.",
    "graph_nodes": [
        {
            "id": 1,
            "contracted": 0,
            "meta": {
                "start": 0,
                "end": 4,
                "text": "APT1",
                "id": 1,
                "label": [
                    "ACTOR"
                ],
                "sent_index": 0,
                "type": "subject"
            }
        },
        {
            "id": 5,
            "contracted": 0,
            "meta": {
                "start": 13,
                "end": 31,
                "text": "credential dumping",
                "id": 5,
                "verbs": [
                    "use"
                ],
                "label": [
                    "FUNCTION"
                ],
                "sent_index": 0,
                "type": "object"
            }
        },
        {
            "id": 7,
            "contracted": 0,
            "meta": {
                "start": 38,
                "end": 46,
                "text": "Mimikatz",
                "id": 7,
                "verbs": [
                    "use"
                ],
                "label": [
                    "FUNCTION"
                ],
                "sent_index": 0,
                "type": "object"
            }
        }
    ],
    "graph_edges": [
        {
            "source": 1,
            "dest": 5,
            "index": 0,
            "verb": "use",
            "id": "1_5"
        },
        {
            "source": 1,
            "dest": 7,
            "index": 1,
            "verb": "use",
            "id": "1_7"
        }
    ],
    "replacement_mapper": {},
    "sentences": [
        {
            "id": 0,
            "text": "APT1 can use credential dumping using Mimikatz.",
            "svos": [
                {
                    "sub": {
                        "start": 0,
                        "end": 4,
                        "text": "APT1",
                        "id": 1,
                        "label": [
                            "ACTOR"
                        ],
                        "sent_index": 0,
                        "type": "subject"
                    },
                    "verb": {
                        "negation": false,
                        "text": "use",
                        "index": 2,
                        "flag": 0
                    },
                    "obj": {
                        "start": 13,
                        "end": 31,
                        "text": "credential dumping",
                        "id": 5,
                        "verbs": [
                            "use"
                        ],
                        "label": [
                            "FUNCTION"
                        ],
                        "sent_index": 0,
                        "type": "object"
                    }
                },
                {
                    "sub": {
                        "start": 0,
                        "end": 4,
                        "text": "APT1",
                        "id": 1,
                        "label": [
                            "ACTOR"
                        ],
                        "sent_index": 0,
                        "type": "subject"
                    },
                    "verb": {
                        "negation": false,
                        "text": "use",
                        "index": 5,
                        "flag": 0
                    },
                    "obj": {
                        "start": 38,
                        "end": 46,
                        "text": "Mimikatz",
                        "id": 7,
                        "verbs": [
                            "use"
                        ],
                        "label": [
                            "FUNCTION"
                        ],
                        "sent_index": 0,
                        "type": "object"
                    }
                }
            ]
        }
    ],
    "id": "relationship--28b27852-4125-4639-a07b-0b97dfdb650a",
    "tech_id": "T1003.001",
    "location": [],
    "special_id": "T1003.001"
}