{
    "text": "jRAT has been distributed as HTA files with VBScript.",
    "graph_nodes": [
        {
            "id": 1,
            "contracted": 0,
            "meta": {
                "start": 0,
                "end": 4,
                "text": "jRAT",
                "id": 1,
                "verbs": [
                    "distribute"
                ],
                "label": [
                    "ACTOR"
                ],
                "sent_index": 0,
                "type": "object",
                "sub_label": [
                    "MALWARE"
                ]
            }
        },
        {
            "id": 7,
            "contracted": 0,
            "meta": {
                "start": 29,
                "end": 38,
                "text": "HTA files",
                "id": 7,
                "verbs": [
                    "as"
                ],
                "label": [
                    "FUNCTION"
                ],
                "sent_index": 0,
                "type": "object"
            }
        },
        {
            "id": 9,
            "contracted": 0,
            "meta": {
                "start": 44,
                "end": 52,
                "text": "VBScript",
                "id": 9,
                "verbs": [
                    "with"
                ],
                "label": [
                    "FUNCTION"
                ],
                "sent_index": 0,
                "type": "object"
            }
        }
    ],
    "graph_edges": [
        {
            "source": 1,
            "dest": 7,
            "index": 1,
            "verb": "as",
            "id": "1_7"
        },
        {
            "source": 7,
            "dest": 9,
            "index": 2,
            "verb": "with",
            "id": "7_9"
        }
    ],
    "replacement_mapper": {},
    "sentences": [
        {
            "id": 0,
            "text": "jRAT has been distributed as HTA files with VBScript.",
            "svos": [
                {
                    "sub": {
                        "text": "ANY",
                        "start": 0,
                        "end": 0,
                        "label": [
                            "ACTOR"
                        ],
                        "id": 0,
                        "sent_index": 0,
                        "type": "subject"
                    },
                    "verb": {
                        "negation": false,
                        "text": "distribute",
                        "index": 3,
                        "flag": 0
                    },
                    "obj": {
                        "start": 0,
                        "end": 4,
                        "text": "jRAT",
                        "id": 1,
                        "verbs": [
                            "distribute"
                        ],
                        "label": [
                            "ACTOR"
                        ],
                        "sent_index": 0,
                        "type": "object",
                        "sub_label": [
                            "MALWARE"
                        ]
                    }
                },
                {
                    "sub": {
                        "start": 0,
                        "end": 4,
                        "text": "jRAT",
                        "id": 1,
                        "verbs": [
                            "distribute"
                        ],
                        "label": [
                            "FUNCTION"
                        ],
                        "sent_index": 0,
                        "type": "subject"
                    },
                    "verb": {
                        "negation": false,
                        "text": "as",
                        "index": 4,
                        "flag": 0
                    },
                    "obj": {
                        "start": 29,
                        "end": 38,
                        "text": "HTA files",
                        "id": 7,
                        "verbs": [
                            "as"
                        ],
                        "label": [
                            "FUNCTION"
                        ],
                        "sent_index": 0,
                        "type": "object"
                    }
                },
                {
                    "sub": {
                        "start": 29,
                        "end": 38,
                        "text": "HTA files",
                        "id": 7,
                        "verbs": [
                            "as"
                        ],
                        "label": [
                            "FUNCTION"
                        ],
                        "sent_index": 0,
                        "type": "subject"
                    },
                    "verb": {
                        "negation": false,
                        "text": "with",
                        "index": 7,
                        "flag": 0
                    },
                    "obj": {
                        "start": 44,
                        "end": 52,
                        "text": "VBScript",
                        "id": 9,
                        "verbs": [
                            "with"
                        ],
                        "label": [
                            "FUNCTION"
                        ],
                        "sent_index": 0,
                        "type": "object"
                    }
                }
            ]
        }
    ],
    "id": "relationship--149f62ba-b5c1-4dcb-b677-a45b72cf5d7b",
    "tech_id": "T1059.005",
    "location": [],
    "special_id": "T1059.005"
}