{
    "text": "Most of the strings in ADVSTORESHELL are encrypted with an XOR-based algorithm; some strings are also encrypted with 3DES and reversed. API function names are also reversed, presumably to avoid detection in memory.",
    "graph_nodes": [
        {
            "id": 1,
            "contracted": 0,
            "meta": {
                "text": "Most",
                "start": 0,
                "end": 4,
                "id": 1,
                "verbs": [
                    "encrypt"
                ],
                "label": [
                    "OTHER"
                ],
                "sent_index": 0,
                "type": "object"
            }
        },
        {
            "id": 4,
            "contracted": 0,
            "meta": {
                "start": 12,
                "end": 19,
                "text": "strings",
                "id": 4,
                "label": [
                    "DATA"
                ],
                "sent_index": 0,
                "type": "subject"
            }
        },
        {
            "id": 6,
            "contracted": 0,
            "meta": {
                "start": 23,
                "end": 36,
                "text": "ADVSTORESHELL",
                "id": 6,
                "label": [
                    "FUNCTION"
                ],
                "sent_index": 0,
                "type": "object"
            }
        },
        {
            "id": 12,
            "contracted": 0,
            "meta": {
                "start": 59,
                "end": 78,
                "text": "XOR-based algorithm",
                "id": 12,
                "verbs": [
                    "with"
                ],
                "label": [
                    "FUNCTION"
                ],
                "sent_index": 0,
                "type": "object"
            }
        },
        {
            "id": 15,
            "contracted": 0,
            "meta": {
                "start": 85,
                "end": 92,
                "text": "strings",
                "id": 15,
                "verbs": [
                    "encrypt"
                ],
                "label": [
                    "DATA"
                ],
                "sent_index": 0,
                "type": "object"
            }
        },
        {
            "id": 20,
            "contracted": 0,
            "meta": {
                "start": 117,
                "end": 121,
                "text": "3DES",
                "id": 20,
                "verbs": [
                    "with"
                ],
                "label": [
                    "ENCRYPTION"
                ],
                "sent_index": 0,
                "type": "object"
            }
        },
        {
            "id": 1003,
            "contracted": 0,
            "meta": {
                "start": 0,
                "end": 18,
                "text": "API function names",
                "id": 3,
                "verbs": [
                    "reverse"
                ],
                "label": [
                    "DATA"
                ],
                "sent_index": 1,
                "type": "object"
            }
        },
        {
            "id": 1011,
            "contracted": 0,
            "meta": {
                "start": 58,
                "end": 67,
                "text": "detection",
                "id": 11,
                "verbs": [
                    "avoid"
                ],
                "label": [
                    "FUNCTION"
                ],
                "sent_index": 1,
                "type": "object"
            }
        },
        {
            "id": 1013,
            "contracted": 0,
            "meta": {
                "start": 71,
                "end": 77,
                "text": "memory",
                "id": 13,
                "label": [
                    "DATA"
                ],
                "sent_index": 1,
                "type": "object"
            }
        }
    ],
    "graph_edges": [
        {
            "source": 4,
            "dest": 6,
            "index": 0,
            "verb": "in",
            "id": "4_6"
        },
        {
            "source": 1,
            "dest": 12,
            "index": 2,
            "verb": "with",
            "id": "1_12"
        },
        {
            "source": 15,
            "dest": 20,
            "index": 4,
            "verb": "with",
            "id": "15_20"
        },
        {
            "source": 1003,
            "dest": 1011,
            "index": 6,
            "verb": "avoid",
            "id": "1003_1011"
        },
        {
            "source": 1011,
            "dest": 1013,
            "index": 7,
            "verb": "in",
            "id": "1011_1013"
        }
    ],
    "replacement_mapper": {},
    "sentences": [
        {
            "id": 0,
            "text": "Most of the strings in ADVSTORESHELL are encrypted with an XOR-based algorithm; some strings are also encrypted with 3DES and reversed.",
            "svos": [
                {
                    "sub": {
                        "start": 12,
                        "end": 19,
                        "text": "strings",
                        "id": 4,
                        "label": [
                            "DATA"
                        ],
                        "sent_index": 0,
                        "type": "subject"
                    },
                    "verb": {
                        "negation": false,
                        "text": "in",
                        "index": 4,
                        "flag": 0
                    },
                    "obj": {
                        "start": 23,
                        "end": 36,
                        "text": "ADVSTORESHELL",
                        "id": 6,
                        "label": [
                            "FUNCTION"
                        ],
                        "sent_index": 0,
                        "type": "object"
                    }
                },
                {
                    "sub": {
                        "text": "ANY",
                        "start": 0,
                        "end": 0,
                        "label": [
                            "ACTOR"
                        ],
                        "id": 0,
                        "sent_index": 0,
                        "type": "subject"
                    },
                    "verb": {
                        "negation": false,
                        "text": "encrypt",
                        "index": 7,
                        "flag": 0
                    },
                    "obj": {
                        "text": "Most",
                        "start": 0,
                        "end": 4,
                        "id": 1,
                        "verbs": [
                            "encrypt"
                        ],
                        "label": [
                            "OTHER"
                        ],
                        "sent_index": 0,
                        "type": "object"
                    }
                },
                {
                    "sub": {
                        "text": "Most",
                        "start": 0,
                        "end": 4,
                        "id": 1,
                        "verbs": [
                            "encrypt"
                        ],
                        "label": [
                            "OTHER"
                        ],
                        "sent_index": 0,
                        "type": "subject"
                    },
                    "verb": {
                        "negation": false,
                        "text": "with",
                        "index": 8,
                        "flag": 0
                    },
                    "obj": {
                        "start": 59,
                        "end": 78,
                        "text": "XOR-based algorithm",
                        "id": 12,
                        "verbs": [
                            "with"
                        ],
                        "label": [
                            "FUNCTION"
                        ],
                        "sent_index": 0,
                        "type": "object"
                    }
                },
                {
                    "sub": {
                        "text": "ANY",
                        "start": 0,
                        "end": 0,
                        "label": [
                            "ACTOR"
                        ],
                        "id": 0,
                        "sent_index": 0,
                        "type": "subject"
                    },
                    "verb": {
                        "negation": false,
                        "text": "encrypt",
                        "index": 17,
                        "flag": 0
                    },
                    "obj": {
                        "start": 85,
                        "end": 92,
                        "text": "strings",
                        "id": 15,
                        "verbs": [
                            "encrypt"
                        ],
                        "label": [
                            "DATA"
                        ],
                        "sent_index": 0,
                        "type": "object"
                    }
                },
                {
                    "sub": {
                        "start": 85,
                        "end": 92,
                        "text": "strings",
                        "id": 15,
                        "verbs": [
                            "encrypt"
                        ],
                        "label": [
                            "DATA"
                        ],
                        "sent_index": 0,
                        "type": "subject"
                    },
                    "verb": {
                        "negation": false,
                        "text": "with",
                        "index": 18,
                        "flag": 0
                    },
                    "obj": {
                        "start": 117,
                        "end": 121,
                        "text": "3DES",
                        "id": 20,
                        "verbs": [
                            "with"
                        ],
                        "label": [
                            "ENCRYPTION"
                        ],
                        "sent_index": 0,
                        "type": "object"
                    }
                }
            ]
        },
        {
            "id": 1,
            "text": "API function names are also reversed, presumably to avoid detection in memory.",
            "svos": [
                {
                    "sub": {
                        "text": "ANY",
                        "start": 0,
                        "end": 0,
                        "label": [
                            "ACTOR"
                        ],
                        "id": 0,
                        "sent_index": 1,
                        "type": "subject"
                    },
                    "verb": {
                        "negation": false,
                        "text": "reverse",
                        "index": 5,
                        "flag": 0
                    },
                    "obj": {
                        "start": 0,
                        "end": 18,
                        "text": "API function names",
                        "id": 3,
                        "verbs": [
                            "reverse"
                        ],
                        "label": [
                            "DATA"
                        ],
                        "sent_index": 1,
                        "type": "object"
                    }
                },
                {
                    "sub": {
                        "start": 0,
                        "end": 18,
                        "text": "API function names",
                        "id": 3,
                        "verbs": [
                            "reverse"
                        ],
                        "label": [
                            "DATA"
                        ],
                        "sent_index": 1,
                        "type": "subject"
                    },
                    "verb": {
                        "negation": false,
                        "text": "avoid",
                        "index": 9,
                        "flag": 0
                    },
                    "obj": {
                        "start": 58,
                        "end": 67,
                        "text": "detection",
                        "id": 11,
                        "verbs": [
                            "avoid"
                        ],
                        "label": [
                            "FUNCTION"
                        ],
                        "sent_index": 1,
                        "type": "object"
                    }
                },
                {
                    "sub": {
                        "start": 58,
                        "end": 67,
                        "text": "detection",
                        "id": 11,
                        "verbs": [
                            "avoid"
                        ],
                        "label": [
                            "FUNCTION"
                        ],
                        "sent_index": 1,
                        "type": "subject"
                    },
                    "verb": {
                        "negation": false,
                        "text": "in",
                        "index": 11,
                        "flag": 0
                    },
                    "obj": {
                        "start": 71,
                        "end": 77,
                        "text": "memory",
                        "id": 13,
                        "label": [
                            "DATA"
                        ],
                        "sent_index": 1,
                        "type": "object"
                    }
                }
            ]
        }
    ],
    "id": "relationship--b6fc7740-4e5f-4f4c-8b1e-d0e3368eee03",
    "tech_id": "T1027",
    "location": [],
    "special_id": "T1027"
}