{
    "text": "TAINTEDSCRIBE can execute FileRecvWriteRand to append random bytes to the end of a file received from C2.",
    "graph_nodes": [
        {
            "id": 1,
            "contracted": 0,
            "meta": {
                "start": 0,
                "end": 13,
                "text": "TAINTEDSCRIBE",
                "id": 1,
                "label": [
                    "ACTOR"
                ],
                "sent_index": 0,
                "type": "subject",
                "sub_label": [
                    "MALWARE"
                ]
            }
        },
        {
            "id": 4,
            "contracted": 0,
            "meta": {
                "start": 26,
                "end": 43,
                "text": "FileRecvWriteRand",
                "id": 4,
                "verbs": [
                    "execute"
                ],
                "label": [
                    "FUNCTION"
                ],
                "sent_index": 0,
                "type": "object"
            }
        },
        {
            "id": 8,
            "contracted": 0,
            "meta": {
                "start": 54,
                "end": 66,
                "text": "random bytes",
                "id": 8,
                "verbs": [
                    "append"
                ],
                "label": [
                    "DATA"
                ],
                "sent_index": 0,
                "type": "object"
            }
        },
        {
            "id": 11,
            "contracted": 0,
            "meta": {
                "start": 74,
                "end": 77,
                "text": "end",
                "id": 11,
                "verbs": [
                    "to"
                ],
                "label": [
                    "OTHER"
                ],
                "sent_index": 0,
                "type": "object"
            }
        },
        {
            "id": 14,
            "contracted": 0,
            "meta": {
                "start": 83,
                "end": 87,
                "text": "file",
                "id": 14,
                "label": [
                    "DATA"
                ],
                "sent_index": 0,
                "type": "object"
            }
        },
        {
            "id": 17,
            "contracted": 0,
            "meta": {
                "start": 102,
                "end": 104,
                "text": "C2",
                "id": 17,
                "verbs": [
                    "receive"
                ],
                "label": [
                    "NETWORK"
                ],
                "sent_index": 0,
                "type": "object"
            }
        }
    ],
    "graph_edges": [
        {
            "source": 1,
            "dest": 4,
            "index": 0,
            "verb": "execute",
            "id": "1_4"
        },
        {
            "source": 1,
            "dest": 8,
            "index": 1,
            "verb": "append",
            "id": "1_8"
        },
        {
            "source": 8,
            "dest": 11,
            "index": 2,
            "verb": "to",
            "id": "8_11"
        },
        {
            "source": 11,
            "dest": 14,
            "index": 3,
            "verb": "of",
            "id": "11_14"
        },
        {
            "source": 14,
            "dest": 17,
            "index": 5,
            "verb": "receive from",
            "id": "14_17"
        }
    ],
    "replacement_mapper": {},
    "sentences": [
        {
            "id": 0,
            "text": "TAINTEDSCRIBE can execute FileRecvWriteRand to append random bytes to the end of a file received from C2.",
            "svos": [
                {
                    "sub": {
                        "start": 0,
                        "end": 13,
                        "text": "TAINTEDSCRIBE",
                        "id": 1,
                        "label": [
                            "ACTOR"
                        ],
                        "sent_index": 0,
                        "type": "subject",
                        "sub_label": [
                            "MALWARE"
                        ]
                    },
                    "verb": {
                        "negation": false,
                        "text": "execute",
                        "index": 2,
                        "flag": 0
                    },
                    "obj": {
                        "start": 26,
                        "end": 43,
                        "text": "FileRecvWriteRand",
                        "id": 4,
                        "verbs": [
                            "execute"
                        ],
                        "label": [
                            "FUNCTION"
                        ],
                        "sent_index": 0,
                        "type": "object"
                    }
                },
                {
                    "sub": {
                        "start": 0,
                        "end": 13,
                        "text": "TAINTEDSCRIBE",
                        "id": 1,
                        "label": [
                            "FUNCTION"
                        ],
                        "sent_index": 0,
                        "type": "subject"
                    },
                    "verb": {
                        "negation": false,
                        "text": "append",
                        "index": 5,
                        "flag": 0
                    },
                    "obj": {
                        "start": 54,
                        "end": 66,
                        "text": "random bytes",
                        "id": 8,
                        "verbs": [
                            "append"
                        ],
                        "label": [
                            "DATA"
                        ],
                        "sent_index": 0,
                        "type": "object"
                    }
                },
                {
                    "sub": {
                        "start": 54,
                        "end": 66,
                        "text": "random bytes",
                        "id": 8,
                        "verbs": [
                            "append"
                        ],
                        "label": [
                            "DATA"
                        ],
                        "sent_index": 0,
                        "type": "subject"
                    },
                    "verb": {
                        "negation": false,
                        "text": "to",
                        "index": 8,
                        "flag": 0
                    },
                    "obj": {
                        "start": 74,
                        "end": 77,
                        "text": "end",
                        "id": 11,
                        "verbs": [
                            "to"
                        ],
                        "label": [
                            "OTHER"
                        ],
                        "sent_index": 0,
                        "type": "object"
                    }
                },
                {
                    "sub": {
                        "start": 74,
                        "end": 77,
                        "text": "end",
                        "id": 11,
                        "verbs": [
                            "to"
                        ],
                        "label": [
                            "OTHER"
                        ],
                        "sent_index": 0,
                        "type": "subject"
                    },
                    "verb": {
                        "negation": false,
                        "text": "of",
                        "index": 11,
                        "flag": 0
                    },
                    "obj": {
                        "start": 83,
                        "end": 87,
                        "text": "file",
                        "id": 14,
                        "label": [
                            "DATA"
                        ],
                        "sent_index": 0,
                        "type": "object"
                    }
                },
                {
                    "sub": {
                        "start": 83,
                        "end": 87,
                        "text": "file",
                        "id": 14,
                        "label": [
                            "DATA"
                        ],
                        "sent_index": 0,
                        "type": "subject"
                    },
                    "verb": {
                        "negation": false,
                        "text": "receive",
                        "index": 14,
                        "flag": 0
                    },
                    "obj": {
                        "start": 102,
                        "end": 104,
                        "text": "C2",
                        "id": 17,
                        "verbs": [
                            "receive"
                        ],
                        "label": [
                            "NETWORK"
                        ],
                        "sent_index": 0,
                        "type": "object"
                    }
                },
                {
                    "sub": {
                        "start": 83,
                        "end": 87,
                        "text": "file",
                        "id": 14,
                        "label": [
                            "DATA"
                        ],
                        "sent_index": 0,
                        "type": "subject"
                    },
                    "verb": {
                        "negation": false,
                        "text": "receive from",
                        "index": 14,
                        "flag": 0
                    },
                    "obj": {
                        "start": 102,
                        "end": 104,
                        "text": "C2",
                        "id": 17,
                        "verbs": [
                            "receive from"
                        ],
                        "label": [
                            "NETWORK"
                        ],
                        "sent_index": 0,
                        "type": "object"
                    }
                }
            ]
        }
    ],
    "id": "relationship--0a4e5f93-6efa-4490-b7fb-21a47a15612b",
    "tech_id": "T1027.001",
    "location": [],
    "special_id": "T1027.001"
}