{
    "text": "PLATINUM has used several different keyloggers.",
    "graph_nodes": [
        {
            "id": 1,
            "contracted": 0,
            "meta": {
                "start": 0,
                "end": 8,
                "text": "PLATINUM",
                "id": 1,
                "label": [
                    "ACTOR"
                ],
                "sent_index": 0,
                "type": "subject"
            }
        },
        {
            "id": 6,
            "contracted": 0,
            "meta": {
                "start": 36,
                "end": 46,
                "text": "keyloggers",
                "id": 6,
                "verbs": [
                    "use"
                ],
                "label": [
                    "FUNCTION"
                ],
                "sent_index": 0,
                "type": "object"
            }
        }
    ],
    "graph_edges": [
        {
            "source": 1,
            "dest": 6,
            "index": 0,
            "verb": "use",
            "id": "1_6"
        }
    ],
    "replacement_mapper": {},
    "sentences": [
        {
            "id": 0,
            "text": "PLATINUM has used several different keyloggers.",
            "svos": [
                {
                    "sub": {
                        "start": 0,
                        "end": 8,
                        "text": "PLATINUM",
                        "id": 1,
                        "label": [
                            "ACTOR"
                        ],
                        "sent_index": 0,
                        "type": "subject"
                    },
                    "verb": {
                        "negation": false,
                        "text": "use",
                        "index": 2,
                        "flag": 0
                    },
                    "obj": {
                        "start": 36,
                        "end": 46,
                        "text": "keyloggers",
                        "id": 6,
                        "verbs": [
                            "use"
                        ],
                        "label": [
                            "FUNCTION"
                        ],
                        "sent_index": 0,
                        "type": "object"
                    }
                }
            ]
        }
    ],
    "id": "relationship--8ba987a9-3a03-4996-8fb7-80f34a35f406",
    "tech_id": "T1056.001",
    "location": [],
    "special_id": "T1056.001"
}