{
    "text": "SHARPSTATS can identify the current date and time on the compromised host.",
    "graph_nodes": [
        {
            "id": 1,
            "contracted": 0,
            "meta": {
                "start": 0,
                "end": 10,
                "text": "SHARPSTATS",
                "id": 1,
                "label": [
                    "ACTOR"
                ],
                "sent_index": 0,
                "type": "subject",
                "sub_label": [
                    "MALWARE"
                ]
            }
        },
        {
            "id": 6,
            "contracted": 0,
            "meta": {
                "start": 36,
                "end": 40,
                "text": "date",
                "id": 6,
                "verbs": [
                    "identify"
                ],
                "label": [
                    "DATA"
                ],
                "sent_index": 0,
                "type": "object",
                "texts": [
                    "time",
                    "date"
                ]
            }
        },
        {
            "id": 12,
            "contracted": 0,
            "meta": {
                "start": 57,
                "end": 73,
                "text": "compromised host",
                "id": 12,
                "label": [
                    "COMPONENT"
                ],
                "sent_index": 0,
                "type": "object"
            }
        }
    ],
    "graph_edges": [
        {
            "source": 1,
            "dest": 6,
            "index": 0,
            "verb": "identify",
            "id": "1_6"
        },
        {
            "source": 6,
            "dest": 12,
            "index": 2,
            "verb": "on",
            "id": "6_12"
        }
    ],
    "replacement_mapper": {},
    "sentences": [
        {
            "id": 0,
            "text": "SHARPSTATS can identify the current date and time on the compromised host.",
            "svos": [
                {
                    "sub": {
                        "start": 0,
                        "end": 10,
                        "text": "SHARPSTATS",
                        "id": 1,
                        "label": [
                            "ACTOR"
                        ],
                        "sent_index": 0,
                        "type": "subject",
                        "sub_label": [
                            "MALWARE"
                        ]
                    },
                    "verb": {
                        "negation": false,
                        "text": "identify",
                        "index": 2,
                        "flag": 0
                    },
                    "obj": {
                        "start": 36,
                        "end": 40,
                        "text": "date",
                        "id": 6,
                        "verbs": [
                            "identify"
                        ],
                        "label": [
                            "DATA"
                        ],
                        "sent_index": 0,
                        "type": "object",
                        "texts": [
                            "time",
                            "date"
                        ]
                    }
                },
                {
                    "sub": {
                        "start": 0,
                        "end": 10,
                        "text": "SHARPSTATS",
                        "id": 1,
                        "label": [
                            "FUNCTION"
                        ],
                        "sent_index": 0,
                        "type": "subject"
                    },
                    "verb": {
                        "negation": false,
                        "text": "identify",
                        "index": 2,
                        "flag": 0
                    },
                    "obj": {
                        "start": 45,
                        "end": 49,
                        "text": "time",
                        "id": 8,
                        "verbs": [
                            "identify"
                        ],
                        "label": [
                            "DATA"
                        ],
                        "sent_index": 0,
                        "type": "object"
                    }
                },
                {
                    "sub": {
                        "start": 36,
                        "end": 40,
                        "text": "date",
                        "id": 6,
                        "verbs": [
                            "identify",
                            "identify"
                        ],
                        "label": [
                            "DATA"
                        ],
                        "sent_index": 0,
                        "type": "subject"
                    },
                    "verb": {
                        "negation": false,
                        "text": "on",
                        "index": 8,
                        "flag": 0
                    },
                    "obj": {
                        "start": 57,
                        "end": 73,
                        "text": "compromised host",
                        "id": 12,
                        "label": [
                            "COMPONENT"
                        ],
                        "sent_index": 0,
                        "type": "object"
                    }
                }
            ]
        }
    ],
    "id": "relationship--e0b5c501-c949-4b60-8e2e-37a584dba8fe",
    "tech_id": "T1124",
    "location": [],
    "special_id": "T1124"
}