{
    "text": "Moses Staff has used obfuscated web shells in their operations.",
    "graph_nodes": [
        {
            "id": 2,
            "contracted": 0,
            "meta": {
                "start": 0,
                "end": 11,
                "text": "Moses Staff",
                "id": 2,
                "label": [
                    "ACTOR"
                ],
                "sent_index": 0,
                "type": "subject"
            }
        },
        {
            "id": 7,
            "contracted": 0,
            "meta": {
                "start": 21,
                "end": 42,
                "text": "obfuscated web shells",
                "id": 7,
                "verbs": [
                    "use"
                ],
                "label": [
                    "FUNCTION"
                ],
                "sent_index": 0,
                "type": "object"
            }
        },
        {
            "id": 10,
            "contracted": 0,
            "meta": {
                "start": 52,
                "end": 62,
                "text": "operations",
                "id": 10,
                "label": [
                    "FUNCTION"
                ],
                "sent_index": 0,
                "type": "object"
            }
        }
    ],
    "graph_edges": [
        {
            "source": 2,
            "dest": 7,
            "index": 0,
            "verb": "use",
            "id": "2_7"
        },
        {
            "source": 2,
            "dest": 10,
            "index": 2,
            "verb": "in",
            "id": "2_10"
        },
        {
            "source": 7,
            "dest": 10,
            "index": 1,
            "verb": "in",
            "id": "7_10"
        }
    ],
    "replacement_mapper": {},
    "sentences": [
        {
            "id": 0,
            "text": "Moses Staff has used obfuscated web shells in their operations.",
            "svos": [
                {
                    "sub": {
                        "start": 0,
                        "end": 11,
                        "text": "Moses Staff",
                        "id": 2,
                        "label": [
                            "ACTOR"
                        ],
                        "sent_index": 0,
                        "type": "subject"
                    },
                    "verb": {
                        "negation": false,
                        "text": "use",
                        "index": 3,
                        "flag": 0
                    },
                    "obj": {
                        "start": 21,
                        "end": 42,
                        "text": "obfuscated web shells",
                        "id": 7,
                        "verbs": [
                            "use"
                        ],
                        "label": [
                            "FUNCTION"
                        ],
                        "sent_index": 0,
                        "type": "object"
                    }
                },
                {
                    "sub": {
                        "start": 21,
                        "end": 42,
                        "text": "obfuscated web shells",
                        "id": 7,
                        "verbs": [
                            "use"
                        ],
                        "label": [
                            "FUNCTION"
                        ],
                        "sent_index": 0,
                        "type": "subject"
                    },
                    "verb": {
                        "negation": false,
                        "text": "in",
                        "index": 7,
                        "flag": 0
                    },
                    "obj": {
                        "start": 52,
                        "end": 62,
                        "text": "operations",
                        "id": 10,
                        "label": [
                            "FUNCTION"
                        ],
                        "sent_index": 0,
                        "type": "object"
                    }
                },
                {
                    "sub": {
                        "start": 0,
                        "end": 11,
                        "text": "Moses Staff",
                        "id": 2,
                        "label": [
                            "ACTOR"
                        ],
                        "sent_index": 0,
                        "type": "subject"
                    },
                    "verb": {
                        "negation": false,
                        "text": "in",
                        "index": 7,
                        "flag": 0
                    },
                    "obj": {
                        "start": 52,
                        "end": 62,
                        "text": "operations",
                        "id": 10,
                        "label": [
                            "FUNCTION"
                        ],
                        "sent_index": 0,
                        "type": "object"
                    }
                }
            ]
        }
    ],
    "id": "relationship--a56ece45-a76c-4b19-8999-6dde50b48409",
    "tech_id": "T1027",
    "location": [],
    "special_id": "T1027"
}