{
    "text": "HermeticWiper can call multiple Windows API functions used for privilege escalation, service execution, and to overwrite random bites of data.",
    "graph_nodes": [
        {
            "id": 1,
            "contracted": 0,
            "meta": {
                "start": 0,
                "end": 13,
                "text": "HermeticWiper",
                "id": 1,
                "label": [
                    "ACTOR"
                ],
                "sent_index": 0,
                "type": "subject",
                "sub_label": [
                    "MALWARE"
                ]
            }
        },
        {
            "id": 7,
            "contracted": 0,
            "meta": {
                "start": 32,
                "end": 53,
                "text": "Windows API functions",
                "id": 7,
                "verbs": [
                    "call"
                ],
                "label": [
                    "FUNCTION"
                ],
                "sent_index": 0,
                "type": "object"
            }
        },
        {
            "id": 10,
            "contracted": 0,
            "meta": {
                "text": "privilege",
                "start": 63,
                "end": 72,
                "id": 10,
                "verbs": [
                    "escalate"
                ],
                "label": [
                    "DATA"
                ],
                "sent_index": 0,
                "type": "object"
            }
        },
        {
            "id": 13,
            "contracted": 0,
            "meta": {
                "text": "service",
                "start": 85,
                "end": 92,
                "id": 13,
                "verbs": [
                    "execute"
                ],
                "label": [
                    "FUNCTION"
                ],
                "sent_index": 0,
                "type": "object"
            }
        },
        {
            "id": 20,
            "contracted": 0,
            "meta": {
                "start": 121,
                "end": 133,
                "text": "random bites",
                "id": 20,
                "verbs": [
                    "overwrite"
                ],
                "label": [
                    "OTHER"
                ],
                "sent_index": 0,
                "type": "object"
            }
        },
        {
            "id": 22,
            "contracted": 0,
            "meta": {
                "start": 137,
                "end": 141,
                "text": "data",
                "id": 22,
                "label": [
                    "DATA"
                ],
                "sent_index": 0,
                "type": "object"
            }
        }
    ],
    "graph_edges": [
        {
            "source": 1,
            "dest": 7,
            "index": 0,
            "verb": "call",
            "id": "1_7"
        },
        {
            "source": 20,
            "dest": 22,
            "index": 8,
            "verb": "of",
            "id": "20_22"
        }
    ],
    "replacement_mapper": {},
    "sentences": [
        {
            "id": 0,
            "text": "HermeticWiper can call multiple Windows API functions used for privilege escalation, service execution, and to overwrite random bites of data.",
            "svos": [
                {
                    "sub": {
                        "start": 0,
                        "end": 13,
                        "text": "HermeticWiper",
                        "id": 1,
                        "label": [
                            "ACTOR"
                        ],
                        "sent_index": 0,
                        "type": "subject",
                        "sub_label": [
                            "MALWARE"
                        ]
                    },
                    "verb": {
                        "negation": false,
                        "text": "call",
                        "index": 2,
                        "flag": 0
                    },
                    "obj": {
                        "start": 32,
                        "end": 53,
                        "text": "Windows API functions",
                        "id": 7,
                        "verbs": [
                            "call"
                        ],
                        "label": [
                            "FUNCTION"
                        ],
                        "sent_index": 0,
                        "type": "object"
                    }
                },
                {
                    "sub": {
                        "start": 32,
                        "end": 53,
                        "text": "Windows API functions",
                        "id": 7,
                        "verbs": [
                            "call"
                        ],
                        "label": [
                            "FUNCTION"
                        ],
                        "sent_index": 0,
                        "type": "subject"
                    },
                    "verb": {
                        "negation": false,
                        "text": "use",
                        "index": 7,
                        "flag": 0
                    },
                    "obj": {
                        "start": 63,
                        "end": 83,
                        "text": "privilege escalation",
                        "id": 11,
                        "verbs": [
                            "use"
                        ],
                        "label": [
                            "FUNCTION"
                        ],
                        "sent_index": 0,
                        "type": "object",
                        "texts": [
                            "privilege escalation",
                            "service execution"
                        ]
                    }
                },
                {
                    "sub": {
                        "start": 32,
                        "end": 53,
                        "text": "Windows API functions",
                        "id": 7,
                        "verbs": [
                            "call"
                        ],
                        "label": [
                            "FUNCTION"
                        ],
                        "sent_index": 0,
                        "type": "subject"
                    },
                    "verb": {
                        "negation": false,
                        "text": "use",
                        "index": 7,
                        "flag": 0
                    },
                    "obj": {
                        "start": 85,
                        "end": 102,
                        "text": "service execution",
                        "id": 14,
                        "verbs": [
                            "use"
                        ],
                        "label": [
                            "FUNCTION"
                        ],
                        "sent_index": 0,
                        "type": "object"
                    }
                },
                {
                    "sub": {
                        "start": 32,
                        "end": 53,
                        "text": "Windows API functions",
                        "id": 7,
                        "verbs": [
                            "call"
                        ],
                        "label": [
                            "FUNCTION"
                        ],
                        "sent_index": 0,
                        "type": "subject"
                    },
                    "verb": {
                        "negation": false,
                        "text": "use for",
                        "index": 7,
                        "flag": 0
                    },
                    "obj": {
                        "start": 63,
                        "end": 83,
                        "text": "privilege escalation",
                        "id": 11,
                        "verbs": [
                            "use for"
                        ],
                        "label": [
                            "FUNCTION"
                        ],
                        "sent_index": 0,
                        "type": "object"
                    }
                },
                {
                    "sub": {
                        "start": 32,
                        "end": 53,
                        "text": "Windows API functions",
                        "id": 7,
                        "verbs": [
                            "call"
                        ],
                        "label": [
                            "FUNCTION"
                        ],
                        "sent_index": 0,
                        "type": "subject"
                    },
                    "verb": {
                        "negation": false,
                        "text": "use for",
                        "index": 7,
                        "flag": 0
                    },
                    "obj": {
                        "start": 85,
                        "end": 102,
                        "text": "service execution",
                        "id": 14,
                        "verbs": [
                            "use for"
                        ],
                        "label": [
                            "FUNCTION"
                        ],
                        "sent_index": 0,
                        "type": "object"
                    }
                },
                {
                    "sub": {
                        "text": "ANY",
                        "start": 0,
                        "end": 0,
                        "label": [
                            "ACTOR"
                        ],
                        "id": 0,
                        "sent_index": 0,
                        "type": "subject"
                    },
                    "verb": {
                        "negation": false,
                        "text": "escalate",
                        "index": 10,
                        "flag": 0
                    },
                    "obj": {
                        "text": "privilege",
                        "start": 63,
                        "end": 72,
                        "id": 10,
                        "verbs": [
                            "escalate"
                        ],
                        "label": [
                            "DATA"
                        ],
                        "sent_index": 0,
                        "type": "object"
                    }
                },
                {
                    "sub": {
                        "text": "ANY",
                        "start": 0,
                        "end": 0,
                        "label": [
                            "ACTOR"
                        ],
                        "id": 0,
                        "sent_index": 0,
                        "type": "subject"
                    },
                    "verb": {
                        "negation": false,
                        "text": "execute",
                        "index": 13,
                        "flag": 0
                    },
                    "obj": {
                        "text": "service",
                        "start": 85,
                        "end": 92,
                        "id": 13,
                        "verbs": [
                            "execute"
                        ],
                        "label": [
                            "FUNCTION"
                        ],
                        "sent_index": 0,
                        "type": "object"
                    }
                },
                {
                    "sub": {
                        "start": 85,
                        "end": 102,
                        "text": "service execution",
                        "id": 14,
                        "verbs": [
                            "use"
                        ],
                        "label": [
                            "FUNCTION"
                        ],
                        "sent_index": 0,
                        "type": "subject"
                    },
                    "verb": {
                        "negation": false,
                        "text": "overwrite",
                        "index": 17,
                        "flag": 0
                    },
                    "obj": {
                        "start": 121,
                        "end": 133,
                        "text": "random bites",
                        "id": 20,
                        "verbs": [
                            "overwrite"
                        ],
                        "label": [
                            "OTHER"
                        ],
                        "sent_index": 0,
                        "type": "object"
                    }
                },
                {
                    "sub": {
                        "start": 121,
                        "end": 133,
                        "text": "random bites",
                        "id": 20,
                        "verbs": [
                            "overwrite"
                        ],
                        "label": [
                            "OTHER"
                        ],
                        "sent_index": 0,
                        "type": "subject"
                    },
                    "verb": {
                        "negation": false,
                        "text": "of",
                        "index": 20,
                        "flag": 0
                    },
                    "obj": {
                        "start": 137,
                        "end": 141,
                        "text": "data",
                        "id": 22,
                        "label": [
                            "DATA"
                        ],
                        "sent_index": 0,
                        "type": "object"
                    }
                }
            ]
        }
    ],
    "id": "relationship--916e5e5c-7856-47e7-9749-58621671d158",
    "tech_id": "T1106",
    "location": [],
    "special_id": "T1106"
}