{
    "text": "DEADEYE can enumerate a victim computer's volume serial number and host name.",
    "graph_nodes": [
        {
            "id": 1,
            "contracted": 0,
            "meta": {
                "start": 0,
                "end": 7,
                "text": "DEADEYE",
                "id": 1,
                "label": [
                    "ACTOR"
                ],
                "sent_index": 0,
                "type": "subject",
                "sub_label": [
                    "MALWARE"
                ]
            }
        },
        {
            "id": 6,
            "contracted": 0,
            "meta": {
                "text": "computer",
                "start": 31,
                "end": 39,
                "id": 6,
                "label": [
                    "COMPONENT"
                ],
                "sent_index": 0,
                "type": "object"
            }
        },
        {
            "id": 10,
            "contracted": 0,
            "meta": {
                "start": 42,
                "end": 62,
                "text": "volume serial number",
                "id": 10,
                "verbs": [
                    "enumerate"
                ],
                "label": [
                    "DATA"
                ],
                "sent_index": 0,
                "type": "object",
                "texts": [
                    "host name",
                    "volume serial number"
                ]
            }
        }
    ],
    "graph_edges": [
        {
            "source": 1,
            "dest": 10,
            "index": 0,
            "verb": "enumerate",
            "id": "1_10"
        },
        {
            "source": 10,
            "dest": 6,
            "index": 2,
            "verb": "of",
            "id": "10_6"
        }
    ],
    "replacement_mapper": {},
    "sentences": [
        {
            "id": 0,
            "text": "DEADEYE can enumerate a victim computer's volume serial number and host name.",
            "svos": [
                {
                    "sub": {
                        "start": 0,
                        "end": 7,
                        "text": "DEADEYE",
                        "id": 1,
                        "label": [
                            "ACTOR"
                        ],
                        "sent_index": 0,
                        "type": "subject",
                        "sub_label": [
                            "MALWARE"
                        ]
                    },
                    "verb": {
                        "negation": false,
                        "text": "enumerate",
                        "index": 2,
                        "flag": 0
                    },
                    "obj": {
                        "start": 42,
                        "end": 62,
                        "text": "volume serial number",
                        "id": 10,
                        "verbs": [
                            "enumerate"
                        ],
                        "label": [
                            "DATA"
                        ],
                        "sent_index": 0,
                        "type": "object",
                        "texts": [
                            "host name",
                            "volume serial number"
                        ]
                    }
                },
                {
                    "sub": {
                        "start": 0,
                        "end": 7,
                        "text": "DEADEYE",
                        "id": 1,
                        "label": [
                            "FUNCTION"
                        ],
                        "sent_index": 0,
                        "type": "subject"
                    },
                    "verb": {
                        "negation": false,
                        "text": "enumerate",
                        "index": 2,
                        "flag": 0
                    },
                    "obj": {
                        "start": 67,
                        "end": 76,
                        "text": "host name",
                        "id": 13,
                        "verbs": [
                            "enumerate"
                        ],
                        "label": [
                            "DATA"
                        ],
                        "sent_index": 0,
                        "type": "object"
                    }
                },
                {
                    "sub": {
                        "start": 42,
                        "end": 62,
                        "text": "volume serial number",
                        "id": 10,
                        "verbs": [
                            "enumerate",
                            "enumerate"
                        ],
                        "label": [
                            "DATA"
                        ],
                        "sent_index": 0,
                        "type": "subject"
                    },
                    "verb": {
                        "negation": false,
                        "text": "of",
                        "index": 9,
                        "flag": 0
                    },
                    "obj": {
                        "text": "computer",
                        "start": 31,
                        "end": 39,
                        "id": 6,
                        "label": [
                            "COMPONENT"
                        ],
                        "sent_index": 0,
                        "type": "object"
                    }
                },
                {
                    "sub": {
                        "start": 67,
                        "end": 76,
                        "text": "host name",
                        "id": 13,
                        "verbs": [
                            "enumerate"
                        ],
                        "label": [
                            "DATA"
                        ],
                        "sent_index": 0,
                        "type": "subject"
                    },
                    "verb": {
                        "negation": false,
                        "text": "of",
                        "index": 12,
                        "flag": 0
                    },
                    "obj": {
                        "text": "computer",
                        "start": 31,
                        "end": 39,
                        "id": 6,
                        "label": [
                            "COMPONENT"
                        ],
                        "sent_index": 0,
                        "type": "object"
                    }
                }
            ]
        }
    ],
    "id": "relationship--2eb32b46-9833-4391-b282-c7ee10bbfc62",
    "tech_id": "T1082",
    "location": [],
    "special_id": "T1082"
}