{
    "text": "XCSSET loads a system level launchdaemon using the ENTITY0 command from DIRECTORY1.",
    "graph_nodes": [
        {
            "id": 1,
            "contracted": 0,
            "meta": {
                "start": 0,
                "end": 6,
                "text": "XCSSET",
                "id": 1,
                "label": [
                    "ACTOR"
                ],
                "sent_index": 0,
                "type": "subject",
                "sub_label": [
                    "MALWARE"
                ]
            }
        },
        {
            "id": 6,
            "contracted": 0,
            "meta": {
                "start": 15,
                "end": 40,
                "text": "system level launchdaemon",
                "id": 6,
                "verbs": [
                    "load"
                ],
                "label": [
                    "FUNCTION"
                ],
                "sent_index": 0,
                "type": "object"
            }
        },
        {
            "id": 10,
            "contracted": 0,
            "meta": {
                "start": 51,
                "end": 66,
                "text": "launchctl load -w command",
                "id": 10,
                "verbs": [
                    "use"
                ],
                "label": [
                    "FUNCTION"
                ],
                "sent_index": 0,
                "type": "object"
            }
        },
        {
            "id": 12,
            "contracted": 0,
            "meta": {
                "start": 72,
                "end": 82,
                "text": "/System/Librarby/LaunchDaemons/ssh.plist",
                "id": 12,
                "verbs": [
                    "from"
                ],
                "label": [
                    "DIRECTORY"
                ],
                "sent_index": 0,
                "type": "object"
            }
        }
    ],
    "graph_edges": [
        {
            "source": 1,
            "dest": 6,
            "index": 0,
            "verb": "load",
            "id": "1_6"
        },
        {
            "source": 1,
            "dest": 10,
            "index": 1,
            "verb": "use",
            "id": "1_10"
        },
        {
            "source": 10,
            "dest": 12,
            "index": 2,
            "verb": "from",
            "id": "10_12"
        }
    ],
    "replacement_mapper": {
        "ENTITY0": {
            "text": "launchctl load -w",
            "label": "FUNCTION"
        },
        "DIRECTORY1": {
            "text": "/System/Librarby/LaunchDaemons/ssh.plist",
            "label": "DIRECTORY"
        }
    },
    "sentences": [
        {
            "id": 0,
            "text": "XCSSET loads a system level launchdaemon using the launchctl load -w command from /System/Librarby/LaunchDaemons/ssh.plist.",
            "svos": [
                {
                    "sub": {
                        "start": 0,
                        "end": 6,
                        "text": "XCSSET",
                        "id": 1,
                        "label": [
                            "ACTOR"
                        ],
                        "sent_index": 0,
                        "type": "subject",
                        "sub_label": [
                            "MALWARE"
                        ]
                    },
                    "verb": {
                        "negation": false,
                        "text": "load",
                        "index": 1,
                        "flag": 0
                    },
                    "obj": {
                        "start": 15,
                        "end": 40,
                        "text": "system level launchdaemon",
                        "id": 6,
                        "verbs": [
                            "load"
                        ],
                        "label": [
                            "FUNCTION"
                        ],
                        "sent_index": 0,
                        "type": "object"
                    }
                },
                {
                    "sub": {
                        "start": 0,
                        "end": 6,
                        "text": "XCSSET",
                        "id": 1,
                        "label": [
                            "FUNCTION"
                        ],
                        "sent_index": 0,
                        "type": "subject"
                    },
                    "verb": {
                        "negation": false,
                        "text": "use",
                        "index": 6,
                        "flag": 0
                    },
                    "obj": {
                        "start": 51,
                        "end": 66,
                        "text": "launchctl load -w command",
                        "id": 10,
                        "verbs": [
                            "use"
                        ],
                        "label": [
                            "FUNCTION"
                        ],
                        "sent_index": 0,
                        "type": "object"
                    }
                },
                {
                    "sub": {
                        "start": 51,
                        "end": 66,
                        "text": "launchctl load -w command",
                        "id": 10,
                        "verbs": [
                            "use"
                        ],
                        "label": [
                            "FUNCTION"
                        ],
                        "sent_index": 0,
                        "type": "subject"
                    },
                    "verb": {
                        "negation": false,
                        "text": "from",
                        "index": 10,
                        "flag": 0
                    },
                    "obj": {
                        "start": 72,
                        "end": 82,
                        "text": "/System/Librarby/LaunchDaemons/ssh.plist",
                        "id": 12,
                        "verbs": [
                            "from"
                        ],
                        "label": [
                            "DIRECTORY"
                        ],
                        "sent_index": 0,
                        "type": "object"
                    }
                }
            ]
        }
    ],
    "id": "relationship--b502aff3-128e-4715-a8bc-7b7b8fa0be74",
    "tech_id": "T1569.001",
    "location": [],
    "special_id": "T1569.001"
}