{
    "text": "WarzoneRAT has the capability to grab passwords from numerous web browsers as well as from Outlook and Thunderbird email clients.",
    "graph_nodes": [
        {
            "id": 1,
            "contracted": 0,
            "meta": {
                "start": 0,
                "end": 10,
                "text": "WarzoneRAT",
                "id": 1,
                "label": [
                    "ACTOR"
                ],
                "sent_index": 0,
                "type": "subject",
                "sub_label": [
                    "MALWARE"
                ]
            }
        },
        {
            "id": 4,
            "contracted": 0,
            "meta": {
                "start": 19,
                "end": 29,
                "text": "capability",
                "id": 4,
                "verbs": [
                    "have"
                ],
                "label": [
                    "FUNCTION"
                ],
                "sent_index": 0,
                "type": "object"
            }
        },
        {
            "id": 7,
            "contracted": 0,
            "meta": {
                "start": 38,
                "end": 47,
                "text": "passwords",
                "id": 7,
                "verbs": [
                    "grab"
                ],
                "label": [
                    "DATA"
                ],
                "sent_index": 0,
                "type": "object"
            }
        },
        {
            "id": 11,
            "contracted": 0,
            "meta": {
                "start": 53,
                "end": 74,
                "text": "numerous web browsers",
                "id": 11,
                "verbs": [
                    "from"
                ],
                "label": [
                    "COMPONENT"
                ],
                "sent_index": 0,
                "type": "object"
            }
        }
    ],
    "graph_edges": [
        {
            "source": 1,
            "dest": 4,
            "index": 0,
            "verb": "have",
            "id": "1_4"
        },
        {
            "source": 4,
            "dest": 7,
            "index": 1,
            "verb": "grab",
            "id": "4_7"
        },
        {
            "source": 7,
            "dest": 11,
            "index": 2,
            "verb": "from",
            "id": "7_11"
        }
    ],
    "replacement_mapper": {},
    "sentences": [
        {
            "id": 0,
            "text": "WarzoneRAT has the capability to grab passwords from numerous web browsers as well as from Outlook and Thunderbird email clients.",
            "svos": [
                {
                    "sub": {
                        "start": 0,
                        "end": 10,
                        "text": "WarzoneRAT",
                        "id": 1,
                        "label": [
                            "ACTOR"
                        ],
                        "sent_index": 0,
                        "type": "subject",
                        "sub_label": [
                            "MALWARE"
                        ]
                    },
                    "verb": {
                        "negation": false,
                        "text": "have",
                        "index": 1,
                        "flag": 0
                    },
                    "obj": {
                        "start": 19,
                        "end": 29,
                        "text": "capability",
                        "id": 4,
                        "verbs": [
                            "have"
                        ],
                        "label": [
                            "FUNCTION"
                        ],
                        "sent_index": 0,
                        "type": "object"
                    }
                },
                {
                    "sub": {
                        "start": 19,
                        "end": 29,
                        "text": "capability",
                        "id": 4,
                        "verbs": [
                            "have"
                        ],
                        "label": [
                            "FUNCTION"
                        ],
                        "sent_index": 0,
                        "type": "subject"
                    },
                    "verb": {
                        "negation": false,
                        "text": "grab",
                        "index": 5,
                        "flag": 0
                    },
                    "obj": {
                        "start": 38,
                        "end": 47,
                        "text": "passwords",
                        "id": 7,
                        "verbs": [
                            "grab"
                        ],
                        "label": [
                            "DATA"
                        ],
                        "sent_index": 0,
                        "type": "object"
                    }
                },
                {
                    "sub": {
                        "start": 38,
                        "end": 47,
                        "text": "passwords",
                        "id": 7,
                        "verbs": [
                            "grab"
                        ],
                        "label": [
                            "DATA"
                        ],
                        "sent_index": 0,
                        "type": "subject"
                    },
                    "verb": {
                        "negation": false,
                        "text": "from",
                        "index": 7,
                        "flag": 0
                    },
                    "obj": {
                        "start": 53,
                        "end": 74,
                        "text": "numerous web browsers",
                        "id": 11,
                        "verbs": [
                            "from"
                        ],
                        "label": [
                            "COMPONENT"
                        ],
                        "sent_index": 0,
                        "type": "object"
                    }
                }
            ]
        }
    ],
    "id": "relationship--25a92f58-75d6-46a5-8e82-7f576f9659a5",
    "tech_id": "T1555.003",
    "location": [],
    "special_id": "T1555.003"
}