{
    "text": "Conficker variants used the Windows AUTORUN feature to spread by USB propagation.",
    "graph_nodes": [
        {
            "id": 2,
            "contracted": 0,
            "meta": {
                "start": 0,
                "end": 18,
                "text": "Conficker variants",
                "id": 2,
                "label": [
                    "FUNCTION"
                ],
                "sent_index": 0,
                "type": "subject"
            }
        },
        {
            "id": 7,
            "contracted": 0,
            "meta": {
                "start": 28,
                "end": 51,
                "text": "Windows AUTORUN feature",
                "id": 7,
                "verbs": [
                    "use"
                ],
                "label": [
                    "FUNCTION"
                ],
                "sent_index": 0,
                "type": "object"
            }
        },
        {
            "id": 12,
            "contracted": 0,
            "meta": {
                "start": 65,
                "end": 80,
                "text": "USB propagation",
                "id": 12,
                "verbs": [
                    "use"
                ],
                "label": [
                    "FUNCTION"
                ],
                "sent_index": 0,
                "type": "object"
            }
        }
    ],
    "graph_edges": [
        {
            "source": 2,
            "dest": 12,
            "index": 2,
            "verb": "spread",
            "id": "2_12"
        },
        {
            "source": 2,
            "dest": 7,
            "index": 1,
            "verb": "use",
            "id": "2_7"
        }
    ],
    "replacement_mapper": {},
    "sentences": [
        {
            "id": 0,
            "text": "Conficker variants used the Windows AUTORUN feature to spread by USB propagation.",
            "svos": [
                {
                    "sub": {
                        "start": 0,
                        "end": 18,
                        "text": "Conficker variants",
                        "id": 2,
                        "label": [
                            "FUNCTION"
                        ],
                        "sent_index": 0,
                        "type": "subject"
                    },
                    "verb": {
                        "negation": false,
                        "text": "use",
                        "index": -1,
                        "flag": 0
                    },
                    "obj": {
                        "start": 65,
                        "end": 80,
                        "text": "USB propagation",
                        "id": 12,
                        "verbs": [
                            "use"
                        ],
                        "label": [
                            "FUNCTION"
                        ],
                        "sent_index": 0,
                        "type": "object"
                    }
                },
                {
                    "sub": {
                        "start": 0,
                        "end": 18,
                        "text": "Conficker variants",
                        "id": 2,
                        "label": [
                            "FUNCTION"
                        ],
                        "sent_index": 0,
                        "type": "subject"
                    },
                    "verb": {
                        "negation": false,
                        "text": "use",
                        "index": 2,
                        "flag": 0
                    },
                    "obj": {
                        "start": 28,
                        "end": 51,
                        "text": "Windows AUTORUN feature",
                        "id": 7,
                        "verbs": [
                            "use"
                        ],
                        "label": [
                            "FUNCTION"
                        ],
                        "sent_index": 0,
                        "type": "object"
                    }
                },
                {
                    "sub": {
                        "start": 0,
                        "end": 18,
                        "text": "Conficker variants",
                        "id": 2,
                        "label": [
                            "FUNCTION"
                        ],
                        "sent_index": 0,
                        "type": "subject"
                    },
                    "verb": {
                        "negation": false,
                        "text": "spread",
                        "index": 8,
                        "flag": 0
                    },
                    "obj": {
                        "start": 65,
                        "end": 80,
                        "text": "USB propagation",
                        "id": 12,
                        "verbs": [
                            "spread"
                        ],
                        "label": [
                            "FUNCTION"
                        ],
                        "sent_index": 0,
                        "type": "object"
                    }
                }
            ]
        }
    ],
    "id": "relationship--f308adef-2601-41b2-9da8-b785a7adf06c",
    "tech_id": "T1091",
    "location": [],
    "special_id": "T1091"
}