{
    "text": "Grandoreiro can identify installed security tools based on process names.",
    "graph_nodes": [
        {
            "id": 1,
            "contracted": 0,
            "meta": {
                "start": 0,
                "end": 11,
                "text": "Grandoreiro",
                "id": 1,
                "label": [
                    "ACTOR"
                ],
                "sent_index": 0,
                "type": "subject",
                "sub_label": [
                    "MALWARE"
                ]
            }
        },
        {
            "id": 6,
            "contracted": 0,
            "meta": {
                "start": 25,
                "end": 49,
                "text": "installed security tools",
                "id": 6,
                "verbs": [
                    "identify"
                ],
                "label": [
                    "FUNCTION"
                ],
                "sent_index": 0,
                "type": "object"
            }
        },
        {
            "id": 10,
            "contracted": 0,
            "meta": {
                "start": 59,
                "end": 72,
                "text": "process names",
                "id": 10,
                "verbs": [
                    "base"
                ],
                "label": [
                    "DATA"
                ],
                "sent_index": 0,
                "type": "object"
            }
        }
    ],
    "graph_edges": [
        {
            "source": 1,
            "dest": 6,
            "index": 0,
            "verb": "identify",
            "id": "1_6"
        },
        {
            "source": 1,
            "dest": 10,
            "index": 1,
            "verb": "base",
            "id": "1_10"
        }
    ],
    "replacement_mapper": {},
    "sentences": [
        {
            "id": 0,
            "text": "Grandoreiro can identify installed security tools based on process names.",
            "svos": [
                {
                    "sub": {
                        "start": 0,
                        "end": 11,
                        "text": "Grandoreiro",
                        "id": 1,
                        "label": [
                            "ACTOR"
                        ],
                        "sent_index": 0,
                        "type": "subject",
                        "sub_label": [
                            "MALWARE"
                        ]
                    },
                    "verb": {
                        "negation": false,
                        "text": "identify",
                        "index": 2,
                        "flag": 0
                    },
                    "obj": {
                        "start": 25,
                        "end": 49,
                        "text": "installed security tools",
                        "id": 6,
                        "verbs": [
                            "identify"
                        ],
                        "label": [
                            "FUNCTION"
                        ],
                        "sent_index": 0,
                        "type": "object"
                    }
                },
                {
                    "sub": {
                        "start": 0,
                        "end": 11,
                        "text": "Grandoreiro",
                        "id": 1,
                        "label": [
                            "FUNCTION"
                        ],
                        "sent_index": 0,
                        "type": "subject"
                    },
                    "verb": {
                        "negation": false,
                        "text": "base",
                        "index": 6,
                        "flag": 0
                    },
                    "obj": {
                        "start": 59,
                        "end": 72,
                        "text": "process names",
                        "id": 10,
                        "verbs": [
                            "base"
                        ],
                        "label": [
                            "DATA"
                        ],
                        "sent_index": 0,
                        "type": "object"
                    }
                }
            ]
        }
    ],
    "id": "relationship--13ab9b58-b18a-437f-898e-fc598e8d0939",
    "tech_id": "T1057",
    "location": [],
    "special_id": "T1057"
}