{
    "text": "OSX/Shlayer has executed a .command script from a hidden directory in a mounted DMG.",
    "graph_nodes": [
        {
            "id": 1,
            "contracted": 0,
            "meta": {
                "start": 0,
                "end": 3,
                "text": "OSX",
                "id": 1,
                "label": [
                    "COMPONENT"
                ],
                "sent_index": 0,
                "type": "subject"
            }
        },
        {
            "id": 2,
            "contracted": 0,
            "meta": {
                "start": 3,
                "end": 4,
                "text": "/",
                "id": 2,
                "label": [
                    "OTHER"
                ],
                "sent_index": 0,
                "type": "subject"
            }
        },
        {
            "id": 3,
            "contracted": 0,
            "meta": {
                "start": 4,
                "end": 11,
                "text": "Shlayer",
                "id": 3,
                "label": [
                    "FUNCTION"
                ],
                "sent_index": 0,
                "type": "subject"
            }
        },
        {
            "id": 8,
            "contracted": 0,
            "meta": {
                "start": 27,
                "end": 42,
                "text": ".command script",
                "id": 8,
                "verbs": [
                    "execute"
                ],
                "label": [
                    "FUNCTION"
                ],
                "sent_index": 0,
                "type": "object"
            }
        },
        {
            "id": 12,
            "contracted": 0,
            "meta": {
                "start": 50,
                "end": 66,
                "text": "hidden directory",
                "id": 12,
                "verbs": [
                    "from"
                ],
                "label": [
                    "DIRECTORY"
                ],
                "sent_index": 0,
                "type": "object"
            }
        },
        {
            "id": 16,
            "contracted": 0,
            "meta": {
                "start": 72,
                "end": 83,
                "text": "mounted DMG",
                "id": 16,
                "label": [
                    "FUNCTION"
                ],
                "sent_index": 0,
                "type": "object"
            }
        }
    ],
    "graph_edges": [
        {
            "source": 1,
            "dest": 8,
            "index": 0,
            "verb": "execute",
            "id": "1_8"
        },
        {
            "source": 1,
            "dest": 12,
            "index": 4,
            "verb": "from",
            "id": "1_12"
        },
        {
            "source": 8,
            "dest": 12,
            "index": 3,
            "verb": "from",
            "id": "8_12"
        },
        {
            "source": 2,
            "dest": 8,
            "index": 1,
            "verb": "execute",
            "id": "2_8"
        },
        {
            "source": 2,
            "dest": 12,
            "index": 5,
            "verb": "from",
            "id": "2_12"
        },
        {
            "source": 3,
            "dest": 8,
            "index": 2,
            "verb": "execute",
            "id": "3_8"
        },
        {
            "source": 3,
            "dest": 12,
            "index": 6,
            "verb": "from",
            "id": "3_12"
        },
        {
            "source": 12,
            "dest": 16,
            "index": 7,
            "verb": "in",
            "id": "12_16"
        }
    ],
    "replacement_mapper": {},
    "sentences": [
        {
            "id": 0,
            "text": "OSX/Shlayer has executed a .command script from a hidden directory in a mounted DMG.",
            "svos": [
                {
                    "sub": {
                        "start": 0,
                        "end": 3,
                        "text": "OSX",
                        "id": 1,
                        "label": [
                            "COMPONENT"
                        ],
                        "sent_index": 0,
                        "type": "subject"
                    },
                    "verb": {
                        "negation": false,
                        "text": "execute",
                        "index": 4,
                        "flag": 0
                    },
                    "obj": {
                        "start": 27,
                        "end": 42,
                        "text": ".command script",
                        "id": 8,
                        "verbs": [
                            "execute"
                        ],
                        "label": [
                            "FUNCTION"
                        ],
                        "sent_index": 0,
                        "type": "object"
                    }
                },
                {
                    "sub": {
                        "start": 3,
                        "end": 4,
                        "text": "/",
                        "id": 2,
                        "label": [
                            "OTHER"
                        ],
                        "sent_index": 0,
                        "type": "subject"
                    },
                    "verb": {
                        "negation": false,
                        "text": "execute",
                        "index": 4,
                        "flag": 0
                    },
                    "obj": {
                        "start": 27,
                        "end": 42,
                        "text": ".command script",
                        "id": 8,
                        "verbs": [
                            "execute"
                        ],
                        "label": [
                            "FUNCTION"
                        ],
                        "sent_index": 0,
                        "type": "object"
                    }
                },
                {
                    "sub": {
                        "start": 4,
                        "end": 11,
                        "text": "Shlayer",
                        "id": 3,
                        "label": [
                            "FUNCTION"
                        ],
                        "sent_index": 0,
                        "type": "subject"
                    },
                    "verb": {
                        "negation": false,
                        "text": "execute",
                        "index": 4,
                        "flag": 0
                    },
                    "obj": {
                        "start": 27,
                        "end": 42,
                        "text": ".command script",
                        "id": 8,
                        "verbs": [
                            "execute"
                        ],
                        "label": [
                            "FUNCTION"
                        ],
                        "sent_index": 0,
                        "type": "object"
                    }
                },
                {
                    "sub": {
                        "start": 27,
                        "end": 42,
                        "text": ".command script",
                        "id": 8,
                        "verbs": [
                            "execute"
                        ],
                        "label": [
                            "FUNCTION"
                        ],
                        "sent_index": 0,
                        "type": "subject"
                    },
                    "verb": {
                        "negation": false,
                        "text": "from",
                        "index": 8,
                        "flag": 0
                    },
                    "obj": {
                        "start": 50,
                        "end": 66,
                        "text": "hidden directory",
                        "id": 12,
                        "verbs": [
                            "from"
                        ],
                        "label": [
                            "DIRECTORY"
                        ],
                        "sent_index": 0,
                        "type": "object"
                    }
                },
                {
                    "sub": {
                        "start": 0,
                        "end": 3,
                        "text": "OSX",
                        "id": 1,
                        "label": [
                            "COMPONENT"
                        ],
                        "sent_index": 0,
                        "type": "subject"
                    },
                    "verb": {
                        "negation": false,
                        "text": "from",
                        "index": 8,
                        "flag": 0
                    },
                    "obj": {
                        "start": 50,
                        "end": 66,
                        "text": "hidden directory",
                        "id": 12,
                        "verbs": [
                            "from"
                        ],
                        "label": [
                            "DIRECTORY"
                        ],
                        "sent_index": 0,
                        "type": "object"
                    }
                },
                {
                    "sub": {
                        "start": 3,
                        "end": 4,
                        "text": "/",
                        "id": 2,
                        "label": [
                            "OTHER"
                        ],
                        "sent_index": 0,
                        "type": "subject"
                    },
                    "verb": {
                        "negation": false,
                        "text": "from",
                        "index": 8,
                        "flag": 0
                    },
                    "obj": {
                        "start": 50,
                        "end": 66,
                        "text": "hidden directory",
                        "id": 12,
                        "verbs": [
                            "from"
                        ],
                        "label": [
                            "DIRECTORY"
                        ],
                        "sent_index": 0,
                        "type": "object"
                    }
                },
                {
                    "sub": {
                        "start": 4,
                        "end": 11,
                        "text": "Shlayer",
                        "id": 3,
                        "label": [
                            "FUNCTION"
                        ],
                        "sent_index": 0,
                        "type": "subject"
                    },
                    "verb": {
                        "negation": false,
                        "text": "from",
                        "index": 8,
                        "flag": 0
                    },
                    "obj": {
                        "start": 50,
                        "end": 66,
                        "text": "hidden directory",
                        "id": 12,
                        "verbs": [
                            "from"
                        ],
                        "label": [
                            "DIRECTORY"
                        ],
                        "sent_index": 0,
                        "type": "object"
                    }
                },
                {
                    "sub": {
                        "start": 50,
                        "end": 66,
                        "text": "hidden directory",
                        "id": 12,
                        "verbs": [
                            "from"
                        ],
                        "label": [
                            "DIRECTORY"
                        ],
                        "sent_index": 0,
                        "type": "subject"
                    },
                    "verb": {
                        "negation": false,
                        "text": "in",
                        "index": 12,
                        "flag": 0
                    },
                    "obj": {
                        "start": 72,
                        "end": 83,
                        "text": "mounted DMG",
                        "id": 16,
                        "label": [
                            "FUNCTION"
                        ],
                        "sent_index": 0,
                        "type": "object"
                    }
                }
            ]
        }
    ],
    "id": "relationship--3b967933-da99-40a4-9bd5-e8238e8d46c3",
    "tech_id": "T1564.001",
    "location": [],
    "special_id": "T1564.001"
}