{
    "text": "SUNSPOT modified its security token to grants itself debugging privileges by adding SeDebugPrivilege.",
    "graph_nodes": [
        {
            "id": 1,
            "contracted": 0,
            "meta": {
                "start": 0,
                "end": 7,
                "text": "SUNSPOT",
                "id": 1,
                "label": [
                    "ACTOR"
                ],
                "sent_index": 0,
                "type": "subject",
                "sub_label": [
                    "MALWARE"
                ]
            }
        },
        {
            "id": 5,
            "contracted": 0,
            "meta": {
                "start": 21,
                "end": 35,
                "text": "security token",
                "id": 5,
                "verbs": [
                    "modify"
                ],
                "label": [
                    "DATA"
                ],
                "sent_index": 0,
                "type": "object"
            }
        },
        {
            "id": 8,
            "contracted": 0,
            "meta": {
                "text": "itself",
                "start": 46,
                "end": 52,
                "id": 8,
                "verbs": [
                    "grants"
                ],
                "label": [
                    "OTHER"
                ],
                "sent_index": 0,
                "type": "object"
            }
        },
        {
            "id": 10,
            "contracted": 0,
            "meta": {
                "start": 53,
                "end": 73,
                "text": "debugging privileges",
                "id": 10,
                "verbs": [
                    "grants"
                ],
                "label": [
                    "DATA"
                ],
                "sent_index": 0,
                "type": "object"
            }
        },
        {
            "id": 13,
            "contracted": 0,
            "meta": {
                "start": 84,
                "end": 100,
                "text": "SeDebugPrivilege",
                "id": 13,
                "verbs": [
                    "add"
                ],
                "label": [
                    "FUNCTION"
                ],
                "sent_index": 0,
                "type": "object"
            }
        }
    ],
    "graph_edges": [
        {
            "source": 1,
            "dest": 5,
            "index": 0,
            "verb": "modify",
            "id": "1_5"
        },
        {
            "source": 1,
            "dest": 8,
            "index": 1,
            "verb": "grants",
            "id": "1_8"
        },
        {
            "source": 1,
            "dest": 10,
            "index": 2,
            "verb": "grants",
            "id": "1_10"
        },
        {
            "source": 1,
            "dest": 13,
            "index": 3,
            "verb": "add",
            "id": "1_13"
        }
    ],
    "replacement_mapper": {},
    "sentences": [
        {
            "id": 0,
            "text": "SUNSPOT modified its security token to grants itself debugging privileges by adding SeDebugPrivilege.",
            "svos": [
                {
                    "sub": {
                        "start": 0,
                        "end": 7,
                        "text": "SUNSPOT",
                        "id": 1,
                        "label": [
                            "ACTOR"
                        ],
                        "sent_index": 0,
                        "type": "subject",
                        "sub_label": [
                            "MALWARE"
                        ]
                    },
                    "verb": {
                        "negation": false,
                        "text": "modify",
                        "index": 1,
                        "flag": 0
                    },
                    "obj": {
                        "start": 21,
                        "end": 35,
                        "text": "security token",
                        "id": 5,
                        "verbs": [
                            "modify"
                        ],
                        "label": [
                            "DATA"
                        ],
                        "sent_index": 0,
                        "type": "object"
                    }
                },
                {
                    "sub": {
                        "start": 0,
                        "end": 7,
                        "text": "SUNSPOT",
                        "id": 1,
                        "label": [
                            "FUNCTION"
                        ],
                        "sent_index": 0,
                        "type": "subject"
                    },
                    "verb": {
                        "negation": false,
                        "text": "grants",
                        "index": 6,
                        "flag": 0
                    },
                    "obj": {
                        "text": "itself",
                        "start": 46,
                        "end": 52,
                        "id": 8,
                        "verbs": [
                            "grants"
                        ],
                        "label": [
                            "OTHER"
                        ],
                        "sent_index": 0,
                        "type": "object"
                    }
                },
                {
                    "sub": {
                        "start": 0,
                        "end": 7,
                        "text": "SUNSPOT",
                        "id": 1,
                        "label": [
                            "FUNCTION"
                        ],
                        "sent_index": 0,
                        "type": "subject"
                    },
                    "verb": {
                        "negation": false,
                        "text": "grants",
                        "index": 6,
                        "flag": 0
                    },
                    "obj": {
                        "start": 53,
                        "end": 73,
                        "text": "debugging privileges",
                        "id": 10,
                        "verbs": [
                            "grants"
                        ],
                        "label": [
                            "DATA"
                        ],
                        "sent_index": 0,
                        "type": "object"
                    }
                },
                {
                    "sub": {
                        "start": 0,
                        "end": 7,
                        "text": "SUNSPOT",
                        "id": 1,
                        "label": [
                            "FUNCTION"
                        ],
                        "sent_index": 0,
                        "type": "subject"
                    },
                    "verb": {
                        "negation": false,
                        "text": "add",
                        "index": 11,
                        "flag": 0
                    },
                    "obj": {
                        "start": 84,
                        "end": 100,
                        "text": "SeDebugPrivilege",
                        "id": 13,
                        "verbs": [
                            "add"
                        ],
                        "label": [
                            "FUNCTION"
                        ],
                        "sent_index": 0,
                        "type": "object"
                    }
                }
            ]
        }
    ],
    "id": "relationship--339e74c4-5e3a-4272-966f-f5542d255d0a",
    "tech_id": "T1134",
    "location": [],
    "special_id": "T1134"
}