{
    "text": "Inception has used HTTP, HTTPS, and WebDav in network communications.",
    "graph_nodes": [
        {
            "id": 1,
            "contracted": 0,
            "meta": {
                "start": 0,
                "end": 9,
                "text": "Inception",
                "id": 1,
                "label": [
                    "ACTOR"
                ],
                "sent_index": 0,
                "type": "subject"
            }
        },
        {
            "id": 4,
            "contracted": 0,
            "meta": {
                "start": 19,
                "end": 23,
                "text": "HTTP",
                "id": 4,
                "verbs": [
                    "use"
                ],
                "label": [
                    "NETWORK"
                ],
                "sent_index": 0,
                "type": "object",
                "texts": [
                    "WebDav",
                    "HTTP",
                    "HTTPS"
                ]
            }
        },
        {
            "id": 12,
            "contracted": 0,
            "meta": {
                "start": 46,
                "end": 68,
                "text": "network communications",
                "id": 12,
                "label": [
                    "NETWORK"
                ],
                "sent_index": 0,
                "type": "object"
            }
        }
    ],
    "graph_edges": [
        {
            "source": 1,
            "dest": 4,
            "index": 0,
            "verb": "use",
            "id": "1_4"
        },
        {
            "source": 1,
            "dest": 12,
            "index": 4,
            "verb": "in",
            "id": "1_12"
        },
        {
            "source": 4,
            "dest": 12,
            "index": 3,
            "verb": "in",
            "id": "4_12"
        }
    ],
    "replacement_mapper": {},
    "sentences": [
        {
            "id": 0,
            "text": "Inception has used HTTP, HTTPS, and WebDav in network communications.",
            "svos": [
                {
                    "sub": {
                        "start": 0,
                        "end": 9,
                        "text": "Inception",
                        "id": 1,
                        "label": [
                            "ACTOR"
                        ],
                        "sent_index": 0,
                        "type": "subject"
                    },
                    "verb": {
                        "negation": false,
                        "text": "use",
                        "index": 2,
                        "flag": 0
                    },
                    "obj": {
                        "start": 19,
                        "end": 23,
                        "text": "HTTP",
                        "id": 4,
                        "verbs": [
                            "use"
                        ],
                        "label": [
                            "NETWORK"
                        ],
                        "sent_index": 0,
                        "type": "object",
                        "texts": [
                            "WebDav",
                            "HTTP",
                            "HTTPS"
                        ]
                    }
                },
                {
                    "sub": {
                        "start": 0,
                        "end": 9,
                        "text": "Inception",
                        "id": 1,
                        "label": [
                            "ACTOR"
                        ],
                        "sent_index": 0,
                        "type": "subject"
                    },
                    "verb": {
                        "negation": false,
                        "text": "use",
                        "index": 2,
                        "flag": 0
                    },
                    "obj": {
                        "start": 25,
                        "end": 30,
                        "text": "HTTPS",
                        "id": 6,
                        "verbs": [
                            "use"
                        ],
                        "label": [
                            "NETWORK"
                        ],
                        "sent_index": 0,
                        "type": "object",
                        "texts": [
                            "WebDav",
                            "HTTPS"
                        ]
                    }
                },
                {
                    "sub": {
                        "start": 0,
                        "end": 9,
                        "text": "Inception",
                        "id": 1,
                        "label": [
                            "ACTOR"
                        ],
                        "sent_index": 0,
                        "type": "subject"
                    },
                    "verb": {
                        "negation": false,
                        "text": "use",
                        "index": 2,
                        "flag": 0
                    },
                    "obj": {
                        "start": 36,
                        "end": 42,
                        "text": "WebDav",
                        "id": 9,
                        "verbs": [
                            "use"
                        ],
                        "label": [
                            "NETWORK"
                        ],
                        "sent_index": 0,
                        "type": "object"
                    }
                },
                {
                    "sub": {
                        "start": 19,
                        "end": 23,
                        "text": "HTTP",
                        "id": 4,
                        "verbs": [
                            "use",
                            "use",
                            "use"
                        ],
                        "label": [
                            "NETWORK"
                        ],
                        "sent_index": 0,
                        "type": "subject"
                    },
                    "verb": {
                        "negation": false,
                        "text": "in",
                        "index": 9,
                        "flag": 0
                    },
                    "obj": {
                        "start": 46,
                        "end": 68,
                        "text": "network communications",
                        "id": 12,
                        "label": [
                            "NETWORK"
                        ],
                        "sent_index": 0,
                        "type": "object"
                    }
                },
                {
                    "sub": {
                        "start": 0,
                        "end": 9,
                        "text": "Inception",
                        "id": 1,
                        "label": [
                            "ACTOR"
                        ],
                        "sent_index": 0,
                        "type": "subject"
                    },
                    "verb": {
                        "negation": false,
                        "text": "in",
                        "index": 9,
                        "flag": 0
                    },
                    "obj": {
                        "start": 46,
                        "end": 68,
                        "text": "network communications",
                        "id": 12,
                        "label": [
                            "NETWORK"
                        ],
                        "sent_index": 0,
                        "type": "object"
                    }
                }
            ]
        }
    ],
    "id": "relationship--7fcb628d-ce4d-48a4-bb9f-b727fe54e6af",
    "tech_id": "T1071.001",
    "location": [],
    "special_id": "T1071.001"
}