{
    "text": "POWRUNER may query the Registry by running ENTITY0 on a victim.",
    "graph_nodes": [
        {
            "id": 1,
            "contracted": 0,
            "meta": {
                "start": 0,
                "end": 8,
                "text": "POWRUNER",
                "id": 1,
                "label": [
                    "ACTOR"
                ],
                "sent_index": 0,
                "type": "subject",
                "sub_label": [
                    "MALWARE"
                ]
            }
        },
        {
            "id": 5,
            "contracted": 0,
            "meta": {
                "start": 23,
                "end": 31,
                "text": "Registry",
                "id": 5,
                "verbs": [
                    "query"
                ],
                "label": [
                    "REGISTRY"
                ],
                "sent_index": 0,
                "type": "object"
            }
        },
        {
            "id": 8,
            "contracted": 0,
            "meta": {
                "start": 43,
                "end": 50,
                "text": "reg query",
                "id": 8,
                "verbs": [
                    "run"
                ],
                "label": [
                    "REGISTRY"
                ],
                "sent_index": 0,
                "type": "object"
            }
        },
        {
            "id": 11,
            "contracted": 0,
            "meta": {
                "start": 56,
                "end": 62,
                "text": "victim",
                "id": 11,
                "label": [
                    "USER"
                ],
                "sent_index": 0,
                "type": "object"
            }
        }
    ],
    "graph_edges": [
        {
            "source": 1,
            "dest": 5,
            "index": 0,
            "verb": "query",
            "id": "1_5"
        },
        {
            "source": 1,
            "dest": 8,
            "index": 1,
            "verb": "run",
            "id": "1_8"
        },
        {
            "source": 8,
            "dest": 11,
            "index": 2,
            "verb": "on",
            "id": "8_11"
        }
    ],
    "replacement_mapper": {
        "ENTITY0": {
            "text": "reg query",
            "label": "REGISTRY"
        }
    },
    "sentences": [
        {
            "id": 0,
            "text": "POWRUNER may query the Registry by running reg query on a victim.",
            "svos": [
                {
                    "sub": {
                        "start": 0,
                        "end": 8,
                        "text": "POWRUNER",
                        "id": 1,
                        "label": [
                            "ACTOR"
                        ],
                        "sent_index": 0,
                        "type": "subject",
                        "sub_label": [
                            "MALWARE"
                        ]
                    },
                    "verb": {
                        "negation": false,
                        "text": "query",
                        "index": 2,
                        "flag": 0
                    },
                    "obj": {
                        "start": 23,
                        "end": 31,
                        "text": "Registry",
                        "id": 5,
                        "verbs": [
                            "query"
                        ],
                        "label": [
                            "REGISTRY"
                        ],
                        "sent_index": 0,
                        "type": "object"
                    }
                },
                {
                    "sub": {
                        "start": 0,
                        "end": 8,
                        "text": "POWRUNER",
                        "id": 1,
                        "label": [
                            "FUNCTION"
                        ],
                        "sent_index": 0,
                        "type": "subject"
                    },
                    "verb": {
                        "negation": false,
                        "text": "run",
                        "index": 6,
                        "flag": 0
                    },
                    "obj": {
                        "start": 43,
                        "end": 50,
                        "text": "reg query",
                        "id": 8,
                        "verbs": [
                            "run"
                        ],
                        "label": [
                            "REGISTRY"
                        ],
                        "sent_index": 0,
                        "type": "object"
                    }
                },
                {
                    "sub": {
                        "start": 43,
                        "end": 50,
                        "text": "reg query",
                        "id": 8,
                        "verbs": [
                            "run"
                        ],
                        "label": [
                            "REGISTRY"
                        ],
                        "sent_index": 0,
                        "type": "subject"
                    },
                    "verb": {
                        "negation": false,
                        "text": "on",
                        "index": 8,
                        "flag": 0
                    },
                    "obj": {
                        "start": 56,
                        "end": 62,
                        "text": "victim",
                        "id": 11,
                        "label": [
                            "USER"
                        ],
                        "sent_index": 0,
                        "type": "object"
                    }
                }
            ]
        }
    ],
    "id": "relationship--d078f862-c090-4e79-808b-ff69887a920c",
    "tech_id": "T1012",
    "location": [],
    "special_id": "T1012"
}