{
    "text": "TeamTNT has developed custom malware such as Hildegard.",
    "graph_nodes": [
        {
            "id": 1,
            "contracted": 0,
            "meta": {
                "start": 0,
                "end": 7,
                "text": "TeamTNT",
                "id": 1,
                "label": [
                    "ACTOR"
                ],
                "sent_index": 0,
                "type": "subject"
            }
        },
        {
            "id": 5,
            "contracted": 0,
            "meta": {
                "start": 22,
                "end": 36,
                "text": "custom malware",
                "id": 5,
                "verbs": [
                    "develop"
                ],
                "label": [
                    "FUNCTION"
                ],
                "sent_index": 0,
                "type": "object",
                "texts": [
                    "Hildegard",
                    "custom malware"
                ]
            }
        }
    ],
    "graph_edges": [
        {
            "source": 1,
            "dest": 5,
            "index": 0,
            "verb": "develop",
            "id": "1_5"
        }
    ],
    "replacement_mapper": {},
    "sentences": [
        {
            "id": 0,
            "text": "TeamTNT has developed custom malware such as Hildegard.",
            "svos": [
                {
                    "sub": {
                        "start": 0,
                        "end": 7,
                        "text": "TeamTNT",
                        "id": 1,
                        "label": [
                            "ACTOR"
                        ],
                        "sent_index": 0,
                        "type": "subject"
                    },
                    "verb": {
                        "negation": false,
                        "text": "develop",
                        "index": 2,
                        "flag": 0
                    },
                    "obj": {
                        "start": 22,
                        "end": 36,
                        "text": "custom malware",
                        "id": 5,
                        "verbs": [
                            "develop"
                        ],
                        "label": [
                            "FUNCTION"
                        ],
                        "sent_index": 0,
                        "type": "object",
                        "texts": [
                            "Hildegard",
                            "custom malware"
                        ]
                    }
                },
                {
                    "sub": {
                        "start": 22,
                        "end": 36,
                        "text": "custom malware",
                        "id": 5,
                        "verbs": [
                            "develop"
                        ],
                        "label": [
                            "FUNCTION"
                        ],
                        "sent_index": 0,
                        "type": "subject"
                    },
                    "verb": {
                        "negation": false,
                        "text": "as",
                        "index": 6,
                        "flag": 1
                    },
                    "obj": {
                        "start": 45,
                        "end": 54,
                        "text": "Hildegard",
                        "id": 8,
                        "verbs": [
                            "as"
                        ],
                        "label": [
                            "FUNCTION"
                        ],
                        "sent_index": 0,
                        "type": "object"
                    }
                }
            ]
        }
    ],
    "id": "relationship--f2f8d56c-4a10-4be4-884d-7982931bd303",
    "tech_id": "T1587.001",
    "location": [],
    "special_id": "T1587.001"
}