{
    "text": "Black Basta has used PowerShell scripts for discovery and to execute files over the network.",
    "graph_nodes": [
        {
            "id": 2,
            "contracted": 0,
            "meta": {
                "start": 0,
                "end": 11,
                "text": "Black Basta",
                "id": 2,
                "label": [
                    "ACTOR"
                ],
                "sent_index": 0,
                "type": "subject",
                "sub_label": [
                    "MALWARE"
                ]
            }
        },
        {
            "id": 6,
            "contracted": 0,
            "meta": {
                "start": 21,
                "end": 39,
                "text": "PowerShell scripts",
                "id": 6,
                "verbs": [
                    "use"
                ],
                "label": [
                    "FUNCTION"
                ],
                "sent_index": 0,
                "type": "object"
            }
        },
        {
            "id": 7,
            "contracted": 0,
            "meta": {
                "text": "information",
                "start": 44,
                "end": 53,
                "id": 7,
                "verbs": [
                    "discover"
                ],
                "label": [
                    "DATA"
                ],
                "sent_index": 0,
                "type": "object"
            }
        },
        {
            "id": 12,
            "contracted": 0,
            "meta": {
                "start": 69,
                "end": 74,
                "text": "files",
                "id": 12,
                "verbs": [
                    "execute"
                ],
                "label": [
                    "DATA"
                ],
                "sent_index": 0,
                "type": "object"
            }
        },
        {
            "id": 15,
            "contracted": 0,
            "meta": {
                "start": 84,
                "end": 91,
                "text": "network",
                "id": 15,
                "verbs": [
                    "use"
                ],
                "label": [
                    "NETWORK"
                ],
                "sent_index": 0,
                "type": "object"
            }
        }
    ],
    "graph_edges": [
        {
            "source": 2,
            "dest": 15,
            "index": 0,
            "verb": "use",
            "id": "2_15"
        },
        {
            "source": 2,
            "dest": 6,
            "index": 1,
            "verb": "use",
            "id": "2_6"
        },
        {
            "source": 2,
            "dest": 12,
            "index": 5,
            "verb": "execute",
            "id": "2_12"
        },
        {
            "source": 12,
            "dest": 15,
            "index": 6,
            "verb": "over",
            "id": "12_15"
        }
    ],
    "replacement_mapper": {},
    "sentences": [
        {
            "id": 0,
            "text": "Black Basta has used PowerShell scripts for discovery and to execute files over the network.",
            "svos": [
                {
                    "sub": {
                        "start": 0,
                        "end": 11,
                        "text": "Black Basta",
                        "id": 2,
                        "label": [
                            "ACTOR"
                        ],
                        "sent_index": 0,
                        "type": "subject",
                        "sub_label": [
                            "MALWARE"
                        ]
                    },
                    "verb": {
                        "negation": false,
                        "text": "use",
                        "index": 0,
                        "flag": 0
                    },
                    "obj": {
                        "start": 84,
                        "end": 91,
                        "text": "network",
                        "id": 15,
                        "verbs": [
                            "use"
                        ],
                        "label": [
                            "NETWORK"
                        ],
                        "sent_index": 0,
                        "type": "object"
                    }
                },
                {
                    "sub": {
                        "start": 0,
                        "end": 11,
                        "text": "Black Basta",
                        "id": 2,
                        "label": [
                            "FUNCTION"
                        ],
                        "sent_index": 0,
                        "type": "subject"
                    },
                    "verb": {
                        "negation": false,
                        "text": "use",
                        "index": 3,
                        "flag": 0
                    },
                    "obj": {
                        "start": 21,
                        "end": 39,
                        "text": "PowerShell scripts",
                        "id": 6,
                        "verbs": [
                            "use"
                        ],
                        "label": [
                            "FUNCTION"
                        ],
                        "sent_index": 0,
                        "type": "object"
                    }
                },
                {
                    "sub": {
                        "start": 21,
                        "end": 39,
                        "text": "PowerShell scripts",
                        "id": 6,
                        "verbs": [
                            "use"
                        ],
                        "label": [
                            "FUNCTION"
                        ],
                        "sent_index": 0,
                        "type": "subject"
                    },
                    "verb": {
                        "negation": false,
                        "text": "for",
                        "index": 6,
                        "flag": 0
                    },
                    "obj": {
                        "start": 44,
                        "end": 53,
                        "text": "discovery",
                        "id": 8,
                        "label": [
                            "FUNCTION"
                        ],
                        "sent_index": 0,
                        "type": "object"
                    }
                },
                {
                    "sub": {
                        "start": 0,
                        "end": 11,
                        "text": "Black Basta",
                        "id": 2,
                        "label": [
                            "FUNCTION"
                        ],
                        "sent_index": 0,
                        "type": "subject"
                    },
                    "verb": {
                        "negation": false,
                        "text": "for",
                        "index": 6,
                        "flag": 0
                    },
                    "obj": {
                        "start": 44,
                        "end": 53,
                        "text": "discovery",
                        "id": 8,
                        "label": [
                            "FUNCTION"
                        ],
                        "sent_index": 0,
                        "type": "object"
                    }
                },
                {
                    "sub": {
                        "text": "ANY",
                        "start": 0,
                        "end": 0,
                        "label": [
                            "ACTOR"
                        ],
                        "id": 0,
                        "sent_index": 0,
                        "type": "subject"
                    },
                    "verb": {
                        "negation": false,
                        "text": "discover",
                        "index": 7,
                        "flag": 0
                    },
                    "obj": {
                        "text": "information",
                        "start": 44,
                        "end": 53,
                        "id": 7,
                        "verbs": [
                            "discover"
                        ],
                        "label": [
                            "DATA"
                        ],
                        "sent_index": 0,
                        "type": "object"
                    }
                },
                {
                    "sub": {
                        "start": 0,
                        "end": 11,
                        "text": "Black Basta",
                        "id": 2,
                        "label": [
                            "FUNCTION"
                        ],
                        "sent_index": 0,
                        "type": "subject"
                    },
                    "verb": {
                        "negation": false,
                        "text": "execute",
                        "index": 10,
                        "flag": 0
                    },
                    "obj": {
                        "start": 69,
                        "end": 74,
                        "text": "files",
                        "id": 12,
                        "verbs": [
                            "execute"
                        ],
                        "label": [
                            "DATA"
                        ],
                        "sent_index": 0,
                        "type": "object"
                    }
                },
                {
                    "sub": {
                        "start": 69,
                        "end": 74,
                        "text": "files",
                        "id": 12,
                        "verbs": [
                            "execute"
                        ],
                        "label": [
                            "DATA"
                        ],
                        "sent_index": 0,
                        "type": "subject"
                    },
                    "verb": {
                        "negation": false,
                        "text": "over",
                        "index": 12,
                        "flag": 0
                    },
                    "obj": {
                        "start": 84,
                        "end": 91,
                        "text": "network",
                        "id": 15,
                        "verbs": [
                            "over"
                        ],
                        "label": [
                            "NETWORK"
                        ],
                        "sent_index": 0,
                        "type": "object"
                    }
                }
            ]
        }
    ],
    "id": "relationship--9284080a-98cb-46d7-80b3-775a89d5bdfa",
    "tech_id": "T1059.001",
    "location": [],
    "special_id": "T1059.001"
}