{
    "text": "Zebrocy gathers the current timezone and date information from the system.",
    "graph_nodes": [
        {
            "id": 1,
            "contracted": 0,
            "meta": {
                "start": 0,
                "end": 7,
                "text": "Zebrocy",
                "id": 1,
                "label": [
                    "ACTOR"
                ],
                "sent_index": 0,
                "type": "subject",
                "sub_label": [
                    "MALWARE"
                ]
            }
        },
        {
            "id": 8,
            "contracted": 0,
            "meta": {
                "start": 28,
                "end": 57,
                "text": "timezone and date information",
                "id": 8,
                "verbs": [
                    "gather"
                ],
                "label": [
                    "DATA"
                ],
                "sent_index": 0,
                "type": "object"
            }
        },
        {
            "id": 11,
            "contracted": 0,
            "meta": {
                "start": 67,
                "end": 73,
                "text": "system",
                "id": 11,
                "verbs": [
                    "from"
                ],
                "label": [
                    "COMPONENT"
                ],
                "sent_index": 0,
                "type": "object"
            }
        }
    ],
    "graph_edges": [
        {
            "source": 1,
            "dest": 8,
            "index": 0,
            "verb": "gather",
            "id": "1_8"
        },
        {
            "source": 1,
            "dest": 11,
            "index": 2,
            "verb": "from",
            "id": "1_11"
        },
        {
            "source": 8,
            "dest": 11,
            "index": 1,
            "verb": "from",
            "id": "8_11"
        }
    ],
    "replacement_mapper": {},
    "sentences": [
        {
            "id": 0,
            "text": "Zebrocy gathers the current timezone and date information from the system.",
            "svos": [
                {
                    "sub": {
                        "start": 0,
                        "end": 7,
                        "text": "Zebrocy",
                        "id": 1,
                        "label": [
                            "ACTOR"
                        ],
                        "sent_index": 0,
                        "type": "subject",
                        "sub_label": [
                            "MALWARE"
                        ]
                    },
                    "verb": {
                        "negation": false,
                        "text": "gather",
                        "index": 1,
                        "flag": 0
                    },
                    "obj": {
                        "start": 28,
                        "end": 57,
                        "text": "timezone and date information",
                        "id": 8,
                        "verbs": [
                            "gather"
                        ],
                        "label": [
                            "DATA"
                        ],
                        "sent_index": 0,
                        "type": "object"
                    }
                },
                {
                    "sub": {
                        "start": 28,
                        "end": 57,
                        "text": "timezone and date information",
                        "id": 8,
                        "verbs": [
                            "gather"
                        ],
                        "label": [
                            "DATA"
                        ],
                        "sent_index": 0,
                        "type": "subject"
                    },
                    "verb": {
                        "negation": false,
                        "text": "from",
                        "index": 8,
                        "flag": 0
                    },
                    "obj": {
                        "start": 67,
                        "end": 73,
                        "text": "system",
                        "id": 11,
                        "verbs": [
                            "from"
                        ],
                        "label": [
                            "COMPONENT"
                        ],
                        "sent_index": 0,
                        "type": "object"
                    }
                },
                {
                    "sub": {
                        "start": 0,
                        "end": 7,
                        "text": "Zebrocy",
                        "id": 1,
                        "label": [
                            "FUNCTION"
                        ],
                        "sent_index": 0,
                        "type": "subject"
                    },
                    "verb": {
                        "negation": false,
                        "text": "from",
                        "index": 8,
                        "flag": 0
                    },
                    "obj": {
                        "start": 67,
                        "end": 73,
                        "text": "system",
                        "id": 11,
                        "verbs": [
                            "from"
                        ],
                        "label": [
                            "COMPONENT"
                        ],
                        "sent_index": 0,
                        "type": "object"
                    }
                }
            ]
        }
    ],
    "id": "relationship--07eea18c-048c-4187-a6f1-ca97e9bfc846",
    "tech_id": "T1124",
    "location": [],
    "special_id": "T1124"
}