{
    "text": "KOCTOPUS has relied on victims clicking a malicious document for execution.",
    "graph_nodes": [
        {
            "id": 1,
            "contracted": 0,
            "meta": {
                "start": 0,
                "end": 8,
                "text": "KOCTOPUS",
                "id": 1,
                "label": [
                    "ACTOR"
                ],
                "sent_index": 0,
                "type": "subject",
                "sub_label": [
                    "MALWARE"
                ]
            }
        },
        {
            "id": 5,
            "contracted": 0,
            "meta": {
                "start": 23,
                "end": 30,
                "text": "victims",
                "id": 5,
                "label": [
                    "USER"
                ],
                "sent_index": 0,
                "type": "subject"
            }
        },
        {
            "id": 9,
            "contracted": 0,
            "meta": {
                "start": 52,
                "end": 60,
                "text": "document",
                "id": 9,
                "verbs": [
                    "click"
                ],
                "label": [
                    "DATA"
                ],
                "sent_index": 0,
                "type": "object"
            }
        },
        {
            "id": 10,
            "contracted": 0,
            "meta": {
                "text": "command",
                "start": 65,
                "end": 74,
                "id": 10,
                "verbs": [
                    "execute"
                ],
                "label": [
                    "FUNCTION"
                ],
                "sent_index": 0,
                "type": "object"
            }
        }
    ],
    "graph_edges": [
        {
            "source": 1,
            "dest": 9,
            "index": 0,
            "verb": "click",
            "id": "1_9"
        },
        {
            "source": 5,
            "dest": 9,
            "index": 1,
            "verb": "click",
            "id": "5_9"
        }
    ],
    "replacement_mapper": {},
    "sentences": [
        {
            "id": 0,
            "text": "KOCTOPUS has relied on victims clicking a malicious document for execution.",
            "svos": [
                {
                    "sub": {
                        "start": 0,
                        "end": 8,
                        "text": "KOCTOPUS",
                        "id": 1,
                        "label": [
                            "ACTOR"
                        ],
                        "sent_index": 0,
                        "type": "subject",
                        "sub_label": [
                            "MALWARE"
                        ]
                    },
                    "verb": {
                        "negation": false,
                        "text": "click",
                        "index": 5,
                        "flag": 0
                    },
                    "obj": {
                        "start": 52,
                        "end": 60,
                        "text": "document",
                        "id": 9,
                        "verbs": [
                            "click"
                        ],
                        "label": [
                            "DATA"
                        ],
                        "sent_index": 0,
                        "type": "object"
                    }
                },
                {
                    "sub": {
                        "start": 23,
                        "end": 30,
                        "text": "victims",
                        "id": 5,
                        "label": [
                            "USER"
                        ],
                        "sent_index": 0,
                        "type": "subject"
                    },
                    "verb": {
                        "negation": false,
                        "text": "click",
                        "index": 5,
                        "flag": 0
                    },
                    "obj": {
                        "start": 52,
                        "end": 60,
                        "text": "document",
                        "id": 9,
                        "verbs": [
                            "click"
                        ],
                        "label": [
                            "DATA"
                        ],
                        "sent_index": 0,
                        "type": "object"
                    }
                },
                {
                    "sub": {
                        "start": 52,
                        "end": 60,
                        "text": "document",
                        "id": 9,
                        "verbs": [
                            "click"
                        ],
                        "label": [
                            "DATA"
                        ],
                        "sent_index": 0,
                        "type": "subject"
                    },
                    "verb": {
                        "negation": false,
                        "text": "for",
                        "index": 9,
                        "flag": 0
                    },
                    "obj": {
                        "start": 65,
                        "end": 74,
                        "text": "execution",
                        "id": 11,
                        "label": [
                            "FUNCTION"
                        ],
                        "sent_index": 0,
                        "type": "object"
                    }
                },
                {
                    "sub": {
                        "start": 23,
                        "end": 30,
                        "text": "victims",
                        "id": 5,
                        "label": [
                            "USER"
                        ],
                        "sent_index": 0,
                        "type": "subject"
                    },
                    "verb": {
                        "negation": false,
                        "text": "for",
                        "index": 9,
                        "flag": 0
                    },
                    "obj": {
                        "start": 65,
                        "end": 74,
                        "text": "execution",
                        "id": 11,
                        "label": [
                            "FUNCTION"
                        ],
                        "sent_index": 0,
                        "type": "object"
                    }
                },
                {
                    "sub": {
                        "text": "ANY",
                        "start": 0,
                        "end": 0,
                        "label": [
                            "ACTOR"
                        ],
                        "id": 0,
                        "sent_index": 0,
                        "type": "subject"
                    },
                    "verb": {
                        "negation": false,
                        "text": "execute",
                        "index": 10,
                        "flag": 0
                    },
                    "obj": {
                        "text": "command",
                        "start": 65,
                        "end": 74,
                        "id": 10,
                        "verbs": [
                            "execute"
                        ],
                        "label": [
                            "FUNCTION"
                        ],
                        "sent_index": 0,
                        "type": "object"
                    }
                }
            ]
        }
    ],
    "id": "relationship--08c45e87-edef-455d-a15a-4612f2312e29",
    "tech_id": "T1204.002",
    "location": [],
    "special_id": "T1204.002"
}