{
    "text": "SUNBURST created VBScripts that were named after existing services or folders to blend into legitimate activities.",
    "graph_nodes": [
        {
            "id": 1,
            "contracted": 0,
            "meta": {
                "start": 0,
                "end": 8,
                "text": "SUNBURST",
                "id": 1,
                "label": [
                    "ACTOR"
                ],
                "sent_index": 0,
                "type": "subject",
                "sub_label": [
                    "MALWARE"
                ]
            }
        },
        {
            "id": 3,
            "contracted": 0,
            "meta": {
                "start": 17,
                "end": 26,
                "text": "VBScripts",
                "id": 3,
                "verbs": [
                    "create"
                ],
                "label": [
                    "FUNCTION"
                ],
                "sent_index": 0,
                "type": "subject"
            }
        },
        {
            "id": 4,
            "contracted": 0,
            "meta": {
                "text": "that",
                "start": 27,
                "end": 31,
                "id": 4,
                "verbs": [
                    "name"
                ],
                "label": [
                    "OTHER"
                ],
                "sent_index": 0,
                "type": "object"
            }
        },
        {
            "id": 9,
            "contracted": 0,
            "meta": {
                "start": 58,
                "end": 66,
                "text": "services",
                "id": 9,
                "verbs": [
                    "use"
                ],
                "label": [
                    "DIRECTORY",
                    "FUNCTION"
                ],
                "sent_index": 0,
                "type": "object",
                "texts": [
                    "folders",
                    "services"
                ]
            }
        },
        {
            "id": 16,
            "contracted": 0,
            "meta": {
                "start": 92,
                "end": 113,
                "text": "legitimate activities",
                "id": 16,
                "verbs": [
                    "blend"
                ],
                "label": [
                    "FUNCTION"
                ],
                "sent_index": 0,
                "type": "object"
            }
        }
    ],
    "graph_edges": [
        {
            "source": 3,
            "dest": 9,
            "index": 0,
            "verb": "use",
            "id": "3_9"
        },
        {
            "source": 3,
            "dest": 16,
            "index": 5,
            "verb": "blend",
            "id": "3_16"
        },
        {
            "source": 1,
            "dest": 3,
            "index": 2,
            "verb": "create",
            "id": "1_3"
        },
        {
            "source": 4,
            "dest": 9,
            "index": 4,
            "verb": "after",
            "id": "4_9"
        }
    ],
    "replacement_mapper": {},
    "sentences": [
        {
            "id": 0,
            "text": "SUNBURST created VBScripts that were named after existing services or folders to blend into legitimate activities.",
            "svos": [
                {
                    "sub": {
                        "start": 17,
                        "end": 26,
                        "text": "VBScripts",
                        "id": 3,
                        "verbs": [
                            "create"
                        ],
                        "label": [
                            "FUNCTION"
                        ],
                        "sent_index": 0,
                        "type": "subject"
                    },
                    "verb": {
                        "negation": false,
                        "text": "use",
                        "index": -1,
                        "flag": 0
                    },
                    "obj": {
                        "start": 58,
                        "end": 66,
                        "text": "services",
                        "id": 9,
                        "verbs": [
                            "use"
                        ],
                        "label": [
                            "DIRECTORY",
                            "FUNCTION"
                        ],
                        "sent_index": 0,
                        "type": "object",
                        "texts": [
                            "folders",
                            "services"
                        ]
                    }
                },
                {
                    "sub": {
                        "start": 17,
                        "end": 26,
                        "text": "VBScripts",
                        "id": 3,
                        "verbs": [
                            "create"
                        ],
                        "label": [
                            "FUNCTION"
                        ],
                        "sent_index": 0,
                        "type": "subject"
                    },
                    "verb": {
                        "negation": false,
                        "text": "use",
                        "index": -1,
                        "flag": 0
                    },
                    "obj": {
                        "start": 70,
                        "end": 77,
                        "text": "folders",
                        "id": 11,
                        "verbs": [
                            "use"
                        ],
                        "label": [
                            "DIRECTORY"
                        ],
                        "sent_index": 0,
                        "type": "object"
                    }
                },
                {
                    "sub": {
                        "start": 0,
                        "end": 8,
                        "text": "SUNBURST",
                        "id": 1,
                        "label": [
                            "ACTOR"
                        ],
                        "sent_index": 0,
                        "type": "subject",
                        "sub_label": [
                            "MALWARE"
                        ]
                    },
                    "verb": {
                        "negation": false,
                        "text": "create",
                        "index": 1,
                        "flag": 0
                    },
                    "obj": {
                        "start": 17,
                        "end": 26,
                        "text": "VBScripts",
                        "id": 3,
                        "verbs": [
                            "create"
                        ],
                        "label": [
                            "FUNCTION"
                        ],
                        "sent_index": 0,
                        "type": "object"
                    }
                },
                {
                    "sub": {
                        "text": "ANY",
                        "start": 0,
                        "end": 0,
                        "label": [
                            "ACTOR"
                        ],
                        "id": 0,
                        "sent_index": 0,
                        "type": "subject"
                    },
                    "verb": {
                        "negation": false,
                        "text": "name",
                        "index": 5,
                        "flag": 0
                    },
                    "obj": {
                        "text": "that",
                        "start": 27,
                        "end": 31,
                        "id": 4,
                        "verbs": [
                            "name"
                        ],
                        "label": [
                            "OTHER"
                        ],
                        "sent_index": 0,
                        "type": "object"
                    }
                },
                {
                    "sub": {
                        "text": "that",
                        "start": 27,
                        "end": 31,
                        "id": 4,
                        "verbs": [
                            "name"
                        ],
                        "label": [
                            "OTHER"
                        ],
                        "sent_index": 0,
                        "type": "subject"
                    },
                    "verb": {
                        "negation": false,
                        "text": "after",
                        "index": 6,
                        "flag": 0
                    },
                    "obj": {
                        "start": 58,
                        "end": 66,
                        "text": "services",
                        "id": 9,
                        "verbs": [
                            "after"
                        ],
                        "label": [
                            "FUNCTION"
                        ],
                        "sent_index": 0,
                        "type": "object"
                    }
                },
                {
                    "sub": {
                        "start": 17,
                        "end": 26,
                        "text": "VBScripts",
                        "id": 3,
                        "verbs": [
                            "create"
                        ],
                        "label": [
                            "FUNCTION"
                        ],
                        "sent_index": 0,
                        "type": "subject"
                    },
                    "verb": {
                        "negation": false,
                        "text": "blend",
                        "index": 12,
                        "flag": 0
                    },
                    "obj": {
                        "start": 92,
                        "end": 113,
                        "text": "legitimate activities",
                        "id": 16,
                        "verbs": [
                            "blend"
                        ],
                        "label": [
                            "FUNCTION"
                        ],
                        "sent_index": 0,
                        "type": "object"
                    }
                }
            ]
        }
    ],
    "id": "relationship--81f979db-6420-4686-9239-085ff2a8cc53",
    "tech_id": "T1036.005",
    "location": [],
    "special_id": "T1036.005"
}