{
    "text": "TinyZBot supports execution from the command-line.",
    "graph_nodes": [
        {
            "id": 1,
            "contracted": 0,
            "meta": {
                "start": 0,
                "end": 8,
                "text": "TinyZBot",
                "id": 1,
                "label": [
                    "ACTOR"
                ],
                "sent_index": 0,
                "type": "subject",
                "sub_label": [
                    "MALWARE"
                ]
            }
        },
        {
            "id": 2,
            "contracted": 0,
            "meta": {
                "text": "command",
                "start": 18,
                "end": 27,
                "id": 2,
                "verbs": [
                    "execute"
                ],
                "label": [
                    "FUNCTION"
                ],
                "sent_index": 0,
                "type": "object"
            }
        },
        {
            "id": 6,
            "contracted": 0,
            "meta": {
                "start": 37,
                "end": 49,
                "text": "command-line",
                "id": 6,
                "verbs": [
                    "from"
                ],
                "label": [
                    "FUNCTION"
                ],
                "sent_index": 0,
                "type": "object"
            }
        }
    ],
    "graph_edges": [
        {
            "source": 1,
            "dest": 2,
            "index": 0,
            "verb": "any",
            "id": "1_2"
        }
    ],
    "replacement_mapper": {},
    "sentences": [
        {
            "id": 0,
            "text": "TinyZBot supports execution from the command-line.",
            "svos": [
                {
                    "sub": {
                        "start": 0,
                        "end": 8,
                        "text": "TinyZBot",
                        "id": 1,
                        "label": [
                            "ACTOR"
                        ],
                        "sent_index": 0,
                        "type": "subject",
                        "sub_label": [
                            "MALWARE"
                        ]
                    },
                    "verb": {
                        "negation": false,
                        "text": "support",
                        "index": 1,
                        "flag": 0
                    },
                    "obj": {
                        "start": 18,
                        "end": 27,
                        "text": "execution",
                        "id": 3,
                        "verbs": [
                            "support"
                        ],
                        "label": [
                            "FUNCTION"
                        ],
                        "sent_index": 0,
                        "type": "object"
                    }
                },
                {
                    "sub": {
                        "text": "ANY",
                        "start": 0,
                        "end": 0,
                        "label": [
                            "ACTOR"
                        ],
                        "id": 0,
                        "sent_index": 0,
                        "type": "subject"
                    },
                    "verb": {
                        "negation": false,
                        "text": "execute",
                        "index": 2,
                        "flag": 0
                    },
                    "obj": {
                        "text": "command",
                        "start": 18,
                        "end": 27,
                        "id": 2,
                        "verbs": [
                            "execute"
                        ],
                        "label": [
                            "FUNCTION"
                        ],
                        "sent_index": 0,
                        "type": "object"
                    }
                },
                {
                    "sub": {
                        "start": 18,
                        "end": 27,
                        "text": "execution",
                        "id": 3,
                        "verbs": [
                            "support"
                        ],
                        "label": [
                            "FUNCTION"
                        ],
                        "sent_index": 0,
                        "type": "subject"
                    },
                    "verb": {
                        "negation": false,
                        "text": "from",
                        "index": 3,
                        "flag": 0
                    },
                    "obj": {
                        "start": 37,
                        "end": 49,
                        "text": "command-line",
                        "id": 6,
                        "verbs": [
                            "from"
                        ],
                        "label": [
                            "FUNCTION"
                        ],
                        "sent_index": 0,
                        "type": "object"
                    }
                }
            ]
        }
    ],
    "id": "relationship--fdc4c379-e6e6-4454-933d-2a9a4a78cf98",
    "tech_id": "T1059.003",
    "location": [],
    "special_id": "T1059.003"
}