{
    "text": "RTM has used an RSS feed on Livejournal to update encrypted C2 names. RTM has also hidden Pony C2 IP addresses within transactions on the Bitcoin and Namecoin blockchain.",
    "graph_nodes": [
        {
            "id": 1,
            "contracted": 0,
            "meta": {
                "start": 0,
                "end": 3,
                "text": "RTM",
                "id": 1,
                "label": [
                    "ACTOR"
                ],
                "sent_index": 0,
                "type": "subject",
                "ids": [
                    1,
                    1001
                ],
                "texts": [
                    "RTM"
                ],
                "sub_label": [
                    "MALWARE"
                ]
            }
        },
        {
            "id": 6,
            "contracted": 0,
            "meta": {
                "start": 16,
                "end": 24,
                "text": "RSS feed",
                "id": 6,
                "verbs": [
                    "use"
                ],
                "label": [
                    "DATA"
                ],
                "sent_index": 0,
                "type": "object"
            }
        },
        {
            "id": 8,
            "contracted": 0,
            "meta": {
                "start": 28,
                "end": 39,
                "text": "Livejournal",
                "id": 8,
                "label": [
                    "OTHER"
                ],
                "sent_index": 0,
                "type": "object"
            }
        },
        {
            "id": 13,
            "contracted": 0,
            "meta": {
                "start": 50,
                "end": 68,
                "text": "encrypted C2 names",
                "id": 13,
                "verbs": [
                    "update"
                ],
                "label": [
                    "DATA"
                ],
                "sent_index": 0,
                "type": "object"
            }
        },
        {
            "id": 1008,
            "contracted": 0,
            "meta": {
                "start": 20,
                "end": 40,
                "text": "Pony C2 IP addresses",
                "id": 8,
                "verbs": [
                    "hide"
                ],
                "label": [
                    "NETWORK"
                ],
                "sent_index": 1,
                "type": "object"
            }
        },
        {
            "id": 1010,
            "contracted": 0,
            "meta": {
                "start": 48,
                "end": 60,
                "text": "transactions",
                "id": 10,
                "verbs": [
                    "within"
                ],
                "label": [
                    "DATA"
                ],
                "sent_index": 1,
                "type": "object"
            }
        },
        {
            "id": 1016,
            "contracted": 0,
            "meta": {
                "start": 68,
                "end": 99,
                "text": "Bitcoin and Namecoin blockchain",
                "id": 16,
                "label": [
                    "FUNCTION"
                ],
                "sent_index": 1,
                "type": "object"
            }
        }
    ],
    "graph_edges": [
        {
            "source": 1,
            "dest": 6,
            "index": 0,
            "verb": "use",
            "id": "1_6"
        },
        {
            "source": 1,
            "dest": 13,
            "index": 2,
            "verb": "update",
            "id": "1_13"
        },
        {
            "source": 1,
            "dest": 1008,
            "index": 3,
            "verb": "hide",
            "id": "1_1008"
        },
        {
            "source": 1,
            "dest": 1010,
            "index": 5,
            "verb": "within",
            "id": "1_1010"
        },
        {
            "source": 6,
            "dest": 8,
            "index": 1,
            "verb": "on",
            "id": "6_8"
        },
        {
            "source": 1008,
            "dest": 1010,
            "index": 4,
            "verb": "within",
            "id": "1008_1010"
        },
        {
            "source": 1010,
            "dest": 1016,
            "index": 6,
            "verb": "on",
            "id": "1010_1016"
        }
    ],
    "replacement_mapper": {},
    "sentences": [
        {
            "id": 0,
            "text": "RTM has used an RSS feed on Livejournal to update encrypted C2 names.",
            "svos": [
                {
                    "sub": {
                        "start": 0,
                        "end": 3,
                        "text": "RTM",
                        "id": 1,
                        "label": [
                            "ACTOR"
                        ],
                        "sent_index": 0,
                        "type": "subject",
                        "ids": [
                            1,
                            1001
                        ],
                        "texts": [
                            "RTM"
                        ],
                        "sub_label": [
                            "MALWARE"
                        ]
                    },
                    "verb": {
                        "negation": false,
                        "text": "use",
                        "index": 2,
                        "flag": 0
                    },
                    "obj": {
                        "start": 16,
                        "end": 24,
                        "text": "RSS feed",
                        "id": 6,
                        "verbs": [
                            "use"
                        ],
                        "label": [
                            "DATA"
                        ],
                        "sent_index": 0,
                        "type": "object"
                    }
                },
                {
                    "sub": {
                        "start": 16,
                        "end": 24,
                        "text": "RSS feed",
                        "id": 6,
                        "verbs": [
                            "use"
                        ],
                        "label": [
                            "DATA"
                        ],
                        "sent_index": 0,
                        "type": "subject"
                    },
                    "verb": {
                        "negation": false,
                        "text": "on",
                        "index": 6,
                        "flag": 0
                    },
                    "obj": {
                        "start": 28,
                        "end": 39,
                        "text": "Livejournal",
                        "id": 8,
                        "label": [
                            "OTHER"
                        ],
                        "sent_index": 0,
                        "type": "object"
                    }
                },
                {
                    "sub": {
                        "start": 0,
                        "end": 3,
                        "text": "RTM",
                        "id": 1,
                        "label": [
                            "FUNCTION"
                        ],
                        "sent_index": 0,
                        "type": "subject"
                    },
                    "verb": {
                        "negation": false,
                        "text": "update",
                        "index": 9,
                        "flag": 0
                    },
                    "obj": {
                        "start": 50,
                        "end": 68,
                        "text": "encrypted C2 names",
                        "id": 13,
                        "verbs": [
                            "update"
                        ],
                        "label": [
                            "DATA"
                        ],
                        "sent_index": 0,
                        "type": "object"
                    }
                }
            ]
        },
        {
            "id": 1,
            "text": "RTM has also hidden Pony C2 IP addresses within transactions on the Bitcoin and Namecoin blockchain.",
            "svos": [
                {
                    "sub": {
                        "start": 0,
                        "end": 3,
                        "text": "RTM",
                        "id": 1,
                        "label": [
                            "FUNCTION"
                        ],
                        "sent_index": 1,
                        "type": "subject"
                    },
                    "verb": {
                        "negation": false,
                        "text": "hide",
                        "index": 3,
                        "flag": 0
                    },
                    "obj": {
                        "start": 20,
                        "end": 40,
                        "text": "Pony C2 IP addresses",
                        "id": 8,
                        "verbs": [
                            "hide"
                        ],
                        "label": [
                            "NETWORK"
                        ],
                        "sent_index": 1,
                        "type": "object"
                    }
                },
                {
                    "sub": {
                        "start": 20,
                        "end": 40,
                        "text": "Pony C2 IP addresses",
                        "id": 8,
                        "verbs": [
                            "hide"
                        ],
                        "label": [
                            "NETWORK"
                        ],
                        "sent_index": 1,
                        "type": "subject"
                    },
                    "verb": {
                        "negation": false,
                        "text": "within",
                        "index": 8,
                        "flag": 0
                    },
                    "obj": {
                        "start": 48,
                        "end": 60,
                        "text": "transactions",
                        "id": 10,
                        "verbs": [
                            "within"
                        ],
                        "label": [
                            "DATA"
                        ],
                        "sent_index": 1,
                        "type": "object"
                    }
                },
                {
                    "sub": {
                        "start": 0,
                        "end": 3,
                        "text": "RTM",
                        "id": 1,
                        "label": [
                            "FUNCTION"
                        ],
                        "sent_index": 1,
                        "type": "subject"
                    },
                    "verb": {
                        "negation": false,
                        "text": "within",
                        "index": 8,
                        "flag": 0
                    },
                    "obj": {
                        "start": 48,
                        "end": 60,
                        "text": "transactions",
                        "id": 10,
                        "verbs": [
                            "within"
                        ],
                        "label": [
                            "DATA"
                        ],
                        "sent_index": 1,
                        "type": "object"
                    }
                },
                {
                    "sub": {
                        "start": 48,
                        "end": 60,
                        "text": "transactions",
                        "id": 10,
                        "verbs": [
                            "within"
                        ],
                        "label": [
                            "DATA"
                        ],
                        "sent_index": 1,
                        "type": "subject"
                    },
                    "verb": {
                        "negation": false,
                        "text": "on",
                        "index": 10,
                        "flag": 0
                    },
                    "obj": {
                        "start": 68,
                        "end": 99,
                        "text": "Bitcoin and Namecoin blockchain",
                        "id": 16,
                        "label": [
                            "FUNCTION"
                        ],
                        "sent_index": 1,
                        "type": "object"
                    }
                }
            ]
        }
    ],
    "id": "relationship--954c6284-d1eb-48f1-96a4-1ed81b063d82",
    "tech_id": "T1102.001",
    "location": [],
    "special_id": "T1102.001"
}