{
    "text": "QakBot has collected usernames and passwords from Firefox and Chrome.",
    "graph_nodes": [
        {
            "id": 1,
            "contracted": 0,
            "meta": {
                "start": 0,
                "end": 6,
                "text": "QakBot",
                "id": 1,
                "label": [
                    "ACTOR"
                ],
                "sent_index": 0,
                "type": "subject",
                "sub_label": [
                    "MALWARE"
                ]
            }
        },
        {
            "id": 4,
            "contracted": 0,
            "meta": {
                "start": 21,
                "end": 30,
                "text": "usernames",
                "id": 4,
                "verbs": [
                    "collect"
                ],
                "label": [
                    "DATA"
                ],
                "sent_index": 0,
                "type": "object",
                "texts": [
                    "usernames",
                    "passwords"
                ]
            }
        },
        {
            "id": 8,
            "contracted": 0,
            "meta": {
                "start": 50,
                "end": 57,
                "text": "Firefox",
                "id": 8,
                "verbs": [
                    "from"
                ],
                "label": [
                    "COMPONENT"
                ],
                "sent_index": 0,
                "type": "object",
                "texts": [
                    "Chrome",
                    "Firefox"
                ]
            }
        }
    ],
    "graph_edges": [
        {
            "source": 1,
            "dest": 4,
            "index": 0,
            "verb": "collect",
            "id": "1_4"
        },
        {
            "source": 1,
            "dest": 8,
            "index": 6,
            "verb": "from",
            "id": "1_8"
        },
        {
            "source": 4,
            "dest": 8,
            "index": 2,
            "verb": "from",
            "id": "4_8"
        }
    ],
    "replacement_mapper": {},
    "sentences": [
        {
            "id": 0,
            "text": "QakBot has collected usernames and passwords from Firefox and Chrome.",
            "svos": [
                {
                    "sub": {
                        "start": 0,
                        "end": 6,
                        "text": "QakBot",
                        "id": 1,
                        "label": [
                            "ACTOR"
                        ],
                        "sent_index": 0,
                        "type": "subject",
                        "sub_label": [
                            "MALWARE"
                        ]
                    },
                    "verb": {
                        "negation": false,
                        "text": "collect",
                        "index": 2,
                        "flag": 0
                    },
                    "obj": {
                        "start": 21,
                        "end": 30,
                        "text": "usernames",
                        "id": 4,
                        "verbs": [
                            "collect"
                        ],
                        "label": [
                            "DATA"
                        ],
                        "sent_index": 0,
                        "type": "object",
                        "texts": [
                            "usernames",
                            "passwords"
                        ]
                    }
                },
                {
                    "sub": {
                        "start": 0,
                        "end": 6,
                        "text": "QakBot",
                        "id": 1,
                        "label": [
                            "FUNCTION"
                        ],
                        "sent_index": 0,
                        "type": "subject"
                    },
                    "verb": {
                        "negation": false,
                        "text": "collect",
                        "index": 2,
                        "flag": 0
                    },
                    "obj": {
                        "start": 35,
                        "end": 44,
                        "text": "passwords",
                        "id": 6,
                        "verbs": [
                            "collect"
                        ],
                        "label": [
                            "DATA"
                        ],
                        "sent_index": 0,
                        "type": "object"
                    }
                },
                {
                    "sub": {
                        "start": 21,
                        "end": 30,
                        "text": "usernames",
                        "id": 4,
                        "verbs": [
                            "collect",
                            "collect"
                        ],
                        "label": [
                            "DATA"
                        ],
                        "sent_index": 0,
                        "type": "subject"
                    },
                    "verb": {
                        "negation": false,
                        "text": "from",
                        "index": 6,
                        "flag": 0
                    },
                    "obj": {
                        "start": 50,
                        "end": 57,
                        "text": "Firefox",
                        "id": 8,
                        "verbs": [
                            "from"
                        ],
                        "label": [
                            "COMPONENT"
                        ],
                        "sent_index": 0,
                        "type": "object",
                        "texts": [
                            "Chrome",
                            "Firefox"
                        ]
                    }
                },
                {
                    "sub": {
                        "start": 21,
                        "end": 30,
                        "text": "usernames",
                        "id": 4,
                        "verbs": [
                            "collect",
                            "collect"
                        ],
                        "label": [
                            "DATA"
                        ],
                        "sent_index": 0,
                        "type": "subject"
                    },
                    "verb": {
                        "negation": false,
                        "text": "from",
                        "index": 6,
                        "flag": 0
                    },
                    "obj": {
                        "start": 62,
                        "end": 68,
                        "text": "Chrome",
                        "id": 10,
                        "verbs": [
                            "from"
                        ],
                        "label": [
                            "COMPONENT"
                        ],
                        "sent_index": 0,
                        "type": "object"
                    }
                },
                {
                    "sub": {
                        "start": 35,
                        "end": 44,
                        "text": "passwords",
                        "id": 6,
                        "verbs": [
                            "collect"
                        ],
                        "label": [
                            "DATA"
                        ],
                        "sent_index": 0,
                        "type": "subject"
                    },
                    "verb": {
                        "negation": false,
                        "text": "from",
                        "index": 6,
                        "flag": 0
                    },
                    "obj": {
                        "start": 50,
                        "end": 57,
                        "text": "Firefox",
                        "id": 8,
                        "verbs": [
                            "from"
                        ],
                        "label": [
                            "COMPONENT"
                        ],
                        "sent_index": 0,
                        "type": "object"
                    }
                },
                {
                    "sub": {
                        "start": 35,
                        "end": 44,
                        "text": "passwords",
                        "id": 6,
                        "verbs": [
                            "collect"
                        ],
                        "label": [
                            "DATA"
                        ],
                        "sent_index": 0,
                        "type": "subject"
                    },
                    "verb": {
                        "negation": false,
                        "text": "from",
                        "index": 6,
                        "flag": 0
                    },
                    "obj": {
                        "start": 62,
                        "end": 68,
                        "text": "Chrome",
                        "id": 10,
                        "verbs": [
                            "from"
                        ],
                        "label": [
                            "COMPONENT"
                        ],
                        "sent_index": 0,
                        "type": "object"
                    }
                },
                {
                    "sub": {
                        "start": 0,
                        "end": 6,
                        "text": "QakBot",
                        "id": 1,
                        "label": [
                            "FUNCTION"
                        ],
                        "sent_index": 0,
                        "type": "subject"
                    },
                    "verb": {
                        "negation": false,
                        "text": "from",
                        "index": 6,
                        "flag": 0
                    },
                    "obj": {
                        "start": 50,
                        "end": 57,
                        "text": "Firefox",
                        "id": 8,
                        "verbs": [
                            "from"
                        ],
                        "label": [
                            "COMPONENT"
                        ],
                        "sent_index": 0,
                        "type": "object"
                    }
                }
            ]
        }
    ],
    "id": "relationship--eaf2533c-e25e-4d4c-a7e5-62342a874bb1",
    "tech_id": "T1555.003",
    "location": [],
    "special_id": "T1555.003"
}