{
    "text": "Ember Bear has stolen legitimate certificates to sign malicious payloads.",
    "graph_nodes": [
        {
            "id": 2,
            "contracted": 0,
            "meta": {
                "start": 0,
                "end": 10,
                "text": "Ember Bear",
                "id": 2,
                "label": [
                    "ACTOR"
                ],
                "sent_index": 0,
                "type": "subject"
            }
        },
        {
            "id": 6,
            "contracted": 0,
            "meta": {
                "start": 22,
                "end": 45,
                "text": "legitimate certificates",
                "id": 6,
                "verbs": [
                    "steal"
                ],
                "label": [
                    "DATA"
                ],
                "sent_index": 0,
                "type": "object"
            }
        },
        {
            "id": 10,
            "contracted": 0,
            "meta": {
                "start": 64,
                "end": 72,
                "text": "payloads",
                "id": 10,
                "verbs": [
                    "sign"
                ],
                "label": [
                    "FUNCTION"
                ],
                "sent_index": 0,
                "type": "object"
            }
        }
    ],
    "graph_edges": [
        {
            "source": 2,
            "dest": 6,
            "index": 0,
            "verb": "steal",
            "id": "2_6"
        },
        {
            "source": 6,
            "dest": 10,
            "index": 1,
            "verb": "sign",
            "id": "6_10"
        }
    ],
    "replacement_mapper": {},
    "sentences": [
        {
            "id": 0,
            "text": "Ember Bear has stolen legitimate certificates to sign malicious payloads.",
            "svos": [
                {
                    "sub": {
                        "start": 0,
                        "end": 10,
                        "text": "Ember Bear",
                        "id": 2,
                        "label": [
                            "ACTOR"
                        ],
                        "sent_index": 0,
                        "type": "subject"
                    },
                    "verb": {
                        "negation": false,
                        "text": "steal",
                        "index": 3,
                        "flag": 0
                    },
                    "obj": {
                        "start": 22,
                        "end": 45,
                        "text": "legitimate certificates",
                        "id": 6,
                        "verbs": [
                            "steal"
                        ],
                        "label": [
                            "DATA"
                        ],
                        "sent_index": 0,
                        "type": "object"
                    }
                },
                {
                    "sub": {
                        "start": 22,
                        "end": 45,
                        "text": "legitimate certificates",
                        "id": 6,
                        "verbs": [
                            "steal"
                        ],
                        "label": [
                            "DATA"
                        ],
                        "sent_index": 0,
                        "type": "subject"
                    },
                    "verb": {
                        "negation": false,
                        "text": "sign",
                        "index": 7,
                        "flag": 0
                    },
                    "obj": {
                        "start": 64,
                        "end": 72,
                        "text": "payloads",
                        "id": 10,
                        "verbs": [
                            "sign"
                        ],
                        "label": [
                            "FUNCTION"
                        ],
                        "sent_index": 0,
                        "type": "object"
                    }
                }
            ]
        }
    ],
    "id": "relationship--2d2849f2-b34a-455f-a5c7-b4b42920f36a",
    "tech_id": "T1588.003",
    "location": [],
    "special_id": "T1588.003"
}