{
    "text": "Cyclops Blink can use non-standard ports for C2 not typically associated with HTTP or HTTPS traffic.",
    "graph_nodes": [
        {
            "id": 2,
            "contracted": 0,
            "meta": {
                "start": 0,
                "end": 13,
                "text": "Cyclops Blink",
                "id": 2,
                "label": [
                    "ACTOR"
                ],
                "sent_index": 0,
                "type": "subject",
                "sub_label": [
                    "MALWARE"
                ]
            }
        },
        {
            "id": 6,
            "contracted": 0,
            "meta": {
                "start": 22,
                "end": 40,
                "text": "non-standard ports",
                "id": 6,
                "verbs": [
                    "use"
                ],
                "label": [
                    "NETWORK"
                ],
                "sent_index": 0,
                "type": "object"
            }
        },
        {
            "id": 8,
            "contracted": 0,
            "meta": {
                "start": 45,
                "end": 47,
                "text": "C2",
                "id": 8,
                "label": [
                    "NETWORK"
                ],
                "sent_index": 0,
                "type": "object"
            }
        }
    ],
    "graph_edges": [
        {
            "source": 2,
            "dest": 6,
            "index": 0,
            "verb": "use",
            "id": "2_6"
        },
        {
            "source": 6,
            "dest": 8,
            "index": 1,
            "verb": "for",
            "id": "6_8"
        }
    ],
    "replacement_mapper": {},
    "sentences": [
        {
            "id": 0,
            "text": "Cyclops Blink can use non-standard ports for C2 not typically associated with HTTP or HTTPS traffic.",
            "svos": [
                {
                    "sub": {
                        "start": 0,
                        "end": 13,
                        "text": "Cyclops Blink",
                        "id": 2,
                        "label": [
                            "ACTOR"
                        ],
                        "sent_index": 0,
                        "type": "subject",
                        "sub_label": [
                            "MALWARE"
                        ]
                    },
                    "verb": {
                        "negation": false,
                        "text": "use",
                        "index": 3,
                        "flag": 0
                    },
                    "obj": {
                        "start": 22,
                        "end": 40,
                        "text": "non-standard ports",
                        "id": 6,
                        "verbs": [
                            "use"
                        ],
                        "label": [
                            "NETWORK"
                        ],
                        "sent_index": 0,
                        "type": "object"
                    }
                },
                {
                    "sub": {
                        "start": 22,
                        "end": 40,
                        "text": "non-standard ports",
                        "id": 6,
                        "verbs": [
                            "use"
                        ],
                        "label": [
                            "NETWORK"
                        ],
                        "sent_index": 0,
                        "type": "subject"
                    },
                    "verb": {
                        "negation": false,
                        "text": "for",
                        "index": 6,
                        "flag": 0
                    },
                    "obj": {
                        "start": 45,
                        "end": 47,
                        "text": "C2",
                        "id": 8,
                        "label": [
                            "NETWORK"
                        ],
                        "sent_index": 0,
                        "type": "object"
                    }
                }
            ]
        }
    ],
    "id": "relationship--f4a65903-0b28-4e52-ad3b-bb7c55772509",
    "tech_id": "T1571",
    "location": [],
    "special_id": "T1571"
}