{
    "text": "RGDoor uses HTTP for C2 communications.",
    "graph_nodes": [
        {
            "id": 1,
            "contracted": 0,
            "meta": {
                "start": 0,
                "end": 6,
                "text": "RGDoor",
                "id": 1,
                "label": [
                    "ACTOR"
                ],
                "sent_index": 0,
                "type": "subject",
                "sub_label": [
                    "MALWARE"
                ]
            }
        },
        {
            "id": 3,
            "contracted": 0,
            "meta": {
                "start": 12,
                "end": 16,
                "text": "HTTP",
                "id": 3,
                "verbs": [
                    "use"
                ],
                "label": [
                    "NETWORK"
                ],
                "sent_index": 0,
                "type": "object"
            }
        },
        {
            "id": 6,
            "contracted": 0,
            "meta": {
                "start": 21,
                "end": 38,
                "text": "C2 communications",
                "id": 6,
                "label": [
                    "NETWORK"
                ],
                "sent_index": 0,
                "type": "object"
            }
        }
    ],
    "graph_edges": [
        {
            "source": 1,
            "dest": 3,
            "index": 0,
            "verb": "use",
            "id": "1_3"
        },
        {
            "source": 1,
            "dest": 6,
            "index": 2,
            "verb": "for",
            "id": "1_6"
        },
        {
            "source": 3,
            "dest": 6,
            "index": 1,
            "verb": "for",
            "id": "3_6"
        }
    ],
    "replacement_mapper": {},
    "sentences": [
        {
            "id": 0,
            "text": "RGDoor uses HTTP for C2 communications.",
            "svos": [
                {
                    "sub": {
                        "start": 0,
                        "end": 6,
                        "text": "RGDoor",
                        "id": 1,
                        "label": [
                            "ACTOR"
                        ],
                        "sent_index": 0,
                        "type": "subject",
                        "sub_label": [
                            "MALWARE"
                        ]
                    },
                    "verb": {
                        "negation": false,
                        "text": "use",
                        "index": 1,
                        "flag": 0
                    },
                    "obj": {
                        "start": 12,
                        "end": 16,
                        "text": "HTTP",
                        "id": 3,
                        "verbs": [
                            "use"
                        ],
                        "label": [
                            "NETWORK"
                        ],
                        "sent_index": 0,
                        "type": "object"
                    }
                },
                {
                    "sub": {
                        "start": 12,
                        "end": 16,
                        "text": "HTTP",
                        "id": 3,
                        "verbs": [
                            "use"
                        ],
                        "label": [
                            "NETWORK"
                        ],
                        "sent_index": 0,
                        "type": "subject"
                    },
                    "verb": {
                        "negation": false,
                        "text": "for",
                        "index": 3,
                        "flag": 0
                    },
                    "obj": {
                        "start": 21,
                        "end": 38,
                        "text": "C2 communications",
                        "id": 6,
                        "label": [
                            "NETWORK"
                        ],
                        "sent_index": 0,
                        "type": "object"
                    }
                },
                {
                    "sub": {
                        "start": 0,
                        "end": 6,
                        "text": "RGDoor",
                        "id": 1,
                        "label": [
                            "FUNCTION"
                        ],
                        "sent_index": 0,
                        "type": "subject"
                    },
                    "verb": {
                        "negation": false,
                        "text": "for",
                        "index": 3,
                        "flag": 0
                    },
                    "obj": {
                        "start": 21,
                        "end": 38,
                        "text": "C2 communications",
                        "id": 6,
                        "label": [
                            "NETWORK"
                        ],
                        "sent_index": 0,
                        "type": "object"
                    }
                }
            ]
        }
    ],
    "id": "relationship--4e95e37e-76a0-498e-b46e-73a4fb639d3a",
    "tech_id": "T1071.001",
    "location": [],
    "special_id": "T1071.001"
}