{
    "text": "LaZagne can obtain credentials from macOS Keychains.",
    "graph_nodes": [
        {
            "id": 1,
            "contracted": 0,
            "meta": {
                "start": 0,
                "end": 7,
                "text": "LaZagne",
                "id": 1,
                "label": [
                    "FUNCTION"
                ],
                "sent_index": 0,
                "type": "subject"
            }
        },
        {
            "id": 4,
            "contracted": 0,
            "meta": {
                "start": 19,
                "end": 30,
                "text": "credentials",
                "id": 4,
                "verbs": [
                    "obtain"
                ],
                "label": [
                    "DATA"
                ],
                "sent_index": 0,
                "type": "object"
            }
        },
        {
            "id": 7,
            "contracted": 0,
            "meta": {
                "start": 36,
                "end": 51,
                "text": "macOS Keychains",
                "id": 7,
                "verbs": [
                    "from"
                ],
                "label": [
                    "COMPONENT"
                ],
                "sent_index": 0,
                "type": "object"
            }
        }
    ],
    "graph_edges": [
        {
            "source": 1,
            "dest": 4,
            "index": 0,
            "verb": "obtain",
            "id": "1_4"
        },
        {
            "source": 1,
            "dest": 7,
            "index": 2,
            "verb": "from",
            "id": "1_7"
        },
        {
            "source": 4,
            "dest": 7,
            "index": 1,
            "verb": "from",
            "id": "4_7"
        }
    ],
    "replacement_mapper": {},
    "sentences": [
        {
            "id": 0,
            "text": "LaZagne can obtain credentials from macOS Keychains.",
            "svos": [
                {
                    "sub": {
                        "start": 0,
                        "end": 7,
                        "text": "LaZagne",
                        "id": 1,
                        "label": [
                            "FUNCTION"
                        ],
                        "sent_index": 0,
                        "type": "subject"
                    },
                    "verb": {
                        "negation": false,
                        "text": "obtain",
                        "index": 2,
                        "flag": 0
                    },
                    "obj": {
                        "start": 19,
                        "end": 30,
                        "text": "credentials",
                        "id": 4,
                        "verbs": [
                            "obtain"
                        ],
                        "label": [
                            "DATA"
                        ],
                        "sent_index": 0,
                        "type": "object"
                    }
                },
                {
                    "sub": {
                        "start": 19,
                        "end": 30,
                        "text": "credentials",
                        "id": 4,
                        "verbs": [
                            "obtain"
                        ],
                        "label": [
                            "DATA"
                        ],
                        "sent_index": 0,
                        "type": "subject"
                    },
                    "verb": {
                        "negation": false,
                        "text": "from",
                        "index": 4,
                        "flag": 0
                    },
                    "obj": {
                        "start": 36,
                        "end": 51,
                        "text": "macOS Keychains",
                        "id": 7,
                        "verbs": [
                            "from"
                        ],
                        "label": [
                            "COMPONENT"
                        ],
                        "sent_index": 0,
                        "type": "object"
                    }
                },
                {
                    "sub": {
                        "start": 0,
                        "end": 7,
                        "text": "LaZagne",
                        "id": 1,
                        "label": [
                            "FUNCTION"
                        ],
                        "sent_index": 0,
                        "type": "subject"
                    },
                    "verb": {
                        "negation": false,
                        "text": "from",
                        "index": 4,
                        "flag": 0
                    },
                    "obj": {
                        "start": 36,
                        "end": 51,
                        "text": "macOS Keychains",
                        "id": 7,
                        "verbs": [
                            "from"
                        ],
                        "label": [
                            "COMPONENT"
                        ],
                        "sent_index": 0,
                        "type": "object"
                    }
                }
            ]
        }
    ],
    "id": "relationship--b32c6aa0-9299-4ada-a626-9805ba1f1610",
    "tech_id": "T1555.001",
    "location": [],
    "special_id": "T1555.001"
}