{
    "text": "Skidmap can replace the pam_unix.so file on an infected machine with its own malicious version that accepts a specific backdoor password for all users.",
    "graph_nodes": [
        {
            "id": 1,
            "contracted": 0,
            "meta": {
                "start": 0,
                "end": 7,
                "text": "Skidmap",
                "id": 1,
                "label": [
                    "ACTOR"
                ],
                "sent_index": 0,
                "type": "subject",
                "sub_label": [
                    "MALWARE"
                ]
            }
        },
        {
            "id": 6,
            "contracted": 0,
            "meta": {
                "start": 24,
                "end": 40,
                "text": "pam_unix.so file",
                "id": 6,
                "verbs": [
                    "replace"
                ],
                "label": [
                    "DATA"
                ],
                "sent_index": 0,
                "type": "object"
            }
        },
        {
            "id": 10,
            "contracted": 0,
            "meta": {
                "start": 47,
                "end": 63,
                "text": "infected machine",
                "id": 10,
                "label": [
                    "COMPONENT"
                ],
                "sent_index": 0,
                "type": "object"
            }
        },
        {
            "id": 15,
            "contracted": 0,
            "meta": {
                "start": 87,
                "end": 94,
                "text": "version",
                "id": 15,
                "verbs": [
                    "with"
                ],
                "label": [
                    "DATA"
                ],
                "sent_index": 0,
                "type": "object"
            }
        },
        {
            "id": 21,
            "contracted": 0,
            "meta": {
                "start": 119,
                "end": 136,
                "text": "backdoor password",
                "id": 21,
                "verbs": [
                    "accept"
                ],
                "label": [
                    "DATA"
                ],
                "sent_index": 0,
                "type": "object"
            }
        },
        {
            "id": 24,
            "contracted": 0,
            "meta": {
                "start": 145,
                "end": 150,
                "text": "users",
                "id": 24,
                "label": [
                    "DATA"
                ],
                "sent_index": 0,
                "type": "object"
            }
        }
    ],
    "graph_edges": [
        {
            "source": 1,
            "dest": 6,
            "index": 0,
            "verb": "replace",
            "id": "1_6"
        },
        {
            "source": 1,
            "dest": 15,
            "index": 3,
            "verb": "with",
            "id": "1_15"
        },
        {
            "source": 6,
            "dest": 10,
            "index": 1,
            "verb": "on",
            "id": "6_10"
        },
        {
            "source": 6,
            "dest": 15,
            "index": 2,
            "verb": "with",
            "id": "6_15"
        },
        {
            "source": 15,
            "dest": 21,
            "index": 4,
            "verb": "accept",
            "id": "15_21"
        },
        {
            "source": 21,
            "dest": 24,
            "index": 5,
            "verb": "for",
            "id": "21_24"
        }
    ],
    "replacement_mapper": {},
    "sentences": [
        {
            "id": 0,
            "text": "Skidmap can replace the pam_unix.so file on an infected machine with its own malicious version that accepts a specific backdoor password for all users.",
            "svos": [
                {
                    "sub": {
                        "start": 0,
                        "end": 7,
                        "text": "Skidmap",
                        "id": 1,
                        "label": [
                            "ACTOR"
                        ],
                        "sent_index": 0,
                        "type": "subject",
                        "sub_label": [
                            "MALWARE"
                        ]
                    },
                    "verb": {
                        "negation": false,
                        "text": "replace",
                        "index": 2,
                        "flag": 0
                    },
                    "obj": {
                        "start": 24,
                        "end": 40,
                        "text": "pam_unix.so file",
                        "id": 6,
                        "verbs": [
                            "replace"
                        ],
                        "label": [
                            "DATA"
                        ],
                        "sent_index": 0,
                        "type": "object"
                    }
                },
                {
                    "sub": {
                        "start": 24,
                        "end": 40,
                        "text": "pam_unix.so file",
                        "id": 6,
                        "verbs": [
                            "replace"
                        ],
                        "label": [
                            "DATA"
                        ],
                        "sent_index": 0,
                        "type": "subject"
                    },
                    "verb": {
                        "negation": false,
                        "text": "on",
                        "index": 6,
                        "flag": 0
                    },
                    "obj": {
                        "start": 47,
                        "end": 63,
                        "text": "infected machine",
                        "id": 10,
                        "label": [
                            "COMPONENT"
                        ],
                        "sent_index": 0,
                        "type": "object"
                    }
                },
                {
                    "sub": {
                        "start": 24,
                        "end": 40,
                        "text": "pam_unix.so file",
                        "id": 6,
                        "verbs": [
                            "replace"
                        ],
                        "label": [
                            "DATA"
                        ],
                        "sent_index": 0,
                        "type": "subject"
                    },
                    "verb": {
                        "negation": false,
                        "text": "with",
                        "index": 10,
                        "flag": 0
                    },
                    "obj": {
                        "start": 87,
                        "end": 94,
                        "text": "version",
                        "id": 15,
                        "verbs": [
                            "with"
                        ],
                        "label": [
                            "DATA"
                        ],
                        "sent_index": 0,
                        "type": "object"
                    }
                },
                {
                    "sub": {
                        "start": 0,
                        "end": 7,
                        "text": "Skidmap",
                        "id": 1,
                        "label": [
                            "FUNCTION"
                        ],
                        "sent_index": 0,
                        "type": "subject"
                    },
                    "verb": {
                        "negation": false,
                        "text": "with",
                        "index": 10,
                        "flag": 0
                    },
                    "obj": {
                        "start": 87,
                        "end": 94,
                        "text": "version",
                        "id": 15,
                        "verbs": [
                            "with"
                        ],
                        "label": [
                            "DATA"
                        ],
                        "sent_index": 0,
                        "type": "object"
                    }
                },
                {
                    "sub": {
                        "start": 87,
                        "end": 94,
                        "text": "version",
                        "id": 15,
                        "label": [
                            "DATA"
                        ],
                        "sent_index": 0,
                        "type": "subject"
                    },
                    "verb": {
                        "negation": false,
                        "text": "accept",
                        "index": 16,
                        "flag": 0
                    },
                    "obj": {
                        "start": 119,
                        "end": 136,
                        "text": "backdoor password",
                        "id": 21,
                        "verbs": [
                            "accept"
                        ],
                        "label": [
                            "DATA"
                        ],
                        "sent_index": 0,
                        "type": "object"
                    }
                },
                {
                    "sub": {
                        "start": 119,
                        "end": 136,
                        "text": "backdoor password",
                        "id": 21,
                        "verbs": [
                            "accept"
                        ],
                        "label": [
                            "DATA"
                        ],
                        "sent_index": 0,
                        "type": "subject"
                    },
                    "verb": {
                        "negation": false,
                        "text": "for",
                        "index": 21,
                        "flag": 0
                    },
                    "obj": {
                        "start": 145,
                        "end": 150,
                        "text": "users",
                        "id": 24,
                        "label": [
                            "DATA"
                        ],
                        "sent_index": 0,
                        "type": "object"
                    }
                }
            ]
        }
    ],
    "id": "relationship--61cfe134-e24e-490e-a298-40612df42832",
    "tech_id": "T1556.003",
    "location": [],
    "special_id": "T1556.003"
}