{
    "text": "threat actors discovered the local disks attached to the system and their hardware information including manufacturer and model, as well as the OS versions of systems connected to a targeted network.",
    "graph_nodes": [
        {
            "id": 2,
            "contracted": 0,
            "meta": {
                "start": 0,
                "end": 13,
                "text": "threat actors",
                "id": 2,
                "label": [
                    "ACTOR"
                ],
                "sent_index": 0,
                "type": "subject"
            }
        },
        {
            "id": 6,
            "contracted": 0,
            "meta": {
                "start": 29,
                "end": 40,
                "text": "local disks",
                "id": 6,
                "verbs": [
                    "discover"
                ],
                "label": [
                    "DATA",
                    "COMPONENT"
                ],
                "sent_index": 0,
                "type": "object",
                "texts": [
                    "OS versions",
                    "hardware information",
                    "local disks"
                ]
            }
        },
        {
            "id": 10,
            "contracted": 0,
            "meta": {
                "start": 57,
                "end": 63,
                "text": "system",
                "id": 10,
                "verbs": [
                    "attach"
                ],
                "label": [
                    "COMPONENT"
                ],
                "sent_index": 0,
                "type": "object"
            }
        },
        {
            "id": 27,
            "contracted": 0,
            "meta": {
                "start": 159,
                "end": 166,
                "text": "systems",
                "id": 27,
                "label": [
                    "COMPONENT"
                ],
                "sent_index": 0,
                "type": "object"
            }
        },
        {
            "id": 32,
            "contracted": 0,
            "meta": {
                "start": 182,
                "end": 198,
                "text": "targeted network",
                "id": 32,
                "verbs": [
                    "connect"
                ],
                "label": [
                    "NETWORK"
                ],
                "sent_index": 0,
                "type": "object"
            }
        }
    ],
    "graph_edges": [
        {
            "source": 2,
            "dest": 6,
            "index": 0,
            "verb": "discover",
            "id": "2_6"
        },
        {
            "source": 6,
            "dest": 10,
            "index": 4,
            "verb": "attach to",
            "id": "6_10"
        },
        {
            "source": 6,
            "dest": 27,
            "index": 5,
            "verb": "of",
            "id": "6_27"
        },
        {
            "source": 27,
            "dest": 32,
            "index": 7,
            "verb": "connect to",
            "id": "27_32"
        }
    ],
    "replacement_mapper": {},
    "sentences": [
        {
            "id": 0,
            "text": "threat actors discovered the local disks attached to the system and their hardware information including manufacturer and model, as well as the OS versions of systems connected to a targeted network.",
            "svos": [
                {
                    "sub": {
                        "start": 0,
                        "end": 13,
                        "text": "threat actors",
                        "id": 2,
                        "label": [
                            "ACTOR"
                        ],
                        "sent_index": 0,
                        "type": "subject"
                    },
                    "verb": {
                        "negation": false,
                        "text": "discover",
                        "index": 2,
                        "flag": 0
                    },
                    "obj": {
                        "start": 29,
                        "end": 40,
                        "text": "local disks",
                        "id": 6,
                        "verbs": [
                            "discover"
                        ],
                        "label": [
                            "DATA",
                            "COMPONENT"
                        ],
                        "sent_index": 0,
                        "type": "object",
                        "texts": [
                            "OS versions",
                            "hardware information",
                            "local disks"
                        ]
                    }
                },
                {
                    "sub": {
                        "start": 0,
                        "end": 13,
                        "text": "threat actors",
                        "id": 2,
                        "label": [
                            "ACTOR"
                        ],
                        "sent_index": 0,
                        "type": "subject"
                    },
                    "verb": {
                        "negation": false,
                        "text": "discover",
                        "index": 2,
                        "flag": 0
                    },
                    "obj": {
                        "start": 74,
                        "end": 94,
                        "text": "hardware information",
                        "id": 14,
                        "verbs": [
                            "discover"
                        ],
                        "label": [
                            "DATA"
                        ],
                        "sent_index": 0,
                        "type": "object",
                        "texts": [
                            "OS versions",
                            "hardware information"
                        ]
                    }
                },
                {
                    "sub": {
                        "start": 0,
                        "end": 13,
                        "text": "threat actors",
                        "id": 2,
                        "label": [
                            "ACTOR"
                        ],
                        "sent_index": 0,
                        "type": "subject"
                    },
                    "verb": {
                        "negation": false,
                        "text": "discover",
                        "index": 2,
                        "flag": 0
                    },
                    "obj": {
                        "start": 144,
                        "end": 155,
                        "text": "OS versions",
                        "id": 25,
                        "verbs": [
                            "discover"
                        ],
                        "label": [
                            "DATA"
                        ],
                        "sent_index": 0,
                        "type": "object"
                    }
                },
                {
                    "sub": {
                        "start": 29,
                        "end": 40,
                        "text": "local disks",
                        "id": 6,
                        "verbs": [
                            "discover",
                            "discover",
                            "discover"
                        ],
                        "label": [
                            "COMPONENT"
                        ],
                        "sent_index": 0,
                        "type": "subject"
                    },
                    "verb": {
                        "negation": false,
                        "text": "attach",
                        "index": 6,
                        "flag": 0
                    },
                    "obj": {
                        "start": 57,
                        "end": 63,
                        "text": "system",
                        "id": 10,
                        "verbs": [
                            "attach"
                        ],
                        "label": [
                            "COMPONENT"
                        ],
                        "sent_index": 0,
                        "type": "object"
                    }
                },
                {
                    "sub": {
                        "start": 29,
                        "end": 40,
                        "text": "local disks",
                        "id": 6,
                        "verbs": [
                            "discover",
                            "discover",
                            "discover"
                        ],
                        "label": [
                            "COMPONENT"
                        ],
                        "sent_index": 0,
                        "type": "subject"
                    },
                    "verb": {
                        "negation": false,
                        "text": "attach to",
                        "index": 6,
                        "flag": 0
                    },
                    "obj": {
                        "start": 57,
                        "end": 63,
                        "text": "system",
                        "id": 10,
                        "verbs": [
                            "attach to"
                        ],
                        "label": [
                            "COMPONENT"
                        ],
                        "sent_index": 0,
                        "type": "object"
                    }
                },
                {
                    "sub": {
                        "start": 144,
                        "end": 155,
                        "text": "OS versions",
                        "id": 25,
                        "verbs": [
                            "discover"
                        ],
                        "label": [
                            "DATA"
                        ],
                        "sent_index": 0,
                        "type": "subject"
                    },
                    "verb": {
                        "negation": false,
                        "text": "of",
                        "index": 25,
                        "flag": 0
                    },
                    "obj": {
                        "start": 159,
                        "end": 166,
                        "text": "systems",
                        "id": 27,
                        "label": [
                            "COMPONENT"
                        ],
                        "sent_index": 0,
                        "type": "object"
                    }
                },
                {
                    "sub": {
                        "start": 159,
                        "end": 166,
                        "text": "systems",
                        "id": 27,
                        "label": [
                            "COMPONENT"
                        ],
                        "sent_index": 0,
                        "type": "subject"
                    },
                    "verb": {
                        "negation": false,
                        "text": "connect",
                        "index": 27,
                        "flag": 0
                    },
                    "obj": {
                        "start": 182,
                        "end": 198,
                        "text": "targeted network",
                        "id": 32,
                        "verbs": [
                            "connect"
                        ],
                        "label": [
                            "NETWORK"
                        ],
                        "sent_index": 0,
                        "type": "object"
                    }
                },
                {
                    "sub": {
                        "start": 159,
                        "end": 166,
                        "text": "systems",
                        "id": 27,
                        "label": [
                            "COMPONENT"
                        ],
                        "sent_index": 0,
                        "type": "subject"
                    },
                    "verb": {
                        "negation": false,
                        "text": "connect to",
                        "index": 27,
                        "flag": 0
                    },
                    "obj": {
                        "start": 182,
                        "end": 198,
                        "text": "targeted network",
                        "id": 32,
                        "verbs": [
                            "connect to"
                        ],
                        "label": [
                            "NETWORK"
                        ],
                        "sent_index": 0,
                        "type": "object"
                    }
                }
            ]
        }
    ],
    "id": "relationship--bc52cbe2-32a0-4491-aa57-46ef39e431b9",
    "tech_id": "T1082",
    "location": [],
    "special_id": "T1082"
}