{
    "text": "AuTo Stealer can collect data such as PowerPoint files, Word documents, Excel files, PDF files, text files, database files, and image files from an infected machine.",
    "graph_nodes": [
        {
            "id": 2,
            "contracted": 0,
            "meta": {
                "start": 0,
                "end": 12,
                "text": "AuTo Stealer",
                "id": 2,
                "label": [
                    "ACTOR"
                ],
                "sent_index": 0,
                "type": "subject",
                "sub_label": [
                    "MALWARE"
                ]
            }
        },
        {
            "id": 5,
            "contracted": 0,
            "meta": {
                "start": 25,
                "end": 29,
                "text": "data",
                "id": 5,
                "verbs": [
                    "collect"
                ],
                "label": [
                    "DATA"
                ],
                "sent_index": 0,
                "type": "object",
                "texts": [
                    "PowerPoint files",
                    "PDF files",
                    "Word documents",
                    "Excel files",
                    "image files",
                    "data",
                    "text files",
                    "database files"
                ]
            }
        },
        {
            "id": 32,
            "contracted": 0,
            "meta": {
                "start": 148,
                "end": 164,
                "text": "infected machine",
                "id": 32,
                "verbs": [
                    "from"
                ],
                "label": [
                    "COMPONENT"
                ],
                "sent_index": 0,
                "type": "object"
            }
        }
    ],
    "graph_edges": [
        {
            "source": 2,
            "dest": 5,
            "index": 0,
            "verb": "collect",
            "id": "2_5"
        },
        {
            "source": 2,
            "dest": 32,
            "index": 9,
            "verb": "from",
            "id": "2_32"
        },
        {
            "source": 5,
            "dest": 32,
            "index": 8,
            "verb": "from",
            "id": "5_32"
        }
    ],
    "replacement_mapper": {},
    "sentences": [
        {
            "id": 0,
            "text": "AuTo Stealer can collect data such as PowerPoint files, Word documents, Excel files, PDF files, text files, database files, and image files from an infected machine.",
            "svos": [
                {
                    "sub": {
                        "start": 0,
                        "end": 12,
                        "text": "AuTo Stealer",
                        "id": 2,
                        "label": [
                            "ACTOR"
                        ],
                        "sent_index": 0,
                        "type": "subject",
                        "sub_label": [
                            "MALWARE"
                        ]
                    },
                    "verb": {
                        "negation": false,
                        "text": "collect",
                        "index": 3,
                        "flag": 0
                    },
                    "obj": {
                        "start": 25,
                        "end": 29,
                        "text": "data",
                        "id": 5,
                        "verbs": [
                            "collect"
                        ],
                        "label": [
                            "DATA"
                        ],
                        "sent_index": 0,
                        "type": "object",
                        "texts": [
                            "PowerPoint files",
                            "PDF files",
                            "Word documents",
                            "Excel files",
                            "image files",
                            "data",
                            "text files",
                            "database files"
                        ]
                    }
                },
                {
                    "sub": {
                        "start": 25,
                        "end": 29,
                        "text": "data",
                        "id": 5,
                        "verbs": [
                            "collect"
                        ],
                        "label": [
                            "DATA"
                        ],
                        "sent_index": 0,
                        "type": "subject"
                    },
                    "verb": {
                        "negation": false,
                        "text": "as",
                        "index": 6,
                        "flag": 1
                    },
                    "obj": {
                        "start": 38,
                        "end": 54,
                        "text": "PowerPoint files",
                        "id": 9,
                        "verbs": [
                            "as"
                        ],
                        "label": [
                            "DATA"
                        ],
                        "sent_index": 0,
                        "type": "object"
                    }
                },
                {
                    "sub": {
                        "start": 25,
                        "end": 29,
                        "text": "data",
                        "id": 5,
                        "verbs": [
                            "collect"
                        ],
                        "label": [
                            "DATA"
                        ],
                        "sent_index": 0,
                        "type": "subject"
                    },
                    "verb": {
                        "negation": false,
                        "text": "as",
                        "index": 6,
                        "flag": 1
                    },
                    "obj": {
                        "start": 56,
                        "end": 70,
                        "text": "Word documents",
                        "id": 12,
                        "verbs": [
                            "as"
                        ],
                        "label": [
                            "DATA"
                        ],
                        "sent_index": 0,
                        "type": "object"
                    }
                },
                {
                    "sub": {
                        "start": 25,
                        "end": 29,
                        "text": "data",
                        "id": 5,
                        "verbs": [
                            "collect"
                        ],
                        "label": [
                            "DATA"
                        ],
                        "sent_index": 0,
                        "type": "subject"
                    },
                    "verb": {
                        "negation": false,
                        "text": "as",
                        "index": 6,
                        "flag": 1
                    },
                    "obj": {
                        "start": 72,
                        "end": 83,
                        "text": "Excel files",
                        "id": 15,
                        "verbs": [
                            "as"
                        ],
                        "label": [
                            "DATA"
                        ],
                        "sent_index": 0,
                        "type": "object"
                    }
                },
                {
                    "sub": {
                        "start": 25,
                        "end": 29,
                        "text": "data",
                        "id": 5,
                        "verbs": [
                            "collect"
                        ],
                        "label": [
                            "DATA"
                        ],
                        "sent_index": 0,
                        "type": "subject"
                    },
                    "verb": {
                        "negation": false,
                        "text": "as",
                        "index": 6,
                        "flag": 1
                    },
                    "obj": {
                        "start": 85,
                        "end": 94,
                        "text": "PDF files",
                        "id": 18,
                        "verbs": [
                            "as"
                        ],
                        "label": [
                            "DATA"
                        ],
                        "sent_index": 0,
                        "type": "object"
                    }
                },
                {
                    "sub": {
                        "start": 25,
                        "end": 29,
                        "text": "data",
                        "id": 5,
                        "verbs": [
                            "collect"
                        ],
                        "label": [
                            "DATA"
                        ],
                        "sent_index": 0,
                        "type": "subject"
                    },
                    "verb": {
                        "negation": false,
                        "text": "as",
                        "index": 6,
                        "flag": 1
                    },
                    "obj": {
                        "start": 96,
                        "end": 106,
                        "text": "text files",
                        "id": 21,
                        "verbs": [
                            "as"
                        ],
                        "label": [
                            "DATA"
                        ],
                        "sent_index": 0,
                        "type": "object"
                    }
                },
                {
                    "sub": {
                        "start": 25,
                        "end": 29,
                        "text": "data",
                        "id": 5,
                        "verbs": [
                            "collect"
                        ],
                        "label": [
                            "DATA"
                        ],
                        "sent_index": 0,
                        "type": "subject"
                    },
                    "verb": {
                        "negation": false,
                        "text": "as",
                        "index": 6,
                        "flag": 1
                    },
                    "obj": {
                        "start": 108,
                        "end": 122,
                        "text": "database files",
                        "id": 24,
                        "verbs": [
                            "as"
                        ],
                        "label": [
                            "DATA"
                        ],
                        "sent_index": 0,
                        "type": "object"
                    }
                },
                {
                    "sub": {
                        "start": 25,
                        "end": 29,
                        "text": "data",
                        "id": 5,
                        "verbs": [
                            "collect"
                        ],
                        "label": [
                            "DATA"
                        ],
                        "sent_index": 0,
                        "type": "subject"
                    },
                    "verb": {
                        "negation": false,
                        "text": "as",
                        "index": 6,
                        "flag": 1
                    },
                    "obj": {
                        "start": 128,
                        "end": 139,
                        "text": "image files",
                        "id": 28,
                        "verbs": [
                            "as"
                        ],
                        "label": [
                            "DATA"
                        ],
                        "sent_index": 0,
                        "type": "object"
                    }
                },
                {
                    "sub": {
                        "start": 25,
                        "end": 29,
                        "text": "data",
                        "id": 5,
                        "verbs": [
                            "collect"
                        ],
                        "label": [
                            "DATA"
                        ],
                        "sent_index": 0,
                        "type": "subject"
                    },
                    "verb": {
                        "negation": false,
                        "text": "from",
                        "index": 28,
                        "flag": 0
                    },
                    "obj": {
                        "start": 148,
                        "end": 164,
                        "text": "infected machine",
                        "id": 32,
                        "verbs": [
                            "from"
                        ],
                        "label": [
                            "COMPONENT"
                        ],
                        "sent_index": 0,
                        "type": "object"
                    }
                },
                {
                    "sub": {
                        "start": 0,
                        "end": 12,
                        "text": "AuTo Stealer",
                        "id": 2,
                        "label": [
                            "FUNCTION"
                        ],
                        "sent_index": 0,
                        "type": "subject"
                    },
                    "verb": {
                        "negation": false,
                        "text": "from",
                        "index": 28,
                        "flag": 0
                    },
                    "obj": {
                        "start": 148,
                        "end": 164,
                        "text": "infected machine",
                        "id": 32,
                        "verbs": [
                            "from"
                        ],
                        "label": [
                            "COMPONENT"
                        ],
                        "sent_index": 0,
                        "type": "object"
                    }
                }
            ]
        }
    ],
    "id": "relationship--7696d163-7556-47e2-9ade-25924311fba6",
    "tech_id": "T1005",
    "location": [],
    "special_id": "T1005"
}