{
    "text": "Lucifer can use the Stratum protocol on port 10001 for communication between the cryptojacking bot and the mining server.",
    "graph_nodes": [
        {
            "id": 1,
            "contracted": 0,
            "meta": {
                "start": 0,
                "end": 7,
                "text": "Lucifer",
                "id": 1,
                "label": [
                    "ACTOR"
                ],
                "sent_index": 0,
                "type": "subject",
                "sub_label": [
                    "MALWARE"
                ]
            }
        },
        {
            "id": 6,
            "contracted": 0,
            "meta": {
                "start": 20,
                "end": 36,
                "text": "Stratum protocol",
                "id": 6,
                "verbs": [
                    "use"
                ],
                "label": [
                    "NETWORK"
                ],
                "sent_index": 0,
                "type": "object"
            }
        },
        {
            "id": 8,
            "contracted": 0,
            "meta": {
                "start": 40,
                "end": 44,
                "text": "port",
                "id": 8,
                "label": [
                    "NETWORK"
                ],
                "sent_index": 0,
                "type": "object"
            }
        },
        {
            "id": 11,
            "contracted": 0,
            "meta": {
                "start": 55,
                "end": 68,
                "text": "communication",
                "id": 11,
                "label": [
                    "NETWORK"
                ],
                "sent_index": 0,
                "type": "object"
            }
        },
        {
            "id": 15,
            "contracted": 0,
            "meta": {
                "start": 81,
                "end": 98,
                "text": "cryptojacking bot",
                "id": 15,
                "verbs": [
                    "between"
                ],
                "label": [
                    "NETWORK",
                    "FUNCTION"
                ],
                "sent_index": 0,
                "type": "object",
                "texts": [
                    "mining server",
                    "cryptojacking bot"
                ]
            }
        }
    ],
    "graph_edges": [
        {
            "source": 1,
            "dest": 6,
            "index": 0,
            "verb": "use",
            "id": "1_6"
        },
        {
            "source": 1,
            "dest": 11,
            "index": 3,
            "verb": "for",
            "id": "1_11"
        },
        {
            "source": 6,
            "dest": 8,
            "index": 1,
            "verb": "on",
            "id": "6_8"
        },
        {
            "source": 6,
            "dest": 11,
            "index": 2,
            "verb": "for",
            "id": "6_11"
        },
        {
            "source": 11,
            "dest": 15,
            "index": 4,
            "verb": "between",
            "id": "11_15"
        }
    ],
    "replacement_mapper": {},
    "sentences": [
        {
            "id": 0,
            "text": "Lucifer can use the Stratum protocol on port 10001 for communication between the cryptojacking bot and the mining server.",
            "svos": [
                {
                    "sub": {
                        "start": 0,
                        "end": 7,
                        "text": "Lucifer",
                        "id": 1,
                        "label": [
                            "ACTOR"
                        ],
                        "sent_index": 0,
                        "type": "subject",
                        "sub_label": [
                            "MALWARE"
                        ]
                    },
                    "verb": {
                        "negation": false,
                        "text": "use",
                        "index": 2,
                        "flag": 0
                    },
                    "obj": {
                        "start": 20,
                        "end": 36,
                        "text": "Stratum protocol",
                        "id": 6,
                        "verbs": [
                            "use"
                        ],
                        "label": [
                            "NETWORK"
                        ],
                        "sent_index": 0,
                        "type": "object"
                    }
                },
                {
                    "sub": {
                        "start": 20,
                        "end": 36,
                        "text": "Stratum protocol",
                        "id": 6,
                        "verbs": [
                            "use"
                        ],
                        "label": [
                            "NETWORK"
                        ],
                        "sent_index": 0,
                        "type": "subject"
                    },
                    "verb": {
                        "negation": false,
                        "text": "on",
                        "index": 6,
                        "flag": 0
                    },
                    "obj": {
                        "start": 40,
                        "end": 44,
                        "text": "port",
                        "id": 8,
                        "label": [
                            "NETWORK"
                        ],
                        "sent_index": 0,
                        "type": "object"
                    }
                },
                {
                    "sub": {
                        "start": 20,
                        "end": 36,
                        "text": "Stratum protocol",
                        "id": 6,
                        "verbs": [
                            "use"
                        ],
                        "label": [
                            "NETWORK"
                        ],
                        "sent_index": 0,
                        "type": "subject"
                    },
                    "verb": {
                        "negation": false,
                        "text": "for",
                        "index": 9,
                        "flag": 0
                    },
                    "obj": {
                        "start": 55,
                        "end": 68,
                        "text": "communication",
                        "id": 11,
                        "label": [
                            "NETWORK"
                        ],
                        "sent_index": 0,
                        "type": "object"
                    }
                },
                {
                    "sub": {
                        "start": 0,
                        "end": 7,
                        "text": "Lucifer",
                        "id": 1,
                        "label": [
                            "FUNCTION"
                        ],
                        "sent_index": 0,
                        "type": "subject"
                    },
                    "verb": {
                        "negation": false,
                        "text": "for",
                        "index": 9,
                        "flag": 0
                    },
                    "obj": {
                        "start": 55,
                        "end": 68,
                        "text": "communication",
                        "id": 11,
                        "label": [
                            "NETWORK"
                        ],
                        "sent_index": 0,
                        "type": "object"
                    }
                },
                {
                    "sub": {
                        "start": 55,
                        "end": 68,
                        "text": "communication",
                        "id": 11,
                        "label": [
                            "NETWORK"
                        ],
                        "sent_index": 0,
                        "type": "subject"
                    },
                    "verb": {
                        "negation": false,
                        "text": "between",
                        "index": 11,
                        "flag": 0
                    },
                    "obj": {
                        "start": 81,
                        "end": 98,
                        "text": "cryptojacking bot",
                        "id": 15,
                        "verbs": [
                            "between"
                        ],
                        "label": [
                            "NETWORK",
                            "FUNCTION"
                        ],
                        "sent_index": 0,
                        "type": "object",
                        "texts": [
                            "mining server",
                            "cryptojacking bot"
                        ]
                    }
                },
                {
                    "sub": {
                        "start": 55,
                        "end": 68,
                        "text": "communication",
                        "id": 11,
                        "label": [
                            "NETWORK"
                        ],
                        "sent_index": 0,
                        "type": "subject"
                    },
                    "verb": {
                        "negation": false,
                        "text": "between",
                        "index": 11,
                        "flag": 0
                    },
                    "obj": {
                        "start": 107,
                        "end": 120,
                        "text": "mining server",
                        "id": 19,
                        "verbs": [
                            "between"
                        ],
                        "label": [
                            "NETWORK"
                        ],
                        "sent_index": 0,
                        "type": "object"
                    }
                }
            ]
        }
    ],
    "id": "relationship--bfc5ca31-5d92-4c51-be33-e610df85055a",
    "tech_id": "T1071",
    "location": [],
    "special_id": "T1071"
}