{
    "text": "Metamorfo can collect screenshots of the victim's machine.",
    "graph_nodes": [
        {
            "id": 1,
            "contracted": 0,
            "meta": {
                "start": 0,
                "end": 9,
                "text": "Metamorfo",
                "id": 1,
                "label": [
                    "ACTOR"
                ],
                "sent_index": 0,
                "type": "subject",
                "sub_label": [
                    "MALWARE"
                ]
            }
        },
        {
            "id": 4,
            "contracted": 0,
            "meta": {
                "start": 22,
                "end": 33,
                "text": "screenshots",
                "id": 4,
                "verbs": [
                    "collect"
                ],
                "label": [
                    "DATA"
                ],
                "sent_index": 0,
                "type": "object"
            }
        },
        {
            "id": 7,
            "contracted": 0,
            "meta": {
                "text": "victim",
                "start": 41,
                "end": 47,
                "id": 7,
                "label": [
                    "USER"
                ],
                "sent_index": 0,
                "type": "object"
            }
        },
        {
            "id": 9,
            "contracted": 0,
            "meta": {
                "start": 50,
                "end": 57,
                "text": "machine",
                "id": 9,
                "label": [
                    "COMPONENT"
                ],
                "sent_index": 0,
                "type": "object"
            }
        }
    ],
    "graph_edges": [
        {
            "source": 1,
            "dest": 4,
            "index": 0,
            "verb": "collect",
            "id": "1_4"
        },
        {
            "source": 4,
            "dest": 9,
            "index": 1,
            "verb": "of",
            "id": "4_9"
        },
        {
            "source": 9,
            "dest": 7,
            "index": 2,
            "verb": "of",
            "id": "9_7"
        }
    ],
    "replacement_mapper": {},
    "sentences": [
        {
            "id": 0,
            "text": "Metamorfo can collect screenshots of the victim's machine.",
            "svos": [
                {
                    "sub": {
                        "start": 0,
                        "end": 9,
                        "text": "Metamorfo",
                        "id": 1,
                        "label": [
                            "ACTOR"
                        ],
                        "sent_index": 0,
                        "type": "subject",
                        "sub_label": [
                            "MALWARE"
                        ]
                    },
                    "verb": {
                        "negation": false,
                        "text": "collect",
                        "index": 2,
                        "flag": 0
                    },
                    "obj": {
                        "start": 22,
                        "end": 33,
                        "text": "screenshots",
                        "id": 4,
                        "verbs": [
                            "collect"
                        ],
                        "label": [
                            "DATA"
                        ],
                        "sent_index": 0,
                        "type": "object"
                    }
                },
                {
                    "sub": {
                        "start": 22,
                        "end": 33,
                        "text": "screenshots",
                        "id": 4,
                        "verbs": [
                            "collect"
                        ],
                        "label": [
                            "DATA"
                        ],
                        "sent_index": 0,
                        "type": "subject"
                    },
                    "verb": {
                        "negation": false,
                        "text": "of",
                        "index": 4,
                        "flag": 0
                    },
                    "obj": {
                        "start": 50,
                        "end": 57,
                        "text": "machine",
                        "id": 9,
                        "label": [
                            "COMPONENT"
                        ],
                        "sent_index": 0,
                        "type": "object"
                    }
                },
                {
                    "sub": {
                        "start": 50,
                        "end": 57,
                        "text": "machine",
                        "id": 9,
                        "label": [
                            "COMPONENT"
                        ],
                        "sent_index": 0,
                        "type": "subject"
                    },
                    "verb": {
                        "negation": false,
                        "text": "of",
                        "index": 8,
                        "flag": 0
                    },
                    "obj": {
                        "text": "victim",
                        "start": 41,
                        "end": 47,
                        "id": 7,
                        "label": [
                            "USER"
                        ],
                        "sent_index": 0,
                        "type": "object"
                    }
                }
            ]
        }
    ],
    "id": "relationship--b5d200f9-2b85-46c8-980a-0692e49ccdfc",
    "tech_id": "T1113",
    "location": [],
    "special_id": "T1113"
}