{
    "text": "threat actors used a Visual Basic script that checked for internet connectivity.",
    "graph_nodes": [
        {
            "id": 2,
            "contracted": 0,
            "meta": {
                "start": 0,
                "end": 13,
                "text": "threat actors",
                "id": 2,
                "label": [
                    "ACTOR"
                ],
                "sent_index": 0,
                "type": "subject"
            }
        },
        {
            "id": 7,
            "contracted": 0,
            "meta": {
                "start": 21,
                "end": 40,
                "text": "Visual Basic script",
                "id": 7,
                "verbs": [
                    "use"
                ],
                "label": [
                    "FUNCTION"
                ],
                "sent_index": 0,
                "type": "object"
            }
        },
        {
            "id": 8,
            "contracted": 0,
            "meta": {
                "text": "that",
                "start": 41,
                "end": 45,
                "id": 8,
                "label": [
                    "OTHER"
                ],
                "sent_index": 0,
                "type": "subject"
            }
        },
        {
            "id": 12,
            "contracted": 0,
            "meta": {
                "start": 58,
                "end": 79,
                "text": "internet connectivity",
                "id": 12,
                "verbs": [
                    "check"
                ],
                "label": [
                    "NETWORK"
                ],
                "sent_index": 0,
                "type": "object"
            }
        }
    ],
    "graph_edges": [
        {
            "source": 2,
            "dest": 7,
            "index": 0,
            "verb": "use",
            "id": "2_7"
        },
        {
            "source": 7,
            "dest": 12,
            "index": 1,
            "verb": "check",
            "id": "7_12"
        },
        {
            "source": 8,
            "dest": 12,
            "index": 2,
            "verb": "for",
            "id": "8_12"
        }
    ],
    "replacement_mapper": {},
    "sentences": [
        {
            "id": 0,
            "text": "threat actors used a Visual Basic script that checked for internet connectivity.",
            "svos": [
                {
                    "sub": {
                        "start": 0,
                        "end": 13,
                        "text": "threat actors",
                        "id": 2,
                        "label": [
                            "ACTOR"
                        ],
                        "sent_index": 0,
                        "type": "subject"
                    },
                    "verb": {
                        "negation": false,
                        "text": "use",
                        "index": 2,
                        "flag": 0
                    },
                    "obj": {
                        "start": 21,
                        "end": 40,
                        "text": "Visual Basic script",
                        "id": 7,
                        "verbs": [
                            "use"
                        ],
                        "label": [
                            "FUNCTION"
                        ],
                        "sent_index": 0,
                        "type": "object"
                    }
                },
                {
                    "sub": {
                        "start": 21,
                        "end": 40,
                        "text": "Visual Basic script",
                        "id": 7,
                        "verbs": [
                            "use"
                        ],
                        "label": [
                            "FUNCTION"
                        ],
                        "sent_index": 0,
                        "type": "subject"
                    },
                    "verb": {
                        "negation": false,
                        "text": "check",
                        "index": 8,
                        "flag": 0
                    },
                    "obj": {
                        "start": 58,
                        "end": 79,
                        "text": "internet connectivity",
                        "id": 12,
                        "verbs": [
                            "check"
                        ],
                        "label": [
                            "NETWORK"
                        ],
                        "sent_index": 0,
                        "type": "object"
                    }
                },
                {
                    "sub": {
                        "text": "that",
                        "start": 41,
                        "end": 45,
                        "id": 8,
                        "label": [
                            "OTHER"
                        ],
                        "sent_index": 0,
                        "type": "subject"
                    },
                    "verb": {
                        "negation": false,
                        "text": "for",
                        "index": 9,
                        "flag": 0
                    },
                    "obj": {
                        "start": 58,
                        "end": 79,
                        "text": "internet connectivity",
                        "id": 12,
                        "verbs": [
                            "check"
                        ],
                        "label": [
                            "NETWORK"
                        ],
                        "sent_index": 0,
                        "type": "object"
                    }
                }
            ]
        }
    ],
    "id": "relationship--88231281-0f0d-4655-b083-a90faf9056fe",
    "tech_id": "T1016.001",
    "location": [],
    "special_id": "T1016.001"
}