{
    "text": "Grandoreiro has added BMP images to the resources section of its Portable Executable (PE) file increasing each binary to at least 300MB in size.",
    "graph_nodes": [
        {
            "id": 1,
            "contracted": 0,
            "meta": {
                "start": 0,
                "end": 11,
                "text": "Grandoreiro",
                "id": 1,
                "label": [
                    "ACTOR"
                ],
                "sent_index": 0,
                "type": "subject",
                "sub_label": [
                    "MALWARE"
                ]
            }
        },
        {
            "id": 5,
            "contracted": 0,
            "meta": {
                "start": 22,
                "end": 32,
                "text": "BMP images",
                "id": 5,
                "verbs": [
                    "add"
                ],
                "label": [
                    "DATA"
                ],
                "sent_index": 0,
                "type": "object"
            }
        },
        {
            "id": 9,
            "contracted": 0,
            "meta": {
                "start": 40,
                "end": 57,
                "text": "resources section",
                "id": 9,
                "verbs": [
                    "to"
                ],
                "label": [
                    "FUNCTION"
                ],
                "sent_index": 0,
                "type": "object"
            }
        },
        {
            "id": 17,
            "contracted": 0,
            "meta": {
                "start": 65,
                "end": 94,
                "text": "Portable Executable (PE) file",
                "id": 17,
                "label": [
                    "DATA"
                ],
                "sent_index": 0,
                "type": "object"
            }
        },
        {
            "id": 20,
            "contracted": 0,
            "meta": {
                "start": 111,
                "end": 117,
                "text": "binary",
                "id": 20,
                "verbs": [
                    "increase"
                ],
                "label": [
                    "FUNCTION"
                ],
                "sent_index": 0,
                "type": "object"
            }
        },
        {
            "id": 25,
            "contracted": 0,
            "meta": {
                "start": 121,
                "end": 135,
                "text": "at least 300MB",
                "id": 25,
                "verbs": [
                    "to"
                ],
                "label": [
                    "DATA"
                ],
                "sent_index": 0,
                "type": "object"
            }
        },
        {
            "id": 27,
            "contracted": 0,
            "meta": {
                "start": 139,
                "end": 143,
                "text": "size",
                "id": 27,
                "label": [
                    "DATA"
                ],
                "sent_index": 0,
                "type": "object"
            }
        }
    ],
    "graph_edges": [
        {
            "source": 1,
            "dest": 5,
            "index": 0,
            "verb": "add",
            "id": "1_5"
        },
        {
            "source": 1,
            "dest": 9,
            "index": 2,
            "verb": "to",
            "id": "1_9"
        },
        {
            "source": 1,
            "dest": 20,
            "index": 4,
            "verb": "increase",
            "id": "1_20"
        },
        {
            "source": 5,
            "dest": 9,
            "index": 1,
            "verb": "to",
            "id": "5_9"
        },
        {
            "source": 9,
            "dest": 17,
            "index": 3,
            "verb": "of",
            "id": "9_17"
        },
        {
            "source": 20,
            "dest": 25,
            "index": 5,
            "verb": "to",
            "id": "20_25"
        },
        {
            "source": 25,
            "dest": 27,
            "index": 6,
            "verb": "in",
            "id": "25_27"
        }
    ],
    "replacement_mapper": {},
    "sentences": [
        {
            "id": 0,
            "text": "Grandoreiro has added BMP images to the resources section of its Portable Executable (PE) file increasing each binary to at least 300MB in size.",
            "svos": [
                {
                    "sub": {
                        "start": 0,
                        "end": 11,
                        "text": "Grandoreiro",
                        "id": 1,
                        "label": [
                            "ACTOR"
                        ],
                        "sent_index": 0,
                        "type": "subject",
                        "sub_label": [
                            "MALWARE"
                        ]
                    },
                    "verb": {
                        "negation": false,
                        "text": "add",
                        "index": 2,
                        "flag": 0
                    },
                    "obj": {
                        "start": 22,
                        "end": 32,
                        "text": "BMP images",
                        "id": 5,
                        "verbs": [
                            "add"
                        ],
                        "label": [
                            "DATA"
                        ],
                        "sent_index": 0,
                        "type": "object"
                    }
                },
                {
                    "sub": {
                        "start": 22,
                        "end": 32,
                        "text": "BMP images",
                        "id": 5,
                        "verbs": [
                            "add"
                        ],
                        "label": [
                            "DATA"
                        ],
                        "sent_index": 0,
                        "type": "subject"
                    },
                    "verb": {
                        "negation": false,
                        "text": "to",
                        "index": 5,
                        "flag": 0
                    },
                    "obj": {
                        "start": 40,
                        "end": 57,
                        "text": "resources section",
                        "id": 9,
                        "verbs": [
                            "to"
                        ],
                        "label": [
                            "FUNCTION"
                        ],
                        "sent_index": 0,
                        "type": "object"
                    }
                },
                {
                    "sub": {
                        "start": 0,
                        "end": 11,
                        "text": "Grandoreiro",
                        "id": 1,
                        "label": [
                            "FUNCTION"
                        ],
                        "sent_index": 0,
                        "type": "subject"
                    },
                    "verb": {
                        "negation": false,
                        "text": "to",
                        "index": 5,
                        "flag": 0
                    },
                    "obj": {
                        "start": 40,
                        "end": 57,
                        "text": "resources section",
                        "id": 9,
                        "verbs": [
                            "to"
                        ],
                        "label": [
                            "FUNCTION"
                        ],
                        "sent_index": 0,
                        "type": "object"
                    }
                },
                {
                    "sub": {
                        "start": 40,
                        "end": 57,
                        "text": "resources section",
                        "id": 9,
                        "verbs": [
                            "to"
                        ],
                        "label": [
                            "FUNCTION"
                        ],
                        "sent_index": 0,
                        "type": "subject"
                    },
                    "verb": {
                        "negation": false,
                        "text": "of",
                        "index": 9,
                        "flag": 0
                    },
                    "obj": {
                        "start": 65,
                        "end": 94,
                        "text": "Portable Executable (PE) file",
                        "id": 17,
                        "label": [
                            "DATA"
                        ],
                        "sent_index": 0,
                        "type": "object"
                    }
                },
                {
                    "sub": {
                        "start": 0,
                        "end": 11,
                        "text": "Grandoreiro",
                        "id": 1,
                        "label": [
                            "FUNCTION"
                        ],
                        "sent_index": 0,
                        "type": "subject"
                    },
                    "verb": {
                        "negation": false,
                        "text": "increase",
                        "index": 17,
                        "flag": 0
                    },
                    "obj": {
                        "start": 111,
                        "end": 117,
                        "text": "binary",
                        "id": 20,
                        "verbs": [
                            "increase"
                        ],
                        "label": [
                            "FUNCTION"
                        ],
                        "sent_index": 0,
                        "type": "object"
                    }
                },
                {
                    "sub": {
                        "start": 111,
                        "end": 117,
                        "text": "binary",
                        "id": 20,
                        "verbs": [
                            "increase"
                        ],
                        "label": [
                            "FUNCTION"
                        ],
                        "sent_index": 0,
                        "type": "subject"
                    },
                    "verb": {
                        "negation": false,
                        "text": "to",
                        "index": 20,
                        "flag": 0
                    },
                    "obj": {
                        "start": 121,
                        "end": 135,
                        "text": "at least 300MB",
                        "id": 25,
                        "verbs": [
                            "to"
                        ],
                        "label": [
                            "DATA"
                        ],
                        "sent_index": 0,
                        "type": "object"
                    }
                },
                {
                    "sub": {
                        "start": 121,
                        "end": 135,
                        "text": "at least 300MB",
                        "id": 25,
                        "verbs": [
                            "to"
                        ],
                        "label": [
                            "DATA"
                        ],
                        "sent_index": 0,
                        "type": "subject"
                    },
                    "verb": {
                        "negation": false,
                        "text": "in",
                        "index": 25,
                        "flag": 0
                    },
                    "obj": {
                        "start": 139,
                        "end": 143,
                        "text": "size",
                        "id": 27,
                        "label": [
                            "DATA"
                        ],
                        "sent_index": 0,
                        "type": "object"
                    }
                }
            ]
        }
    ],
    "id": "relationship--6ab65410-25e5-4eef-8a38-06630aa4386b",
    "tech_id": "T1027.001",
    "location": [],
    "special_id": "T1027.001"
}