{
    "text": "Empire has modules to interact with the Windows task scheduler.",
    "graph_nodes": [
        {
            "id": 1,
            "contracted": 0,
            "meta": {
                "start": 0,
                "end": 6,
                "text": "Empire",
                "id": 1,
                "label": [
                    "FUNCTION"
                ],
                "sent_index": 0,
                "type": "subject"
            }
        },
        {
            "id": 3,
            "contracted": 0,
            "meta": {
                "start": 11,
                "end": 18,
                "text": "modules",
                "id": 3,
                "verbs": [
                    "have"
                ],
                "label": [
                    "FUNCTION"
                ],
                "sent_index": 0,
                "type": "object"
            }
        },
        {
            "id": 10,
            "contracted": 0,
            "meta": {
                "start": 40,
                "end": 62,
                "text": "Windows task scheduler",
                "id": 10,
                "verbs": [
                    "interact"
                ],
                "label": [
                    "FUNCTION"
                ],
                "sent_index": 0,
                "type": "object"
            }
        }
    ],
    "graph_edges": [
        {
            "source": 1,
            "dest": 3,
            "index": 0,
            "verb": "have",
            "id": "1_3"
        },
        {
            "source": 3,
            "dest": 10,
            "index": 1,
            "verb": "interact",
            "id": "3_10"
        }
    ],
    "replacement_mapper": {},
    "sentences": [
        {
            "id": 0,
            "text": "Empire has modules to interact with the Windows task scheduler.",
            "svos": [
                {
                    "sub": {
                        "start": 0,
                        "end": 6,
                        "text": "Empire",
                        "id": 1,
                        "label": [
                            "FUNCTION"
                        ],
                        "sent_index": 0,
                        "type": "subject"
                    },
                    "verb": {
                        "negation": false,
                        "text": "have",
                        "index": 1,
                        "flag": 0
                    },
                    "obj": {
                        "start": 11,
                        "end": 18,
                        "text": "modules",
                        "id": 3,
                        "verbs": [
                            "have"
                        ],
                        "label": [
                            "FUNCTION"
                        ],
                        "sent_index": 0,
                        "type": "object"
                    }
                },
                {
                    "sub": {
                        "start": 11,
                        "end": 18,
                        "text": "modules",
                        "id": 3,
                        "verbs": [
                            "have"
                        ],
                        "label": [
                            "FUNCTION"
                        ],
                        "sent_index": 0,
                        "type": "subject"
                    },
                    "verb": {
                        "negation": false,
                        "text": "interact",
                        "index": 4,
                        "flag": 0
                    },
                    "obj": {
                        "start": 40,
                        "end": 62,
                        "text": "Windows task scheduler",
                        "id": 10,
                        "verbs": [
                            "interact"
                        ],
                        "label": [
                            "FUNCTION"
                        ],
                        "sent_index": 0,
                        "type": "object"
                    }
                }
            ]
        }
    ],
    "id": "relationship--c761f444-3c01-44b4-b8e7-8a26746ce115",
    "tech_id": "T1053.005",
    "location": [],
    "special_id": "T1053.005"
}