{
    "text": "Egregor has disabled Windows Defender to evade protections.",
    "graph_nodes": [
        {
            "id": 1,
            "contracted": 0,
            "meta": {
                "start": 0,
                "end": 7,
                "text": "Egregor",
                "id": 1,
                "label": [
                    "ACTOR"
                ],
                "sent_index": 0,
                "type": "subject",
                "sub_label": [
                    "MALWARE"
                ]
            }
        },
        {
            "id": 5,
            "contracted": 0,
            "meta": {
                "start": 21,
                "end": 37,
                "text": "Windows Defender",
                "id": 5,
                "verbs": [
                    "disable"
                ],
                "label": [
                    "COMPONENT"
                ],
                "sent_index": 0,
                "type": "object"
            }
        },
        {
            "id": 8,
            "contracted": 0,
            "meta": {
                "start": 47,
                "end": 58,
                "text": "protections",
                "id": 8,
                "verbs": [
                    "evade"
                ],
                "label": [
                    "COMPONENT"
                ],
                "sent_index": 0,
                "type": "object"
            }
        }
    ],
    "graph_edges": [
        {
            "source": 1,
            "dest": 5,
            "index": 0,
            "verb": "disable",
            "id": "1_5"
        },
        {
            "source": 1,
            "dest": 8,
            "index": 1,
            "verb": "evade",
            "id": "1_8"
        }
    ],
    "replacement_mapper": {},
    "sentences": [
        {
            "id": 0,
            "text": "Egregor has disabled Windows Defender to evade protections.",
            "svos": [
                {
                    "sub": {
                        "start": 0,
                        "end": 7,
                        "text": "Egregor",
                        "id": 1,
                        "label": [
                            "ACTOR"
                        ],
                        "sent_index": 0,
                        "type": "subject",
                        "sub_label": [
                            "MALWARE"
                        ]
                    },
                    "verb": {
                        "negation": false,
                        "text": "disable",
                        "index": 2,
                        "flag": 0
                    },
                    "obj": {
                        "start": 21,
                        "end": 37,
                        "text": "Windows Defender",
                        "id": 5,
                        "verbs": [
                            "disable"
                        ],
                        "label": [
                            "COMPONENT"
                        ],
                        "sent_index": 0,
                        "type": "object"
                    }
                },
                {
                    "sub": {
                        "start": 0,
                        "end": 7,
                        "text": "Egregor",
                        "id": 1,
                        "label": [
                            "FUNCTION"
                        ],
                        "sent_index": 0,
                        "type": "subject"
                    },
                    "verb": {
                        "negation": false,
                        "text": "evade",
                        "index": 6,
                        "flag": 0
                    },
                    "obj": {
                        "start": 47,
                        "end": 58,
                        "text": "protections",
                        "id": 8,
                        "verbs": [
                            "evade"
                        ],
                        "label": [
                            "COMPONENT"
                        ],
                        "sent_index": 0,
                        "type": "object"
                    }
                }
            ]
        }
    ],
    "id": "relationship--b319dd46-3f98-421f-9312-1cd92df3ca02",
    "tech_id": "T1562.001",
    "location": [],
    "special_id": "T1562.001"
}