{
    "text": "Lazarus Group used tools that conducted system checks to detect sandboxes or VMware services.",
    "graph_nodes": [
        {
            "id": 2,
            "contracted": 0,
            "meta": {
                "start": 0,
                "end": 13,
                "text": "Lazarus Group",
                "id": 2,
                "label": [
                    "ACTOR"
                ],
                "sent_index": 0,
                "type": "subject"
            }
        },
        {
            "id": 4,
            "contracted": 0,
            "meta": {
                "start": 19,
                "end": 24,
                "text": "tools",
                "id": 4,
                "verbs": [
                    "use"
                ],
                "label": [
                    "FUNCTION"
                ],
                "sent_index": 0,
                "type": "object"
            }
        },
        {
            "id": 8,
            "contracted": 0,
            "meta": {
                "start": 40,
                "end": 53,
                "text": "system checks",
                "id": 8,
                "verbs": [
                    "conduct"
                ],
                "label": [
                    "FUNCTION"
                ],
                "sent_index": 0,
                "type": "object"
            }
        },
        {
            "id": 11,
            "contracted": 0,
            "meta": {
                "start": 64,
                "end": 73,
                "text": "sandboxes",
                "id": 11,
                "verbs": [
                    "detect"
                ],
                "label": [
                    "COMPONENT"
                ],
                "sent_index": 0,
                "type": "object",
                "texts": [
                    "sandboxes",
                    "VMware services"
                ]
            }
        }
    ],
    "graph_edges": [
        {
            "source": 2,
            "dest": 4,
            "index": 0,
            "verb": "use",
            "id": "2_4"
        },
        {
            "source": 2,
            "dest": 11,
            "index": 2,
            "verb": "detect",
            "id": "2_11"
        },
        {
            "source": 4,
            "dest": 8,
            "index": 1,
            "verb": "conduct",
            "id": "4_8"
        }
    ],
    "replacement_mapper": {},
    "sentences": [
        {
            "id": 0,
            "text": "Lazarus Group used tools that conducted system checks to detect sandboxes or VMware services.",
            "svos": [
                {
                    "sub": {
                        "start": 0,
                        "end": 13,
                        "text": "Lazarus Group",
                        "id": 2,
                        "label": [
                            "ACTOR"
                        ],
                        "sent_index": 0,
                        "type": "subject"
                    },
                    "verb": {
                        "negation": false,
                        "text": "use",
                        "index": 2,
                        "flag": 0
                    },
                    "obj": {
                        "start": 19,
                        "end": 24,
                        "text": "tools",
                        "id": 4,
                        "verbs": [
                            "use"
                        ],
                        "label": [
                            "FUNCTION"
                        ],
                        "sent_index": 0,
                        "type": "object"
                    }
                },
                {
                    "sub": {
                        "start": 19,
                        "end": 24,
                        "text": "tools",
                        "id": 4,
                        "verbs": [
                            "use"
                        ],
                        "label": [
                            "FUNCTION"
                        ],
                        "sent_index": 0,
                        "type": "subject"
                    },
                    "verb": {
                        "negation": false,
                        "text": "conduct",
                        "index": 5,
                        "flag": 0
                    },
                    "obj": {
                        "start": 40,
                        "end": 53,
                        "text": "system checks",
                        "id": 8,
                        "verbs": [
                            "conduct"
                        ],
                        "label": [
                            "FUNCTION"
                        ],
                        "sent_index": 0,
                        "type": "object"
                    }
                },
                {
                    "sub": {
                        "start": 0,
                        "end": 13,
                        "text": "Lazarus Group",
                        "id": 2,
                        "label": [
                            "ACTOR"
                        ],
                        "sent_index": 0,
                        "type": "subject"
                    },
                    "verb": {
                        "negation": false,
                        "text": "detect",
                        "index": 9,
                        "flag": 0
                    },
                    "obj": {
                        "start": 64,
                        "end": 73,
                        "text": "sandboxes",
                        "id": 11,
                        "verbs": [
                            "detect"
                        ],
                        "label": [
                            "COMPONENT"
                        ],
                        "sent_index": 0,
                        "type": "object",
                        "texts": [
                            "sandboxes",
                            "VMware services"
                        ]
                    }
                },
                {
                    "sub": {
                        "start": 0,
                        "end": 13,
                        "text": "Lazarus Group",
                        "id": 2,
                        "label": [
                            "ACTOR"
                        ],
                        "sent_index": 0,
                        "type": "subject"
                    },
                    "verb": {
                        "negation": false,
                        "text": "detect",
                        "index": 9,
                        "flag": 0
                    },
                    "obj": {
                        "start": 77,
                        "end": 92,
                        "text": "VMware services",
                        "id": 14,
                        "verbs": [
                            "detect"
                        ],
                        "label": [
                            "COMPONENT"
                        ],
                        "sent_index": 0,
                        "type": "object"
                    }
                }
            ]
        }
    ],
    "id": "relationship--1bbc2179-9302-4f21-98b8-b1f60ceafed3",
    "tech_id": "T1497.001",
    "location": [],
    "special_id": "T1497.001"
}