{
    "text": "BADHATCH can check for open ports on a computer by establishing a TCP connection.",
    "graph_nodes": [
        {
            "id": 1,
            "contracted": 0,
            "meta": {
                "start": 0,
                "end": 8,
                "text": "BADHATCH",
                "id": 1,
                "label": [
                    "ACTOR"
                ],
                "sent_index": 0,
                "type": "subject",
                "sub_label": [
                    "MALWARE"
                ]
            }
        },
        {
            "id": 6,
            "contracted": 0,
            "meta": {
                "start": 23,
                "end": 33,
                "text": "open ports",
                "id": 6,
                "verbs": [
                    "check"
                ],
                "label": [
                    "NETWORK"
                ],
                "sent_index": 0,
                "type": "object"
            }
        },
        {
            "id": 9,
            "contracted": 0,
            "meta": {
                "start": 39,
                "end": 47,
                "text": "computer",
                "id": 9,
                "label": [
                    "COMPONENT"
                ],
                "sent_index": 0,
                "type": "object"
            }
        },
        {
            "id": 14,
            "contracted": 0,
            "meta": {
                "start": 66,
                "end": 80,
                "text": "TCP connection",
                "id": 14,
                "verbs": [
                    "establish"
                ],
                "label": [
                    "NETWORK"
                ],
                "sent_index": 0,
                "type": "object"
            }
        }
    ],
    "graph_edges": [
        {
            "source": 1,
            "dest": 6,
            "index": 1,
            "verb": "for",
            "id": "1_6"
        },
        {
            "source": 1,
            "dest": 14,
            "index": 3,
            "verb": "establish",
            "id": "1_14"
        },
        {
            "source": 6,
            "dest": 9,
            "index": 2,
            "verb": "on",
            "id": "6_9"
        }
    ],
    "replacement_mapper": {},
    "sentences": [
        {
            "id": 0,
            "text": "BADHATCH can check for open ports on a computer by establishing a TCP connection.",
            "svos": [
                {
                    "sub": {
                        "start": 0,
                        "end": 8,
                        "text": "BADHATCH",
                        "id": 1,
                        "label": [
                            "ACTOR"
                        ],
                        "sent_index": 0,
                        "type": "subject",
                        "sub_label": [
                            "MALWARE"
                        ]
                    },
                    "verb": {
                        "negation": false,
                        "text": "check",
                        "index": 2,
                        "flag": 0
                    },
                    "obj": {
                        "start": 23,
                        "end": 33,
                        "text": "open ports",
                        "id": 6,
                        "verbs": [
                            "check"
                        ],
                        "label": [
                            "NETWORK"
                        ],
                        "sent_index": 0,
                        "type": "object"
                    }
                },
                {
                    "sub": {
                        "start": 0,
                        "end": 8,
                        "text": "BADHATCH",
                        "id": 1,
                        "label": [
                            "FUNCTION"
                        ],
                        "sent_index": 0,
                        "type": "subject"
                    },
                    "verb": {
                        "negation": false,
                        "text": "for",
                        "index": 3,
                        "flag": 0
                    },
                    "obj": {
                        "start": 23,
                        "end": 33,
                        "text": "open ports",
                        "id": 6,
                        "verbs": [
                            "check"
                        ],
                        "label": [
                            "NETWORK"
                        ],
                        "sent_index": 0,
                        "type": "object"
                    }
                },
                {
                    "sub": {
                        "start": 23,
                        "end": 33,
                        "text": "open ports",
                        "id": 6,
                        "verbs": [
                            "check"
                        ],
                        "label": [
                            "NETWORK"
                        ],
                        "sent_index": 0,
                        "type": "subject"
                    },
                    "verb": {
                        "negation": false,
                        "text": "on",
                        "index": 6,
                        "flag": 0
                    },
                    "obj": {
                        "start": 39,
                        "end": 47,
                        "text": "computer",
                        "id": 9,
                        "label": [
                            "COMPONENT"
                        ],
                        "sent_index": 0,
                        "type": "object"
                    }
                },
                {
                    "sub": {
                        "start": 0,
                        "end": 8,
                        "text": "BADHATCH",
                        "id": 1,
                        "label": [
                            "FUNCTION"
                        ],
                        "sent_index": 0,
                        "type": "subject"
                    },
                    "verb": {
                        "negation": false,
                        "text": "establish",
                        "index": 10,
                        "flag": 0
                    },
                    "obj": {
                        "start": 66,
                        "end": 80,
                        "text": "TCP connection",
                        "id": 14,
                        "verbs": [
                            "establish"
                        ],
                        "label": [
                            "NETWORK"
                        ],
                        "sent_index": 0,
                        "type": "object"
                    }
                }
            ]
        }
    ],
    "id": "relationship--6eaf57d7-1e0c-437a-b5e6-4b4dc6f00ae1",
    "tech_id": "T1046",
    "location": [],
    "special_id": "T1046"
}