{
    "text": "Empire can perform port scans from an infected host.",
    "graph_nodes": [
        {
            "id": 1,
            "contracted": 0,
            "meta": {
                "start": 0,
                "end": 6,
                "text": "Empire",
                "id": 1,
                "label": [
                    "FUNCTION"
                ],
                "sent_index": 0,
                "type": "subject"
            }
        },
        {
            "id": 5,
            "contracted": 0,
            "meta": {
                "start": 19,
                "end": 29,
                "text": "port scans",
                "id": 5,
                "verbs": [
                    "perform"
                ],
                "label": [
                    "FUNCTION"
                ],
                "sent_index": 0,
                "type": "object"
            }
        },
        {
            "id": 9,
            "contracted": 0,
            "meta": {
                "start": 38,
                "end": 51,
                "text": "infected host",
                "id": 9,
                "verbs": [
                    "from"
                ],
                "label": [
                    "COMPONENT"
                ],
                "sent_index": 0,
                "type": "object"
            }
        }
    ],
    "graph_edges": [
        {
            "source": 1,
            "dest": 5,
            "index": 0,
            "verb": "perform",
            "id": "1_5"
        },
        {
            "source": 5,
            "dest": 9,
            "index": 1,
            "verb": "from",
            "id": "5_9"
        }
    ],
    "replacement_mapper": {},
    "sentences": [
        {
            "id": 0,
            "text": "Empire can perform port scans from an infected host.",
            "svos": [
                {
                    "sub": {
                        "start": 0,
                        "end": 6,
                        "text": "Empire",
                        "id": 1,
                        "label": [
                            "FUNCTION"
                        ],
                        "sent_index": 0,
                        "type": "subject"
                    },
                    "verb": {
                        "negation": false,
                        "text": "perform",
                        "index": 2,
                        "flag": 0
                    },
                    "obj": {
                        "start": 19,
                        "end": 29,
                        "text": "port scans",
                        "id": 5,
                        "verbs": [
                            "perform"
                        ],
                        "label": [
                            "FUNCTION"
                        ],
                        "sent_index": 0,
                        "type": "object"
                    }
                },
                {
                    "sub": {
                        "start": 19,
                        "end": 29,
                        "text": "port scans",
                        "id": 5,
                        "verbs": [
                            "perform"
                        ],
                        "label": [
                            "FUNCTION"
                        ],
                        "sent_index": 0,
                        "type": "subject"
                    },
                    "verb": {
                        "negation": false,
                        "text": "from",
                        "index": 5,
                        "flag": 0
                    },
                    "obj": {
                        "start": 38,
                        "end": 51,
                        "text": "infected host",
                        "id": 9,
                        "verbs": [
                            "from"
                        ],
                        "label": [
                            "COMPONENT"
                        ],
                        "sent_index": 0,
                        "type": "object"
                    }
                }
            ]
        }
    ],
    "id": "relationship--2589342a-8f88-4458-bc34-cec6b073763e",
    "tech_id": "T1046",
    "location": [],
    "special_id": "T1046"
}