{
    "text": "SynAck abuses NTFS transactions to launch and conceal malicious processes.",
    "graph_nodes": [
        {
            "id": 1,
            "contracted": 0,
            "meta": {
                "start": 0,
                "end": 6,
                "text": "SynAck",
                "id": 1,
                "label": [
                    "ACTOR"
                ],
                "sent_index": 0,
                "type": "subject",
                "sub_label": [
                    "MALWARE"
                ]
            }
        },
        {
            "id": 4,
            "contracted": 0,
            "meta": {
                "start": 14,
                "end": 31,
                "text": "NTFS transactions",
                "id": 4,
                "verbs": [
                    "abuse"
                ],
                "label": [
                    "DATA"
                ],
                "sent_index": 0,
                "type": "object"
            }
        },
        {
            "id": 10,
            "contracted": 0,
            "meta": {
                "start": 64,
                "end": 73,
                "text": "processes",
                "id": 10,
                "verbs": [
                    "launch"
                ],
                "label": [
                    "FUNCTION"
                ],
                "sent_index": 0,
                "type": "object"
            }
        }
    ],
    "graph_edges": [
        {
            "source": 1,
            "dest": 4,
            "index": 0,
            "verb": "abuse",
            "id": "1_4"
        },
        {
            "source": 1,
            "dest": 10,
            "index": 2,
            "verb": "conceal",
            "id": "1_10"
        }
    ],
    "replacement_mapper": {},
    "sentences": [
        {
            "id": 0,
            "text": "SynAck abuses NTFS transactions to launch and conceal malicious processes.",
            "svos": [
                {
                    "sub": {
                        "start": 0,
                        "end": 6,
                        "text": "SynAck",
                        "id": 1,
                        "label": [
                            "ACTOR"
                        ],
                        "sent_index": 0,
                        "type": "subject",
                        "sub_label": [
                            "MALWARE"
                        ]
                    },
                    "verb": {
                        "negation": false,
                        "text": "abuse",
                        "index": 1,
                        "flag": 0
                    },
                    "obj": {
                        "start": 14,
                        "end": 31,
                        "text": "NTFS transactions",
                        "id": 4,
                        "verbs": [
                            "abuse"
                        ],
                        "label": [
                            "DATA"
                        ],
                        "sent_index": 0,
                        "type": "object"
                    }
                },
                {
                    "sub": {
                        "start": 0,
                        "end": 6,
                        "text": "SynAck",
                        "id": 1,
                        "label": [
                            "FUNCTION"
                        ],
                        "sent_index": 0,
                        "type": "subject"
                    },
                    "verb": {
                        "negation": false,
                        "text": "launch",
                        "index": 5,
                        "flag": 0
                    },
                    "obj": {
                        "start": 64,
                        "end": 73,
                        "text": "processes",
                        "id": 10,
                        "verbs": [
                            "launch"
                        ],
                        "label": [
                            "FUNCTION"
                        ],
                        "sent_index": 0,
                        "type": "object"
                    }
                },
                {
                    "sub": {
                        "start": 0,
                        "end": 6,
                        "text": "SynAck",
                        "id": 1,
                        "label": [
                            "FUNCTION"
                        ],
                        "sent_index": 0,
                        "type": "subject"
                    },
                    "verb": {
                        "negation": false,
                        "text": "conceal",
                        "index": 7,
                        "flag": 0
                    },
                    "obj": {
                        "start": 64,
                        "end": 73,
                        "text": "processes",
                        "id": 10,
                        "verbs": [
                            "conceal"
                        ],
                        "label": [
                            "FUNCTION"
                        ],
                        "sent_index": 0,
                        "type": "object"
                    }
                }
            ]
        }
    ],
    "id": "relationship--41ac0542-9215-466a-ba43-05bd8b9e330b",
    "tech_id": "T1055.013",
    "location": [],
    "special_id": "T1055.013"
}