{
    "text": "The TrickBot downloader has used an icon to appear as a Microsoft Word document.",
    "graph_nodes": [
        {
            "id": 3,
            "contracted": 0,
            "meta": {
                "start": 4,
                "end": 23,
                "text": "TrickBot downloader",
                "id": 3,
                "label": [
                    "FUNCTION"
                ],
                "sent_index": 0,
                "type": "subject"
            }
        },
        {
            "id": 7,
            "contracted": 0,
            "meta": {
                "start": 36,
                "end": 40,
                "text": "icon",
                "id": 7,
                "verbs": [
                    "use"
                ],
                "label": [
                    "DATA"
                ],
                "sent_index": 0,
                "type": "object"
            }
        }
    ],
    "graph_edges": [
        {
            "source": 3,
            "dest": 7,
            "index": 0,
            "verb": "use",
            "id": "3_7"
        }
    ],
    "replacement_mapper": {},
    "sentences": [
        {
            "id": 0,
            "text": "The TrickBot downloader has used an icon to appear as a Microsoft Word document.",
            "svos": [
                {
                    "sub": {
                        "start": 4,
                        "end": 23,
                        "text": "TrickBot downloader",
                        "id": 3,
                        "label": [
                            "FUNCTION"
                        ],
                        "sent_index": 0,
                        "type": "subject"
                    },
                    "verb": {
                        "negation": false,
                        "text": "use",
                        "index": 4,
                        "flag": 0
                    },
                    "obj": {
                        "start": 36,
                        "end": 40,
                        "text": "icon",
                        "id": 7,
                        "verbs": [
                            "use"
                        ],
                        "label": [
                            "DATA"
                        ],
                        "sent_index": 0,
                        "type": "object"
                    }
                }
            ]
        }
    ],
    "id": "relationship--a8126b8d-8dd7-4e12-a384-96dabb975725",
    "tech_id": "T1036",
    "location": [],
    "special_id": "T1036"
}