{
    "text": "FinFisher contains junk code in its functions in an effort to confuse disassembly programs.",
    "graph_nodes": [
        {
            "id": 1,
            "contracted": 0,
            "meta": {
                "start": 0,
                "end": 9,
                "text": "FinFisher",
                "id": 1,
                "label": [
                    "ACTOR"
                ],
                "sent_index": 0,
                "type": "subject",
                "sub_label": [
                    "MALWARE"
                ]
            }
        },
        {
            "id": 4,
            "contracted": 0,
            "meta": {
                "start": 19,
                "end": 28,
                "text": "junk code",
                "id": 4,
                "verbs": [
                    "contain"
                ],
                "label": [
                    "FUNCTION"
                ],
                "sent_index": 0,
                "type": "object"
            }
        },
        {
            "id": 7,
            "contracted": 0,
            "meta": {
                "start": 36,
                "end": 45,
                "text": "functions",
                "id": 7,
                "label": [
                    "FUNCTION"
                ],
                "sent_index": 0,
                "type": "object"
            }
        },
        {
            "id": 10,
            "contracted": 0,
            "meta": {
                "start": 52,
                "end": 58,
                "text": "effort",
                "id": 10,
                "label": [
                    "FUNCTION"
                ],
                "sent_index": 0,
                "type": "object"
            }
        },
        {
            "id": 14,
            "contracted": 0,
            "meta": {
                "start": 70,
                "end": 90,
                "text": "disassembly programs",
                "id": 14,
                "verbs": [
                    "confuse"
                ],
                "label": [
                    "FUNCTION"
                ],
                "sent_index": 0,
                "type": "object"
            }
        }
    ],
    "graph_edges": [
        {
            "source": 1,
            "dest": 4,
            "index": 0,
            "verb": "contain",
            "id": "1_4"
        },
        {
            "source": 1,
            "dest": 7,
            "index": 2,
            "verb": "in",
            "id": "1_7"
        },
        {
            "source": 1,
            "dest": 10,
            "index": 4,
            "verb": "in",
            "id": "1_10"
        },
        {
            "source": 4,
            "dest": 7,
            "index": 1,
            "verb": "in",
            "id": "4_7"
        },
        {
            "source": 4,
            "dest": 10,
            "index": 3,
            "verb": "in",
            "id": "4_10"
        },
        {
            "source": 10,
            "dest": 14,
            "index": 5,
            "verb": "confuse",
            "id": "10_14"
        }
    ],
    "replacement_mapper": {},
    "sentences": [
        {
            "id": 0,
            "text": "FinFisher contains junk code in its functions in an effort to confuse disassembly programs.",
            "svos": [
                {
                    "sub": {
                        "start": 0,
                        "end": 9,
                        "text": "FinFisher",
                        "id": 1,
                        "label": [
                            "ACTOR"
                        ],
                        "sent_index": 0,
                        "type": "subject",
                        "sub_label": [
                            "MALWARE"
                        ]
                    },
                    "verb": {
                        "negation": false,
                        "text": "contain",
                        "index": 1,
                        "flag": 0
                    },
                    "obj": {
                        "start": 19,
                        "end": 28,
                        "text": "junk code",
                        "id": 4,
                        "verbs": [
                            "contain"
                        ],
                        "label": [
                            "FUNCTION"
                        ],
                        "sent_index": 0,
                        "type": "object"
                    }
                },
                {
                    "sub": {
                        "start": 19,
                        "end": 28,
                        "text": "junk code",
                        "id": 4,
                        "verbs": [
                            "contain"
                        ],
                        "label": [
                            "FUNCTION"
                        ],
                        "sent_index": 0,
                        "type": "subject"
                    },
                    "verb": {
                        "negation": false,
                        "text": "in",
                        "index": 4,
                        "flag": 0
                    },
                    "obj": {
                        "start": 36,
                        "end": 45,
                        "text": "functions",
                        "id": 7,
                        "label": [
                            "FUNCTION"
                        ],
                        "sent_index": 0,
                        "type": "object"
                    }
                },
                {
                    "sub": {
                        "start": 0,
                        "end": 9,
                        "text": "FinFisher",
                        "id": 1,
                        "label": [
                            "FUNCTION"
                        ],
                        "sent_index": 0,
                        "type": "subject"
                    },
                    "verb": {
                        "negation": false,
                        "text": "in",
                        "index": 4,
                        "flag": 0
                    },
                    "obj": {
                        "start": 36,
                        "end": 45,
                        "text": "functions",
                        "id": 7,
                        "label": [
                            "FUNCTION"
                        ],
                        "sent_index": 0,
                        "type": "object"
                    }
                },
                {
                    "sub": {
                        "start": 19,
                        "end": 28,
                        "text": "junk code",
                        "id": 4,
                        "verbs": [
                            "contain"
                        ],
                        "label": [
                            "FUNCTION"
                        ],
                        "sent_index": 0,
                        "type": "subject"
                    },
                    "verb": {
                        "negation": false,
                        "text": "in",
                        "index": 7,
                        "flag": 0
                    },
                    "obj": {
                        "start": 52,
                        "end": 58,
                        "text": "effort",
                        "id": 10,
                        "label": [
                            "FUNCTION"
                        ],
                        "sent_index": 0,
                        "type": "object"
                    }
                },
                {
                    "sub": {
                        "start": 0,
                        "end": 9,
                        "text": "FinFisher",
                        "id": 1,
                        "label": [
                            "FUNCTION"
                        ],
                        "sent_index": 0,
                        "type": "subject"
                    },
                    "verb": {
                        "negation": false,
                        "text": "in",
                        "index": 7,
                        "flag": 0
                    },
                    "obj": {
                        "start": 52,
                        "end": 58,
                        "text": "effort",
                        "id": 10,
                        "label": [
                            "FUNCTION"
                        ],
                        "sent_index": 0,
                        "type": "object"
                    }
                },
                {
                    "sub": {
                        "start": 52,
                        "end": 58,
                        "text": "effort",
                        "id": 10,
                        "label": [
                            "FUNCTION"
                        ],
                        "sent_index": 0,
                        "type": "subject"
                    },
                    "verb": {
                        "negation": false,
                        "text": "confuse",
                        "index": 11,
                        "flag": 0
                    },
                    "obj": {
                        "start": 70,
                        "end": 90,
                        "text": "disassembly programs",
                        "id": 14,
                        "verbs": [
                            "confuse"
                        ],
                        "label": [
                            "FUNCTION"
                        ],
                        "sent_index": 0,
                        "type": "object"
                    }
                }
            ]
        }
    ],
    "id": "relationship--b10b7d66-3bee-4ebc-98c2-2eec2259e19e",
    "tech_id": "T1027.001",
    "location": [],
    "special_id": "T1027.001"
}