{
    "text": "Okrum was seen using a RAR archiver tool to compress/decompress data.",
    "graph_nodes": [
        {
            "id": 1,
            "contracted": 0,
            "meta": {
                "start": 0,
                "end": 5,
                "text": "Okrum",
                "id": 1,
                "verbs": [
                    "see"
                ],
                "label": [
                    "ACTOR"
                ],
                "sent_index": 0,
                "type": "object",
                "sub_label": [
                    "MALWARE"
                ]
            }
        },
        {
            "id": 8,
            "contracted": 0,
            "meta": {
                "start": 23,
                "end": 40,
                "text": "RAR archiver tool",
                "id": 8,
                "verbs": [
                    "use"
                ],
                "label": [
                    "ENCRYPTION"
                ],
                "sent_index": 0,
                "type": "object"
            }
        },
        {
            "id": 13,
            "contracted": 0,
            "meta": {
                "start": 64,
                "end": 68,
                "text": "data",
                "id": 13,
                "verbs": [
                    "compress"
                ],
                "label": [
                    "DATA"
                ],
                "sent_index": 0,
                "type": "object"
            }
        }
    ],
    "graph_edges": [
        {
            "source": 1,
            "dest": 8,
            "index": 1,
            "verb": "use",
            "id": "1_8"
        },
        {
            "source": 1,
            "dest": 13,
            "index": 2,
            "verb": "compress",
            "id": "1_13"
        }
    ],
    "replacement_mapper": {},
    "sentences": [
        {
            "id": 0,
            "text": "Okrum was seen using a RAR archiver tool to compress/decompress data.",
            "svos": [
                {
                    "sub": {
                        "text": "ANY",
                        "start": 0,
                        "end": 0,
                        "label": [
                            "ACTOR"
                        ],
                        "id": 0,
                        "sent_index": 0,
                        "type": "subject"
                    },
                    "verb": {
                        "negation": false,
                        "text": "see",
                        "index": 2,
                        "flag": 0
                    },
                    "obj": {
                        "start": 0,
                        "end": 5,
                        "text": "Okrum",
                        "id": 1,
                        "verbs": [
                            "see"
                        ],
                        "label": [
                            "ACTOR"
                        ],
                        "sent_index": 0,
                        "type": "object",
                        "sub_label": [
                            "MALWARE"
                        ]
                    }
                },
                {
                    "sub": {
                        "start": 0,
                        "end": 5,
                        "text": "Okrum",
                        "id": 1,
                        "verbs": [
                            "see"
                        ],
                        "label": [
                            "FUNCTION"
                        ],
                        "sent_index": 0,
                        "type": "subject"
                    },
                    "verb": {
                        "negation": false,
                        "text": "use",
                        "index": 3,
                        "flag": 0
                    },
                    "obj": {
                        "start": 23,
                        "end": 40,
                        "text": "RAR archiver tool",
                        "id": 8,
                        "verbs": [
                            "use"
                        ],
                        "label": [
                            "ENCRYPTION"
                        ],
                        "sent_index": 0,
                        "type": "object"
                    }
                },
                {
                    "sub": {
                        "start": 0,
                        "end": 5,
                        "text": "Okrum",
                        "id": 1,
                        "verbs": [
                            "see"
                        ],
                        "label": [
                            "FUNCTION"
                        ],
                        "sent_index": 0,
                        "type": "subject"
                    },
                    "verb": {
                        "negation": false,
                        "text": "compress",
                        "index": 9,
                        "flag": 0
                    },
                    "obj": {
                        "start": 64,
                        "end": 68,
                        "text": "data",
                        "id": 13,
                        "verbs": [
                            "compress"
                        ],
                        "label": [
                            "DATA"
                        ],
                        "sent_index": 0,
                        "type": "object"
                    }
                }
            ]
        }
    ],
    "id": "relationship--0b582433-b5e6-49d7-886c-e1edd1a0a802",
    "tech_id": "T1560.001",
    "location": [],
    "special_id": "T1560.001"
}