{
    "text": "Trojan.Karagany samples sometimes use common binary packers such as UPX and Aspack on top of a custom Delphi binary packer.",
    "graph_nodes": [
        {
            "id": 2,
            "contracted": 0,
            "meta": {
                "start": 0,
                "end": 23,
                "text": "Trojan.Karagany samples",
                "id": 2,
                "label": [
                    "FUNCTION"
                ],
                "sent_index": 0,
                "type": "subject"
            }
        },
        {
            "id": 7,
            "contracted": 0,
            "meta": {
                "start": 45,
                "end": 59,
                "text": "binary packers",
                "id": 7,
                "verbs": [
                    "use"
                ],
                "label": [
                    "FUNCTION"
                ],
                "sent_index": 0,
                "type": "object",
                "texts": [
                    "Aspack",
                    "binary packers",
                    "UPX"
                ]
            }
        },
        {
            "id": 14,
            "contracted": 0,
            "meta": {
                "start": 86,
                "end": 89,
                "text": "top",
                "id": 14,
                "label": [
                    "OTHER"
                ],
                "sent_index": 0,
                "type": "object"
            }
        },
        {
            "id": 20,
            "contracted": 0,
            "meta": {
                "start": 95,
                "end": 122,
                "text": "custom Delphi binary packer",
                "id": 20,
                "label": [
                    "FUNCTION"
                ],
                "sent_index": 0,
                "type": "object"
            }
        }
    ],
    "graph_edges": [
        {
            "source": 2,
            "dest": 7,
            "index": 0,
            "verb": "use",
            "id": "2_7"
        },
        {
            "source": 2,
            "dest": 14,
            "index": 4,
            "verb": "on",
            "id": "2_14"
        },
        {
            "source": 7,
            "dest": 14,
            "index": 3,
            "verb": "on",
            "id": "7_14"
        },
        {
            "source": 14,
            "dest": 20,
            "index": 5,
            "verb": "of",
            "id": "14_20"
        }
    ],
    "replacement_mapper": {},
    "sentences": [
        {
            "id": 0,
            "text": "Trojan.Karagany samples sometimes use common binary packers such as UPX and Aspack on top of a custom Delphi binary packer.",
            "svos": [
                {
                    "sub": {
                        "start": 0,
                        "end": 23,
                        "text": "Trojan.Karagany samples",
                        "id": 2,
                        "label": [
                            "FUNCTION"
                        ],
                        "sent_index": 0,
                        "type": "subject"
                    },
                    "verb": {
                        "negation": false,
                        "text": "use",
                        "index": 3,
                        "flag": 0
                    },
                    "obj": {
                        "start": 45,
                        "end": 59,
                        "text": "binary packers",
                        "id": 7,
                        "verbs": [
                            "use"
                        ],
                        "label": [
                            "FUNCTION"
                        ],
                        "sent_index": 0,
                        "type": "object",
                        "texts": [
                            "Aspack",
                            "binary packers",
                            "UPX"
                        ]
                    }
                },
                {
                    "sub": {
                        "start": 45,
                        "end": 59,
                        "text": "binary packers",
                        "id": 7,
                        "verbs": [
                            "use"
                        ],
                        "label": [
                            "FUNCTION"
                        ],
                        "sent_index": 0,
                        "type": "subject"
                    },
                    "verb": {
                        "negation": false,
                        "text": "as",
                        "index": 8,
                        "flag": 1
                    },
                    "obj": {
                        "start": 68,
                        "end": 71,
                        "text": "UPX",
                        "id": 10,
                        "verbs": [
                            "as"
                        ],
                        "label": [
                            "FUNCTION"
                        ],
                        "sent_index": 0,
                        "type": "object"
                    }
                },
                {
                    "sub": {
                        "start": 45,
                        "end": 59,
                        "text": "binary packers",
                        "id": 7,
                        "verbs": [
                            "use"
                        ],
                        "label": [
                            "FUNCTION"
                        ],
                        "sent_index": 0,
                        "type": "subject"
                    },
                    "verb": {
                        "negation": false,
                        "text": "as",
                        "index": 8,
                        "flag": 1
                    },
                    "obj": {
                        "start": 76,
                        "end": 82,
                        "text": "Aspack",
                        "id": 12,
                        "verbs": [
                            "as"
                        ],
                        "label": [
                            "FUNCTION"
                        ],
                        "sent_index": 0,
                        "type": "object"
                    }
                },
                {
                    "sub": {
                        "start": 45,
                        "end": 59,
                        "text": "binary packers",
                        "id": 7,
                        "verbs": [
                            "use"
                        ],
                        "label": [
                            "FUNCTION"
                        ],
                        "sent_index": 0,
                        "type": "subject"
                    },
                    "verb": {
                        "negation": false,
                        "text": "on",
                        "index": 12,
                        "flag": 0
                    },
                    "obj": {
                        "start": 86,
                        "end": 89,
                        "text": "top",
                        "id": 14,
                        "label": [
                            "OTHER"
                        ],
                        "sent_index": 0,
                        "type": "object"
                    }
                },
                {
                    "sub": {
                        "start": 0,
                        "end": 23,
                        "text": "Trojan.Karagany samples",
                        "id": 2,
                        "label": [
                            "FUNCTION"
                        ],
                        "sent_index": 0,
                        "type": "subject"
                    },
                    "verb": {
                        "negation": false,
                        "text": "on",
                        "index": 12,
                        "flag": 0
                    },
                    "obj": {
                        "start": 86,
                        "end": 89,
                        "text": "top",
                        "id": 14,
                        "label": [
                            "OTHER"
                        ],
                        "sent_index": 0,
                        "type": "object"
                    }
                },
                {
                    "sub": {
                        "start": 86,
                        "end": 89,
                        "text": "top",
                        "id": 14,
                        "label": [
                            "OTHER"
                        ],
                        "sent_index": 0,
                        "type": "subject"
                    },
                    "verb": {
                        "negation": false,
                        "text": "of",
                        "index": 14,
                        "flag": 0
                    },
                    "obj": {
                        "start": 95,
                        "end": 122,
                        "text": "custom Delphi binary packer",
                        "id": 20,
                        "label": [
                            "FUNCTION"
                        ],
                        "sent_index": 0,
                        "type": "object"
                    }
                }
            ]
        }
    ],
    "id": "relationship--40c202ae-fd92-4506-b72a-5fb0e7bcf99a",
    "tech_id": "T1027.002",
    "location": [],
    "special_id": "T1027.002"
}