{
    "text": "APT29 registered domains in C2 including some crafted to appear as existing legitimate domains.",
    "graph_nodes": [
        {
            "id": 3,
            "contracted": 0,
            "meta": {
                "start": 0,
                "end": 24,
                "text": "APT29 registered domains",
                "id": 3,
                "label": [
                    "NETWORK"
                ],
                "sent_index": 0,
                "type": "subject"
            }
        },
        {
            "id": 5,
            "contracted": 0,
            "meta": {
                "start": 28,
                "end": 30,
                "text": "C2",
                "id": 5,
                "label": [
                    "NETWORK"
                ],
                "sent_index": 0,
                "type": "object"
            }
        },
        {
            "id": 7,
            "contracted": 0,
            "meta": {
                "text": "some",
                "start": 41,
                "end": 45,
                "id": 7,
                "verbs": [
                    "craft"
                ],
                "label": [
                    "OTHER"
                ],
                "sent_index": 0,
                "type": "object"
            }
        }
    ],
    "graph_edges": [
        {
            "source": 3,
            "dest": 5,
            "index": 0,
            "verb": "in",
            "id": "3_5"
        }
    ],
    "replacement_mapper": {},
    "sentences": [
        {
            "id": 0,
            "text": "APT29 registered domains in C2 including some crafted to appear as existing legitimate domains.",
            "svos": [
                {
                    "sub": {
                        "start": 0,
                        "end": 24,
                        "text": "APT29 registered domains",
                        "id": 3,
                        "label": [
                            "NETWORK"
                        ],
                        "sent_index": 0,
                        "type": "subject"
                    },
                    "verb": {
                        "negation": false,
                        "text": "in",
                        "index": 3,
                        "flag": 0
                    },
                    "obj": {
                        "start": 28,
                        "end": 30,
                        "text": "C2",
                        "id": 5,
                        "label": [
                            "NETWORK"
                        ],
                        "sent_index": 0,
                        "type": "object"
                    }
                },
                {
                    "sub": {
                        "text": "ANY",
                        "start": 0,
                        "end": 0,
                        "label": [
                            "ACTOR"
                        ],
                        "id": 0,
                        "sent_index": 0,
                        "type": "subject"
                    },
                    "verb": {
                        "negation": false,
                        "text": "craft",
                        "index": 7,
                        "flag": 0
                    },
                    "obj": {
                        "text": "some",
                        "start": 41,
                        "end": 45,
                        "id": 7,
                        "verbs": [
                            "craft"
                        ],
                        "label": [
                            "OTHER"
                        ],
                        "sent_index": 0,
                        "type": "object"
                    }
                }
            ]
        }
    ],
    "id": "relationship--7360bacd-7a75-401a-b97e-b9bd6a2fbe42",
    "tech_id": "T1583.001",
    "location": [],
    "special_id": "T1583.001"
}