{
    "text": "WellMess can execute command line scripts received from C2.",
    "graph_nodes": [
        {
            "id": 1,
            "contracted": 0,
            "meta": {
                "start": 0,
                "end": 8,
                "text": "WellMess",
                "id": 1,
                "label": [
                    "ACTOR"
                ],
                "sent_index": 0,
                "type": "subject",
                "sub_label": [
                    "MALWARE"
                ]
            }
        },
        {
            "id": 6,
            "contracted": 0,
            "meta": {
                "start": 21,
                "end": 41,
                "text": "command line scripts",
                "id": 6,
                "verbs": [
                    "execute"
                ],
                "label": [
                    "FUNCTION"
                ],
                "sent_index": 0,
                "type": "object"
            }
        },
        {
            "id": 9,
            "contracted": 0,
            "meta": {
                "start": 56,
                "end": 58,
                "text": "C2",
                "id": 9,
                "verbs": [
                    "receive"
                ],
                "label": [
                    "NETWORK"
                ],
                "sent_index": 0,
                "type": "object"
            }
        }
    ],
    "graph_edges": [
        {
            "source": 1,
            "dest": 6,
            "index": 0,
            "verb": "execute",
            "id": "1_6"
        },
        {
            "source": 6,
            "dest": 9,
            "index": 2,
            "verb": "receive from",
            "id": "6_9"
        }
    ],
    "replacement_mapper": {},
    "sentences": [
        {
            "id": 0,
            "text": "WellMess can execute command line scripts received from C2.",
            "svos": [
                {
                    "sub": {
                        "start": 0,
                        "end": 8,
                        "text": "WellMess",
                        "id": 1,
                        "label": [
                            "ACTOR"
                        ],
                        "sent_index": 0,
                        "type": "subject",
                        "sub_label": [
                            "MALWARE"
                        ]
                    },
                    "verb": {
                        "negation": false,
                        "text": "execute",
                        "index": 2,
                        "flag": 0
                    },
                    "obj": {
                        "start": 21,
                        "end": 41,
                        "text": "command line scripts",
                        "id": 6,
                        "verbs": [
                            "execute"
                        ],
                        "label": [
                            "FUNCTION"
                        ],
                        "sent_index": 0,
                        "type": "object"
                    }
                },
                {
                    "sub": {
                        "start": 21,
                        "end": 41,
                        "text": "command line scripts",
                        "id": 6,
                        "verbs": [
                            "execute"
                        ],
                        "label": [
                            "FUNCTION"
                        ],
                        "sent_index": 0,
                        "type": "subject"
                    },
                    "verb": {
                        "negation": false,
                        "text": "receive",
                        "index": 6,
                        "flag": 0
                    },
                    "obj": {
                        "start": 56,
                        "end": 58,
                        "text": "C2",
                        "id": 9,
                        "verbs": [
                            "receive"
                        ],
                        "label": [
                            "NETWORK"
                        ],
                        "sent_index": 0,
                        "type": "object"
                    }
                },
                {
                    "sub": {
                        "start": 21,
                        "end": 41,
                        "text": "command line scripts",
                        "id": 6,
                        "verbs": [
                            "execute"
                        ],
                        "label": [
                            "FUNCTION"
                        ],
                        "sent_index": 0,
                        "type": "subject"
                    },
                    "verb": {
                        "negation": false,
                        "text": "receive from",
                        "index": 6,
                        "flag": 0
                    },
                    "obj": {
                        "start": 56,
                        "end": 58,
                        "text": "C2",
                        "id": 9,
                        "verbs": [
                            "receive from"
                        ],
                        "label": [
                            "NETWORK"
                        ],
                        "sent_index": 0,
                        "type": "object"
                    }
                }
            ]
        }
    ],
    "id": "relationship--90f294ee-9232-4392-9c9a-124be3f38e06",
    "tech_id": "T1059.003",
    "location": [],
    "special_id": "T1059.003"
}