{
    "text": "APT29 has used compromised identities to access networks by VPNs and Citrix.",
    "graph_nodes": [
        {
            "id": 1,
            "contracted": 0,
            "meta": {
                "start": 0,
                "end": 5,
                "text": "APT29",
                "id": 1,
                "label": [
                    "ACTOR"
                ],
                "sent_index": 0,
                "type": "subject"
            }
        },
        {
            "id": 5,
            "contracted": 0,
            "meta": {
                "start": 15,
                "end": 37,
                "text": "compromised identities",
                "id": 5,
                "verbs": [
                    "use"
                ],
                "label": [
                    "DATA"
                ],
                "sent_index": 0,
                "type": "object"
            }
        },
        {
            "id": 8,
            "contracted": 0,
            "meta": {
                "start": 48,
                "end": 56,
                "text": "networks",
                "id": 8,
                "verbs": [
                    "access"
                ],
                "label": [
                    "NETWORK"
                ],
                "sent_index": 0,
                "type": "object"
            }
        },
        {
            "id": 10,
            "contracted": 0,
            "meta": {
                "start": 60,
                "end": 64,
                "text": "VPNs",
                "id": 10,
                "verbs": [
                    "use"
                ],
                "label": [
                    "NETWORK"
                ],
                "sent_index": 0,
                "type": "object",
                "texts": [
                    "Citrix",
                    "VPNs"
                ]
            }
        }
    ],
    "graph_edges": [
        {
            "source": 1,
            "dest": 10,
            "index": 0,
            "verb": "use",
            "id": "1_10"
        },
        {
            "source": 1,
            "dest": 5,
            "index": 2,
            "verb": "use",
            "id": "1_5"
        },
        {
            "source": 1,
            "dest": 8,
            "index": 3,
            "verb": "access",
            "id": "1_8"
        },
        {
            "source": 8,
            "dest": 10,
            "index": 4,
            "verb": "by",
            "id": "8_10"
        }
    ],
    "replacement_mapper": {},
    "sentences": [
        {
            "id": 0,
            "text": "APT29 has used compromised identities to access networks by VPNs and Citrix.",
            "svos": [
                {
                    "sub": {
                        "start": 0,
                        "end": 5,
                        "text": "APT29",
                        "id": 1,
                        "label": [
                            "ACTOR"
                        ],
                        "sent_index": 0,
                        "type": "subject"
                    },
                    "verb": {
                        "negation": false,
                        "text": "use",
                        "index": -1,
                        "flag": 0
                    },
                    "obj": {
                        "start": 60,
                        "end": 64,
                        "text": "VPNs",
                        "id": 10,
                        "verbs": [
                            "use"
                        ],
                        "label": [
                            "NETWORK"
                        ],
                        "sent_index": 0,
                        "type": "object",
                        "texts": [
                            "Citrix",
                            "VPNs"
                        ]
                    }
                },
                {
                    "sub": {
                        "start": 0,
                        "end": 5,
                        "text": "APT29",
                        "id": 1,
                        "label": [
                            "ACTOR"
                        ],
                        "sent_index": 0,
                        "type": "subject"
                    },
                    "verb": {
                        "negation": false,
                        "text": "use",
                        "index": -1,
                        "flag": 0
                    },
                    "obj": {
                        "start": 69,
                        "end": 75,
                        "text": "Citrix",
                        "id": 12,
                        "verbs": [
                            "use"
                        ],
                        "label": [
                            "NETWORK"
                        ],
                        "sent_index": 0,
                        "type": "object"
                    }
                },
                {
                    "sub": {
                        "start": 0,
                        "end": 5,
                        "text": "APT29",
                        "id": 1,
                        "label": [
                            "ACTOR"
                        ],
                        "sent_index": 0,
                        "type": "subject"
                    },
                    "verb": {
                        "negation": false,
                        "text": "use",
                        "index": 2,
                        "flag": 0
                    },
                    "obj": {
                        "start": 15,
                        "end": 37,
                        "text": "compromised identities",
                        "id": 5,
                        "verbs": [
                            "use"
                        ],
                        "label": [
                            "DATA"
                        ],
                        "sent_index": 0,
                        "type": "object"
                    }
                },
                {
                    "sub": {
                        "start": 0,
                        "end": 5,
                        "text": "APT29",
                        "id": 1,
                        "label": [
                            "ACTOR"
                        ],
                        "sent_index": 0,
                        "type": "subject"
                    },
                    "verb": {
                        "negation": false,
                        "text": "access",
                        "index": 6,
                        "flag": 0
                    },
                    "obj": {
                        "start": 48,
                        "end": 56,
                        "text": "networks",
                        "id": 8,
                        "verbs": [
                            "access"
                        ],
                        "label": [
                            "NETWORK"
                        ],
                        "sent_index": 0,
                        "type": "object"
                    }
                },
                {
                    "sub": {
                        "start": 48,
                        "end": 56,
                        "text": "networks",
                        "id": 8,
                        "verbs": [
                            "access"
                        ],
                        "label": [
                            "NETWORK"
                        ],
                        "sent_index": 0,
                        "type": "subject"
                    },
                    "verb": {
                        "negation": false,
                        "text": "by",
                        "index": 8,
                        "flag": 0
                    },
                    "obj": {
                        "start": 60,
                        "end": 64,
                        "text": "VPNs",
                        "id": 10,
                        "verbs": [
                            "by"
                        ],
                        "label": [
                            "NETWORK"
                        ],
                        "sent_index": 0,
                        "type": "object"
                    }
                },
                {
                    "sub": {
                        "start": 48,
                        "end": 56,
                        "text": "networks",
                        "id": 8,
                        "verbs": [
                            "access"
                        ],
                        "label": [
                            "NETWORK"
                        ],
                        "sent_index": 0,
                        "type": "subject"
                    },
                    "verb": {
                        "negation": false,
                        "text": "by",
                        "index": 8,
                        "flag": 0
                    },
                    "obj": {
                        "start": 69,
                        "end": 75,
                        "text": "Citrix",
                        "id": 12,
                        "verbs": [
                            "by"
                        ],
                        "label": [
                            "NETWORK"
                        ],
                        "sent_index": 0,
                        "type": "object"
                    }
                }
            ]
        }
    ],
    "id": "relationship--8bc0dbc4-f84b-448a-95f9-f6b0ae56f256",
    "tech_id": "T1133",
    "location": [],
    "special_id": "T1133"
}