{
    "text": "LookBack can kill processes and delete services.",
    "graph_nodes": [
        {
            "id": 1,
            "contracted": 0,
            "meta": {
                "start": 0,
                "end": 8,
                "text": "LookBack",
                "id": 1,
                "label": [
                    "ACTOR"
                ],
                "sent_index": 0,
                "type": "subject",
                "sub_label": [
                    "MALWARE"
                ]
            }
        },
        {
            "id": 4,
            "contracted": 0,
            "meta": {
                "start": 18,
                "end": 27,
                "text": "processes",
                "id": 4,
                "verbs": [
                    "kill"
                ],
                "label": [
                    "FUNCTION"
                ],
                "sent_index": 0,
                "type": "object"
            }
        },
        {
            "id": 7,
            "contracted": 0,
            "meta": {
                "start": 39,
                "end": 47,
                "text": "services",
                "id": 7,
                "verbs": [
                    "delete"
                ],
                "label": [
                    "FUNCTION"
                ],
                "sent_index": 0,
                "type": "object"
            }
        }
    ],
    "graph_edges": [
        {
            "source": 1,
            "dest": 4,
            "index": 0,
            "verb": "kill",
            "id": "1_4"
        },
        {
            "source": 1,
            "dest": 7,
            "index": 1,
            "verb": "delete",
            "id": "1_7"
        }
    ],
    "replacement_mapper": {},
    "sentences": [
        {
            "id": 0,
            "text": "LookBack can kill processes and delete services.",
            "svos": [
                {
                    "sub": {
                        "start": 0,
                        "end": 8,
                        "text": "LookBack",
                        "id": 1,
                        "label": [
                            "ACTOR"
                        ],
                        "sent_index": 0,
                        "type": "subject",
                        "sub_label": [
                            "MALWARE"
                        ]
                    },
                    "verb": {
                        "negation": false,
                        "text": "kill",
                        "index": 2,
                        "flag": 0
                    },
                    "obj": {
                        "start": 18,
                        "end": 27,
                        "text": "processes",
                        "id": 4,
                        "verbs": [
                            "kill"
                        ],
                        "label": [
                            "FUNCTION"
                        ],
                        "sent_index": 0,
                        "type": "object"
                    }
                },
                {
                    "sub": {
                        "start": 0,
                        "end": 8,
                        "text": "LookBack",
                        "id": 1,
                        "label": [
                            "FUNCTION"
                        ],
                        "sent_index": 0,
                        "type": "subject"
                    },
                    "verb": {
                        "negation": false,
                        "text": "delete",
                        "index": 5,
                        "flag": 0
                    },
                    "obj": {
                        "start": 39,
                        "end": 47,
                        "text": "services",
                        "id": 7,
                        "verbs": [
                            "delete"
                        ],
                        "label": [
                            "FUNCTION"
                        ],
                        "sent_index": 0,
                        "type": "object"
                    }
                }
            ]
        }
    ],
    "id": "relationship--08bc171a-147c-4888-a0cb-c5fcebdc9b95",
    "tech_id": "T1489",
    "location": [],
    "special_id": "T1489"
}