{
    "text": "Mustang Panda has executed HTA files by cmd.exe, and used batch scripts for collection.",
    "graph_nodes": [
        {
            "id": 2,
            "contracted": 0,
            "meta": {
                "start": 0,
                "end": 13,
                "text": "Mustang Panda",
                "id": 2,
                "label": [
                    "ACTOR"
                ],
                "sent_index": 0,
                "type": "subject",
                "texts": [
                    "Mustang Panda"
                ]
            }
        },
        {
            "id": 6,
            "contracted": 0,
            "meta": {
                "start": 27,
                "end": 36,
                "text": "HTA files",
                "id": 6,
                "verbs": [
                    "execute"
                ],
                "label": [
                    "FUNCTION"
                ],
                "sent_index": 0,
                "type": "object"
            }
        },
        {
            "id": 8,
            "contracted": 0,
            "meta": {
                "start": 40,
                "end": 47,
                "text": "cmd.exe",
                "id": 8,
                "verbs": [
                    "use"
                ],
                "label": [
                    "FUNCTION"
                ],
                "sent_index": 0,
                "type": "object"
            }
        },
        {
            "id": 13,
            "contracted": 0,
            "meta": {
                "start": 58,
                "end": 71,
                "text": "batch scripts",
                "id": 13,
                "verbs": [
                    "use"
                ],
                "label": [
                    "FUNCTION"
                ],
                "sent_index": 0,
                "type": "object"
            }
        },
        {
            "id": 14,
            "contracted": 0,
            "meta": {
                "text": "data",
                "start": 76,
                "end": 86,
                "id": 14,
                "verbs": [
                    "collect"
                ],
                "label": [
                    "DATA"
                ],
                "sent_index": 0,
                "type": "object"
            }
        }
    ],
    "graph_edges": [
        {
            "source": 2,
            "dest": 8,
            "index": 3,
            "verb": "by",
            "id": "2_8"
        },
        {
            "source": 2,
            "dest": 6,
            "index": 1,
            "verb": "execute",
            "id": "2_6"
        },
        {
            "source": 2,
            "dest": 13,
            "index": 4,
            "verb": "use",
            "id": "2_13"
        },
        {
            "source": 2,
            "dest": 14,
            "index": 7,
            "verb": "collect",
            "id": "2_14"
        },
        {
            "source": 6,
            "dest": 8,
            "index": 2,
            "verb": "by",
            "id": "6_8"
        }
    ],
    "replacement_mapper": {},
    "sentences": [
        {
            "id": 0,
            "text": "Mustang Panda has executed HTA files by cmd.exe, and used batch scripts for collection.",
            "svos": [
                {
                    "sub": {
                        "start": 0,
                        "end": 13,
                        "text": "Mustang Panda",
                        "id": 2,
                        "label": [
                            "ACTOR"
                        ],
                        "sent_index": 0,
                        "type": "subject",
                        "texts": [
                            "Mustang Panda"
                        ]
                    },
                    "verb": {
                        "negation": false,
                        "text": "use",
                        "index": -1,
                        "flag": 0
                    },
                    "obj": {
                        "start": 40,
                        "end": 47,
                        "text": "cmd.exe",
                        "id": 8,
                        "verbs": [
                            "use"
                        ],
                        "label": [
                            "FUNCTION"
                        ],
                        "sent_index": 0,
                        "type": "object"
                    }
                },
                {
                    "sub": {
                        "start": 0,
                        "end": 13,
                        "text": "Mustang Panda",
                        "id": 2,
                        "label": [
                            "ACTOR"
                        ],
                        "sent_index": 0,
                        "type": "subject"
                    },
                    "verb": {
                        "negation": false,
                        "text": "execute",
                        "index": 3,
                        "flag": 0
                    },
                    "obj": {
                        "start": 27,
                        "end": 36,
                        "text": "HTA files",
                        "id": 6,
                        "verbs": [
                            "execute"
                        ],
                        "label": [
                            "FUNCTION"
                        ],
                        "sent_index": 0,
                        "type": "object"
                    }
                },
                {
                    "sub": {
                        "start": 27,
                        "end": 36,
                        "text": "HTA files",
                        "id": 6,
                        "verbs": [
                            "execute"
                        ],
                        "label": [
                            "FUNCTION"
                        ],
                        "sent_index": 0,
                        "type": "subject"
                    },
                    "verb": {
                        "negation": false,
                        "text": "by",
                        "index": 6,
                        "flag": 0
                    },
                    "obj": {
                        "start": 40,
                        "end": 47,
                        "text": "cmd.exe",
                        "id": 8,
                        "verbs": [
                            "by"
                        ],
                        "label": [
                            "FUNCTION"
                        ],
                        "sent_index": 0,
                        "type": "object"
                    }
                },
                {
                    "sub": {
                        "start": 0,
                        "end": 13,
                        "text": "Mustang Panda",
                        "id": 2,
                        "label": [
                            "ACTOR"
                        ],
                        "sent_index": 0,
                        "type": "subject"
                    },
                    "verb": {
                        "negation": false,
                        "text": "by",
                        "index": 6,
                        "flag": 0
                    },
                    "obj": {
                        "start": 40,
                        "end": 47,
                        "text": "cmd.exe",
                        "id": 8,
                        "verbs": [
                            "by"
                        ],
                        "label": [
                            "FUNCTION"
                        ],
                        "sent_index": 0,
                        "type": "object"
                    }
                },
                {
                    "sub": {
                        "start": 0,
                        "end": 13,
                        "text": "Mustang Panda",
                        "id": 2,
                        "label": [
                            "ACTOR"
                        ],
                        "sent_index": 0,
                        "type": "subject"
                    },
                    "verb": {
                        "negation": false,
                        "text": "use",
                        "index": 10,
                        "flag": 0
                    },
                    "obj": {
                        "start": 58,
                        "end": 71,
                        "text": "batch scripts",
                        "id": 13,
                        "verbs": [
                            "use"
                        ],
                        "label": [
                            "FUNCTION"
                        ],
                        "sent_index": 0,
                        "type": "object"
                    }
                },
                {
                    "sub": {
                        "start": 58,
                        "end": 71,
                        "text": "batch scripts",
                        "id": 13,
                        "verbs": [
                            "use"
                        ],
                        "label": [
                            "FUNCTION"
                        ],
                        "sent_index": 0,
                        "type": "subject"
                    },
                    "verb": {
                        "negation": false,
                        "text": "for",
                        "index": 13,
                        "flag": 0
                    },
                    "obj": {
                        "start": 76,
                        "end": 86,
                        "text": "collection",
                        "id": 15,
                        "label": [
                            "OTHER"
                        ],
                        "sent_index": 0,
                        "type": "object"
                    }
                },
                {
                    "sub": {
                        "start": 0,
                        "end": 13,
                        "text": "Mustang Panda",
                        "id": 2,
                        "label": [
                            "ACTOR"
                        ],
                        "sent_index": 0,
                        "type": "subject"
                    },
                    "verb": {
                        "negation": false,
                        "text": "for",
                        "index": 13,
                        "flag": 0
                    },
                    "obj": {
                        "start": 76,
                        "end": 86,
                        "text": "collection",
                        "id": 15,
                        "label": [
                            "OTHER"
                        ],
                        "sent_index": 0,
                        "type": "object"
                    }
                },
                {
                    "sub": {
                        "text": "ANY",
                        "start": 0,
                        "end": 0,
                        "label": [
                            "ACTOR"
                        ],
                        "id": 0,
                        "sent_index": 0,
                        "type": "subject"
                    },
                    "verb": {
                        "negation": false,
                        "text": "collect",
                        "index": 14,
                        "flag": 0
                    },
                    "obj": {
                        "text": "data",
                        "start": 76,
                        "end": 86,
                        "id": 14,
                        "verbs": [
                            "collect"
                        ],
                        "label": [
                            "DATA"
                        ],
                        "sent_index": 0,
                        "type": "object"
                    }
                }
            ]
        }
    ],
    "id": "relationship--672c21b6-0a54-4b70-8ce0-591cc5a72622",
    "tech_id": "T1059.003",
    "location": [],
    "special_id": "T1059.003"
}