{
    "text": "ABK can inject shellcode into svchost.exe.",
    "graph_nodes": [
        {
            "id": 1,
            "contracted": 0,
            "meta": {
                "start": 0,
                "end": 3,
                "text": "ABK",
                "id": 1,
                "label": [
                    "ACTOR"
                ],
                "sent_index": 0,
                "type": "subject",
                "sub_label": [
                    "MALWARE"
                ]
            }
        },
        {
            "id": 4,
            "contracted": 0,
            "meta": {
                "start": 15,
                "end": 24,
                "text": "shellcode",
                "id": 4,
                "verbs": [
                    "inject"
                ],
                "label": [
                    "FUNCTION"
                ],
                "sent_index": 0,
                "type": "object"
            }
        },
        {
            "id": 6,
            "contracted": 0,
            "meta": {
                "start": 30,
                "end": 41,
                "text": "svchost.exe",
                "id": 6,
                "verbs": [
                    "into"
                ],
                "label": [
                    "FUNCTION"
                ],
                "sent_index": 0,
                "type": "object"
            }
        }
    ],
    "graph_edges": [
        {
            "source": 1,
            "dest": 4,
            "index": 0,
            "verb": "inject",
            "id": "1_4"
        },
        {
            "source": 1,
            "dest": 6,
            "index": 2,
            "verb": "into",
            "id": "1_6"
        },
        {
            "source": 4,
            "dest": 6,
            "index": 1,
            "verb": "into",
            "id": "4_6"
        }
    ],
    "replacement_mapper": {},
    "sentences": [
        {
            "id": 0,
            "text": "ABK can inject shellcode into svchost.exe.",
            "svos": [
                {
                    "sub": {
                        "start": 0,
                        "end": 3,
                        "text": "ABK",
                        "id": 1,
                        "label": [
                            "ACTOR"
                        ],
                        "sent_index": 0,
                        "type": "subject",
                        "sub_label": [
                            "MALWARE"
                        ]
                    },
                    "verb": {
                        "negation": false,
                        "text": "inject",
                        "index": 2,
                        "flag": 0
                    },
                    "obj": {
                        "start": 15,
                        "end": 24,
                        "text": "shellcode",
                        "id": 4,
                        "verbs": [
                            "inject"
                        ],
                        "label": [
                            "FUNCTION"
                        ],
                        "sent_index": 0,
                        "type": "object"
                    }
                },
                {
                    "sub": {
                        "start": 15,
                        "end": 24,
                        "text": "shellcode",
                        "id": 4,
                        "verbs": [
                            "inject"
                        ],
                        "label": [
                            "FUNCTION"
                        ],
                        "sent_index": 0,
                        "type": "subject"
                    },
                    "verb": {
                        "negation": false,
                        "text": "into",
                        "index": 4,
                        "flag": 0
                    },
                    "obj": {
                        "start": 30,
                        "end": 41,
                        "text": "svchost.exe",
                        "id": 6,
                        "verbs": [
                            "into"
                        ],
                        "label": [
                            "FUNCTION"
                        ],
                        "sent_index": 0,
                        "type": "object"
                    }
                },
                {
                    "sub": {
                        "start": 0,
                        "end": 3,
                        "text": "ABK",
                        "id": 1,
                        "label": [
                            "FUNCTION"
                        ],
                        "sent_index": 0,
                        "type": "subject"
                    },
                    "verb": {
                        "negation": false,
                        "text": "into",
                        "index": 4,
                        "flag": 0
                    },
                    "obj": {
                        "start": 30,
                        "end": 41,
                        "text": "svchost.exe",
                        "id": 6,
                        "verbs": [
                            "into"
                        ],
                        "label": [
                            "FUNCTION"
                        ],
                        "sent_index": 0,
                        "type": "object"
                    }
                }
            ]
        }
    ],
    "id": "relationship--97fe312d-7a04-43f9-8076-69fe324517ce",
    "tech_id": "T1055",
    "location": [],
    "special_id": "T1055"
}