{
    "text": "TajMahal can steal written CD images and files of interest from previously connected removable drives when they become available again.",
    "graph_nodes": [
        {
            "id": 1,
            "contracted": 0,
            "meta": {
                "start": 0,
                "end": 8,
                "text": "TajMahal",
                "id": 1,
                "label": [
                    "ACTOR"
                ],
                "sent_index": 0,
                "type": "subject",
                "sub_label": [
                    "MALWARE"
                ]
            }
        },
        {
            "id": 6,
            "contracted": 0,
            "meta": {
                "start": 19,
                "end": 36,
                "text": "written CD images",
                "id": 6,
                "verbs": [
                    "steal"
                ],
                "label": [
                    "DATA"
                ],
                "sent_index": 0,
                "type": "object",
                "texts": [
                    "written CD images",
                    "files"
                ]
            }
        },
        {
            "id": 10,
            "contracted": 0,
            "meta": {
                "start": 50,
                "end": 58,
                "text": "interest",
                "id": 10,
                "label": [
                    "DATA"
                ],
                "sent_index": 0,
                "type": "object"
            }
        },
        {
            "id": 15,
            "contracted": 0,
            "meta": {
                "start": 75,
                "end": 101,
                "text": "connected removable drives",
                "id": 15,
                "verbs": [
                    "from"
                ],
                "label": [
                    "COMPONENT"
                ],
                "sent_index": 0,
                "type": "object"
            }
        }
    ],
    "graph_edges": [
        {
            "source": 1,
            "dest": 6,
            "index": 0,
            "verb": "steal",
            "id": "1_6"
        },
        {
            "source": 1,
            "dest": 15,
            "index": 5,
            "verb": "from",
            "id": "1_15"
        },
        {
            "source": 6,
            "dest": 15,
            "index": 3,
            "verb": "from",
            "id": "6_15"
        },
        {
            "source": 6,
            "dest": 10,
            "index": 2,
            "verb": "of",
            "id": "6_10"
        }
    ],
    "replacement_mapper": {},
    "sentences": [
        {
            "id": 0,
            "text": "TajMahal can steal written CD images and files of interest from previously connected removable drives when they become available again.",
            "svos": [
                {
                    "sub": {
                        "start": 0,
                        "end": 8,
                        "text": "TajMahal",
                        "id": 1,
                        "label": [
                            "ACTOR"
                        ],
                        "sent_index": 0,
                        "type": "subject",
                        "sub_label": [
                            "MALWARE"
                        ]
                    },
                    "verb": {
                        "negation": false,
                        "text": "steal",
                        "index": 2,
                        "flag": 0
                    },
                    "obj": {
                        "start": 19,
                        "end": 36,
                        "text": "written CD images",
                        "id": 6,
                        "verbs": [
                            "steal"
                        ],
                        "label": [
                            "DATA"
                        ],
                        "sent_index": 0,
                        "type": "object",
                        "texts": [
                            "written CD images",
                            "files"
                        ]
                    }
                },
                {
                    "sub": {
                        "start": 0,
                        "end": 8,
                        "text": "TajMahal",
                        "id": 1,
                        "label": [
                            "FUNCTION"
                        ],
                        "sent_index": 0,
                        "type": "subject"
                    },
                    "verb": {
                        "negation": false,
                        "text": "steal",
                        "index": 2,
                        "flag": 0
                    },
                    "obj": {
                        "start": 41,
                        "end": 46,
                        "text": "files",
                        "id": 8,
                        "verbs": [
                            "steal"
                        ],
                        "label": [
                            "DATA"
                        ],
                        "sent_index": 0,
                        "type": "object"
                    }
                },
                {
                    "sub": {
                        "start": 41,
                        "end": 46,
                        "text": "files",
                        "id": 8,
                        "verbs": [
                            "steal"
                        ],
                        "label": [
                            "DATA"
                        ],
                        "sent_index": 0,
                        "type": "subject"
                    },
                    "verb": {
                        "negation": false,
                        "text": "of",
                        "index": 8,
                        "flag": 0
                    },
                    "obj": {
                        "start": 50,
                        "end": 58,
                        "text": "interest",
                        "id": 10,
                        "label": [
                            "DATA"
                        ],
                        "sent_index": 0,
                        "type": "object"
                    }
                },
                {
                    "sub": {
                        "start": 19,
                        "end": 36,
                        "text": "written CD images",
                        "id": 6,
                        "verbs": [
                            "steal",
                            "steal"
                        ],
                        "label": [
                            "DATA"
                        ],
                        "sent_index": 0,
                        "type": "subject"
                    },
                    "verb": {
                        "negation": false,
                        "text": "from",
                        "index": 10,
                        "flag": 0
                    },
                    "obj": {
                        "start": 75,
                        "end": 101,
                        "text": "connected removable drives",
                        "id": 15,
                        "verbs": [
                            "from"
                        ],
                        "label": [
                            "COMPONENT"
                        ],
                        "sent_index": 0,
                        "type": "object"
                    }
                },
                {
                    "sub": {
                        "start": 41,
                        "end": 46,
                        "text": "files",
                        "id": 8,
                        "verbs": [
                            "steal"
                        ],
                        "label": [
                            "DATA"
                        ],
                        "sent_index": 0,
                        "type": "subject"
                    },
                    "verb": {
                        "negation": false,
                        "text": "from",
                        "index": 10,
                        "flag": 0
                    },
                    "obj": {
                        "start": 75,
                        "end": 101,
                        "text": "connected removable drives",
                        "id": 15,
                        "verbs": [
                            "from"
                        ],
                        "label": [
                            "COMPONENT"
                        ],
                        "sent_index": 0,
                        "type": "object"
                    }
                },
                {
                    "sub": {
                        "start": 0,
                        "end": 8,
                        "text": "TajMahal",
                        "id": 1,
                        "label": [
                            "FUNCTION"
                        ],
                        "sent_index": 0,
                        "type": "subject"
                    },
                    "verb": {
                        "negation": false,
                        "text": "from",
                        "index": 10,
                        "flag": 0
                    },
                    "obj": {
                        "start": 75,
                        "end": 101,
                        "text": "connected removable drives",
                        "id": 15,
                        "verbs": [
                            "from"
                        ],
                        "label": [
                            "COMPONENT"
                        ],
                        "sent_index": 0,
                        "type": "object"
                    }
                }
            ]
        }
    ],
    "id": "relationship--cad9bdcc-41b3-44e2-98d2-fb07fe268838",
    "tech_id": "T1025",
    "location": [],
    "special_id": "T1025"
}