{
    "text": "Hydraq creates a backdoor by which remote attackers can retrieve system information, such as CPU speed, from Registry keys.",
    "graph_nodes": [
        {
            "id": 1,
            "contracted": 0,
            "meta": {
                "start": 0,
                "end": 6,
                "text": "Hydraq",
                "id": 1,
                "label": [
                    "ACTOR"
                ],
                "sent_index": 0,
                "type": "subject",
                "sub_label": [
                    "MALWARE"
                ]
            }
        },
        {
            "id": 4,
            "contracted": 0,
            "meta": {
                "start": 17,
                "end": 25,
                "text": "backdoor",
                "id": 4,
                "verbs": [
                    "create"
                ],
                "label": [
                    "FUNCTION"
                ],
                "sent_index": 0,
                "type": "object"
            }
        },
        {
            "id": 6,
            "contracted": 0,
            "meta": {
                "start": 29,
                "end": 34,
                "text": "which",
                "id": 6,
                "verbs": [
                    "use"
                ],
                "label": [
                    "OTHER"
                ],
                "sent_index": 0,
                "type": "object"
            }
        },
        {
            "id": 8,
            "contracted": 0,
            "meta": {
                "start": 35,
                "end": 51,
                "text": "remote attackers",
                "id": 8,
                "label": [
                    "ACTOR"
                ],
                "sent_index": 0,
                "type": "subject"
            }
        },
        {
            "id": 12,
            "contracted": 0,
            "meta": {
                "start": 65,
                "end": 83,
                "text": "system information",
                "id": 12,
                "verbs": [
                    "retrieve"
                ],
                "label": [
                    "DATA"
                ],
                "sent_index": 0,
                "type": "object",
                "texts": [
                    "CPU speed",
                    "system information"
                ]
            }
        },
        {
            "id": 21,
            "contracted": 0,
            "meta": {
                "start": 109,
                "end": 122,
                "text": "Registry keys",
                "id": 21,
                "verbs": [
                    "from"
                ],
                "label": [
                    "REGISTRY"
                ],
                "sent_index": 0,
                "type": "object"
            }
        }
    ],
    "graph_edges": [
        {
            "source": 8,
            "dest": 6,
            "index": 2,
            "verb": "by",
            "id": "8_6"
        },
        {
            "source": 8,
            "dest": 12,
            "index": 3,
            "verb": "retrieve",
            "id": "8_12"
        },
        {
            "source": 8,
            "dest": 21,
            "index": 6,
            "verb": "from",
            "id": "8_21"
        },
        {
            "source": 1,
            "dest": 4,
            "index": 1,
            "verb": "create",
            "id": "1_4"
        },
        {
            "source": 12,
            "dest": 21,
            "index": 5,
            "verb": "from",
            "id": "12_21"
        }
    ],
    "replacement_mapper": {},
    "sentences": [
        {
            "id": 0,
            "text": "Hydraq creates a backdoor by which remote attackers can retrieve system information, such as CPU speed, from Registry keys.",
            "svos": [
                {
                    "sub": {
                        "start": 35,
                        "end": 51,
                        "text": "remote attackers",
                        "id": 8,
                        "label": [
                            "ACTOR"
                        ],
                        "sent_index": 0,
                        "type": "subject"
                    },
                    "verb": {
                        "negation": false,
                        "text": "use",
                        "index": -1,
                        "flag": 0
                    },
                    "obj": {
                        "start": 29,
                        "end": 34,
                        "text": "which",
                        "id": 6,
                        "verbs": [
                            "use"
                        ],
                        "label": [
                            "OTHER"
                        ],
                        "sent_index": 0,
                        "type": "object"
                    }
                },
                {
                    "sub": {
                        "start": 0,
                        "end": 6,
                        "text": "Hydraq",
                        "id": 1,
                        "label": [
                            "ACTOR"
                        ],
                        "sent_index": 0,
                        "type": "subject",
                        "sub_label": [
                            "MALWARE"
                        ]
                    },
                    "verb": {
                        "negation": false,
                        "text": "create",
                        "index": 1,
                        "flag": 0
                    },
                    "obj": {
                        "start": 17,
                        "end": 25,
                        "text": "backdoor",
                        "id": 4,
                        "verbs": [
                            "create"
                        ],
                        "label": [
                            "FUNCTION"
                        ],
                        "sent_index": 0,
                        "type": "object"
                    }
                },
                {
                    "sub": {
                        "start": 35,
                        "end": 51,
                        "text": "remote attackers",
                        "id": 8,
                        "label": [
                            "ACTOR"
                        ],
                        "sent_index": 0,
                        "type": "subject"
                    },
                    "verb": {
                        "negation": false,
                        "text": "by",
                        "index": 4,
                        "flag": 0
                    },
                    "obj": {
                        "start": 29,
                        "end": 34,
                        "text": "which",
                        "id": 6,
                        "verbs": [
                            "by"
                        ],
                        "label": [
                            "OTHER"
                        ],
                        "sent_index": 0,
                        "type": "object"
                    }
                },
                {
                    "sub": {
                        "start": 35,
                        "end": 51,
                        "text": "remote attackers",
                        "id": 8,
                        "label": [
                            "ACTOR"
                        ],
                        "sent_index": 0,
                        "type": "subject"
                    },
                    "verb": {
                        "negation": false,
                        "text": "retrieve",
                        "index": 9,
                        "flag": 0
                    },
                    "obj": {
                        "start": 65,
                        "end": 83,
                        "text": "system information",
                        "id": 12,
                        "verbs": [
                            "retrieve"
                        ],
                        "label": [
                            "DATA"
                        ],
                        "sent_index": 0,
                        "type": "object",
                        "texts": [
                            "CPU speed",
                            "system information"
                        ]
                    }
                },
                {
                    "sub": {
                        "start": 65,
                        "end": 83,
                        "text": "system information",
                        "id": 12,
                        "verbs": [
                            "retrieve"
                        ],
                        "label": [
                            "DATA"
                        ],
                        "sent_index": 0,
                        "type": "subject"
                    },
                    "verb": {
                        "negation": false,
                        "text": "as",
                        "index": 14,
                        "flag": 1
                    },
                    "obj": {
                        "start": 93,
                        "end": 102,
                        "text": "CPU speed",
                        "id": 17,
                        "verbs": [
                            "as"
                        ],
                        "label": [
                            "DATA"
                        ],
                        "sent_index": 0,
                        "type": "object"
                    }
                },
                {
                    "sub": {
                        "start": 65,
                        "end": 83,
                        "text": "system information",
                        "id": 12,
                        "verbs": [
                            "retrieve"
                        ],
                        "label": [
                            "DATA"
                        ],
                        "sent_index": 0,
                        "type": "subject"
                    },
                    "verb": {
                        "negation": false,
                        "text": "from",
                        "index": 18,
                        "flag": 0
                    },
                    "obj": {
                        "start": 109,
                        "end": 122,
                        "text": "Registry keys",
                        "id": 21,
                        "verbs": [
                            "from"
                        ],
                        "label": [
                            "REGISTRY"
                        ],
                        "sent_index": 0,
                        "type": "object"
                    }
                },
                {
                    "sub": {
                        "start": 35,
                        "end": 51,
                        "text": "remote attackers",
                        "id": 8,
                        "label": [
                            "ACTOR"
                        ],
                        "sent_index": 0,
                        "type": "subject"
                    },
                    "verb": {
                        "negation": false,
                        "text": "from",
                        "index": 18,
                        "flag": 0
                    },
                    "obj": {
                        "start": 109,
                        "end": 122,
                        "text": "Registry keys",
                        "id": 21,
                        "verbs": [
                            "from"
                        ],
                        "label": [
                            "REGISTRY"
                        ],
                        "sent_index": 0,
                        "type": "object"
                    }
                }
            ]
        }
    ],
    "id": "relationship--0825b101-deff-45cf-867c-af3ccb233744",
    "tech_id": "T1012",
    "location": [],
    "special_id": "T1012"
}