{
    "text": "The Black Basta dropper has been digitally signed with a certificate issued by Akeo Consulting for legitimate executables used for creating bootable USB drives.",
    "graph_nodes": [
        {
            "id": 4,
            "contracted": 0,
            "meta": {
                "start": 4,
                "end": 23,
                "text": "Black Basta dropper",
                "id": 4,
                "verbs": [
                    "sign"
                ],
                "label": [
                    "FUNCTION"
                ],
                "sent_index": 0,
                "type": "object"
            }
        },
        {
            "id": 11,
            "contracted": 0,
            "meta": {
                "start": 57,
                "end": 68,
                "text": "certificate",
                "id": 11,
                "verbs": [
                    "with"
                ],
                "label": [
                    "DATA"
                ],
                "sent_index": 0,
                "type": "object"
            }
        },
        {
            "id": 15,
            "contracted": 0,
            "meta": {
                "start": 79,
                "end": 94,
                "text": "Akeo Consulting",
                "id": 15,
                "label": [
                    "OTHER"
                ],
                "sent_index": 0,
                "type": "subject"
            }
        },
        {
            "id": 18,
            "contracted": 0,
            "meta": {
                "start": 99,
                "end": 121,
                "text": "legitimate executables",
                "id": 18,
                "label": [
                    "FUNCTION"
                ],
                "sent_index": 0,
                "type": "object"
            }
        },
        {
            "id": 24,
            "contracted": 0,
            "meta": {
                "start": 140,
                "end": 159,
                "text": "bootable USB drives",
                "id": 24,
                "verbs": [
                    "create"
                ],
                "label": [
                    "COMPONENT"
                ],
                "sent_index": 0,
                "type": "object"
            }
        }
    ],
    "graph_edges": [
        {
            "source": 4,
            "dest": 11,
            "index": 1,
            "verb": "with",
            "id": "4_11"
        },
        {
            "source": 11,
            "dest": 18,
            "index": 3,
            "verb": "for",
            "id": "11_18"
        },
        {
            "source": 15,
            "dest": 11,
            "index": 2,
            "verb": "issue",
            "id": "15_11"
        },
        {
            "source": 18,
            "dest": 24,
            "index": 4,
            "verb": "create",
            "id": "18_24"
        }
    ],
    "replacement_mapper": {},
    "sentences": [
        {
            "id": 0,
            "text": "The Black Basta dropper has been digitally signed with a certificate issued by Akeo Consulting for legitimate executables used for creating bootable USB drives.",
            "svos": [
                {
                    "sub": {
                        "text": "ANY",
                        "start": 0,
                        "end": 0,
                        "label": [
                            "ACTOR"
                        ],
                        "id": 0,
                        "sent_index": 0,
                        "type": "subject"
                    },
                    "verb": {
                        "negation": false,
                        "text": "sign",
                        "index": 7,
                        "flag": 0
                    },
                    "obj": {
                        "start": 4,
                        "end": 23,
                        "text": "Black Basta dropper",
                        "id": 4,
                        "verbs": [
                            "sign"
                        ],
                        "label": [
                            "FUNCTION"
                        ],
                        "sent_index": 0,
                        "type": "object"
                    }
                },
                {
                    "sub": {
                        "start": 4,
                        "end": 23,
                        "text": "Black Basta dropper",
                        "id": 4,
                        "verbs": [
                            "sign"
                        ],
                        "label": [
                            "FUNCTION"
                        ],
                        "sent_index": 0,
                        "type": "subject"
                    },
                    "verb": {
                        "negation": false,
                        "text": "with",
                        "index": 8,
                        "flag": 0
                    },
                    "obj": {
                        "start": 57,
                        "end": 68,
                        "text": "certificate",
                        "id": 11,
                        "verbs": [
                            "with"
                        ],
                        "label": [
                            "DATA"
                        ],
                        "sent_index": 0,
                        "type": "object"
                    }
                },
                {
                    "sub": {
                        "start": 79,
                        "end": 94,
                        "text": "Akeo Consulting",
                        "id": 15,
                        "label": [
                            "OTHER"
                        ],
                        "sent_index": 0,
                        "type": "subject"
                    },
                    "verb": {
                        "negation": false,
                        "text": "issue",
                        "index": 11,
                        "flag": 0
                    },
                    "obj": {
                        "start": 57,
                        "end": 68,
                        "text": "certificate",
                        "id": 11,
                        "verbs": [
                            "issue"
                        ],
                        "label": [
                            "DATA"
                        ],
                        "sent_index": 0,
                        "type": "object"
                    }
                },
                {
                    "sub": {
                        "start": 57,
                        "end": 68,
                        "text": "certificate",
                        "id": 11,
                        "verbs": [
                            "issue"
                        ],
                        "label": [
                            "DATA"
                        ],
                        "sent_index": 0,
                        "type": "subject"
                    },
                    "verb": {
                        "negation": false,
                        "text": "for",
                        "index": 15,
                        "flag": 0
                    },
                    "obj": {
                        "start": 99,
                        "end": 121,
                        "text": "legitimate executables",
                        "id": 18,
                        "label": [
                            "FUNCTION"
                        ],
                        "sent_index": 0,
                        "type": "object"
                    }
                },
                {
                    "sub": {
                        "start": 99,
                        "end": 121,
                        "text": "legitimate executables",
                        "id": 18,
                        "label": [
                            "FUNCTION"
                        ],
                        "sent_index": 0,
                        "type": "subject"
                    },
                    "verb": {
                        "negation": false,
                        "text": "create",
                        "index": 20,
                        "flag": 0
                    },
                    "obj": {
                        "start": 140,
                        "end": 159,
                        "text": "bootable USB drives",
                        "id": 24,
                        "verbs": [
                            "create"
                        ],
                        "label": [
                            "COMPONENT"
                        ],
                        "sent_index": 0,
                        "type": "object"
                    }
                }
            ]
        }
    ],
    "id": "relationship--26e2d87c-43c2-4552-9186-2ca0f70e96c7",
    "tech_id": "T1553.002",
    "location": [],
    "special_id": "T1553.002"
}