{
    "text": "Magic Hound has named a malicious script CacheTask.bat to mimic a legitimate task.",
    "graph_nodes": [
        {
            "id": 2,
            "contracted": 0,
            "meta": {
                "start": 0,
                "end": 11,
                "text": "Magic Hound",
                "id": 2,
                "label": [
                    "ACTOR"
                ],
                "sent_index": 0,
                "type": "subject"
            }
        },
        {
            "id": 7,
            "contracted": 0,
            "meta": {
                "start": 34,
                "end": 40,
                "text": "script",
                "id": 7,
                "verbs": [
                    "name"
                ],
                "label": [
                    "FUNCTION"
                ],
                "sent_index": 0,
                "type": "object"
            }
        },
        {
            "id": 8,
            "contracted": 0,
            "meta": {
                "start": 41,
                "end": 54,
                "text": "CacheTask.bat",
                "id": 8,
                "verbs": [
                    "name"
                ],
                "label": [
                    "FUNCTION"
                ],
                "sent_index": 0,
                "type": "object"
            }
        },
        {
            "id": 13,
            "contracted": 0,
            "meta": {
                "start": 66,
                "end": 81,
                "text": "legitimate task",
                "id": 13,
                "verbs": [
                    "mimic"
                ],
                "label": [
                    "FUNCTION"
                ],
                "sent_index": 0,
                "type": "object"
            }
        }
    ],
    "graph_edges": [
        {
            "source": 2,
            "dest": 7,
            "index": 0,
            "verb": "name",
            "id": "2_7"
        },
        {
            "source": 2,
            "dest": 8,
            "index": 1,
            "verb": "name",
            "id": "2_8"
        },
        {
            "source": 2,
            "dest": 13,
            "index": 2,
            "verb": "mimic",
            "id": "2_13"
        }
    ],
    "replacement_mapper": {},
    "sentences": [
        {
            "id": 0,
            "text": "Magic Hound has named a malicious script CacheTask.bat to mimic a legitimate task.",
            "svos": [
                {
                    "sub": {
                        "start": 0,
                        "end": 11,
                        "text": "Magic Hound",
                        "id": 2,
                        "label": [
                            "ACTOR"
                        ],
                        "sent_index": 0,
                        "type": "subject"
                    },
                    "verb": {
                        "negation": false,
                        "text": "name",
                        "index": 3,
                        "flag": 0
                    },
                    "obj": {
                        "start": 34,
                        "end": 40,
                        "text": "script",
                        "id": 7,
                        "verbs": [
                            "name"
                        ],
                        "label": [
                            "FUNCTION"
                        ],
                        "sent_index": 0,
                        "type": "object"
                    }
                },
                {
                    "sub": {
                        "start": 0,
                        "end": 11,
                        "text": "Magic Hound",
                        "id": 2,
                        "label": [
                            "ACTOR"
                        ],
                        "sent_index": 0,
                        "type": "subject"
                    },
                    "verb": {
                        "negation": false,
                        "text": "name",
                        "index": 3,
                        "flag": 0
                    },
                    "obj": {
                        "start": 41,
                        "end": 54,
                        "text": "CacheTask.bat",
                        "id": 8,
                        "verbs": [
                            "name"
                        ],
                        "label": [
                            "FUNCTION"
                        ],
                        "sent_index": 0,
                        "type": "object"
                    }
                },
                {
                    "sub": {
                        "start": 0,
                        "end": 11,
                        "text": "Magic Hound",
                        "id": 2,
                        "label": [
                            "ACTOR"
                        ],
                        "sent_index": 0,
                        "type": "subject"
                    },
                    "verb": {
                        "negation": false,
                        "text": "mimic",
                        "index": 9,
                        "flag": 0
                    },
                    "obj": {
                        "start": 66,
                        "end": 81,
                        "text": "legitimate task",
                        "id": 13,
                        "verbs": [
                            "mimic"
                        ],
                        "label": [
                            "FUNCTION"
                        ],
                        "sent_index": 0,
                        "type": "object"
                    }
                }
            ]
        }
    ],
    "id": "relationship--c235df18-28b1-48f9-bcfb-38f671005b5e",
    "tech_id": "T1036.004",
    "location": [],
    "special_id": "T1036.004"
}