{
    "text": "Babuk can stop anti-virus services on a compromised host.",
    "graph_nodes": [
        {
            "id": 1,
            "contracted": 0,
            "meta": {
                "start": 0,
                "end": 5,
                "text": "Babuk",
                "id": 1,
                "label": [
                    "ACTOR"
                ],
                "sent_index": 0,
                "type": "subject",
                "sub_label": [
                    "MALWARE"
                ]
            }
        },
        {
            "id": 5,
            "contracted": 0,
            "meta": {
                "start": 15,
                "end": 34,
                "text": "anti-virus services",
                "id": 5,
                "verbs": [
                    "stop"
                ],
                "label": [
                    "FUNCTION"
                ],
                "sent_index": 0,
                "type": "object"
            }
        },
        {
            "id": 9,
            "contracted": 0,
            "meta": {
                "start": 40,
                "end": 56,
                "text": "compromised host",
                "id": 9,
                "label": [
                    "COMPONENT"
                ],
                "sent_index": 0,
                "type": "object"
            }
        }
    ],
    "graph_edges": [
        {
            "source": 1,
            "dest": 5,
            "index": 0,
            "verb": "stop",
            "id": "1_5"
        },
        {
            "source": 1,
            "dest": 9,
            "index": 2,
            "verb": "on",
            "id": "1_9"
        },
        {
            "source": 5,
            "dest": 9,
            "index": 1,
            "verb": "on",
            "id": "5_9"
        }
    ],
    "replacement_mapper": {},
    "sentences": [
        {
            "id": 0,
            "text": "Babuk can stop anti-virus services on a compromised host.",
            "svos": [
                {
                    "sub": {
                        "start": 0,
                        "end": 5,
                        "text": "Babuk",
                        "id": 1,
                        "label": [
                            "ACTOR"
                        ],
                        "sent_index": 0,
                        "type": "subject",
                        "sub_label": [
                            "MALWARE"
                        ]
                    },
                    "verb": {
                        "negation": false,
                        "text": "stop",
                        "index": 2,
                        "flag": 0
                    },
                    "obj": {
                        "start": 15,
                        "end": 34,
                        "text": "anti-virus services",
                        "id": 5,
                        "verbs": [
                            "stop"
                        ],
                        "label": [
                            "FUNCTION"
                        ],
                        "sent_index": 0,
                        "type": "object"
                    }
                },
                {
                    "sub": {
                        "start": 15,
                        "end": 34,
                        "text": "anti-virus services",
                        "id": 5,
                        "verbs": [
                            "stop"
                        ],
                        "label": [
                            "FUNCTION"
                        ],
                        "sent_index": 0,
                        "type": "subject"
                    },
                    "verb": {
                        "negation": false,
                        "text": "on",
                        "index": 5,
                        "flag": 0
                    },
                    "obj": {
                        "start": 40,
                        "end": 56,
                        "text": "compromised host",
                        "id": 9,
                        "label": [
                            "COMPONENT"
                        ],
                        "sent_index": 0,
                        "type": "object"
                    }
                },
                {
                    "sub": {
                        "start": 0,
                        "end": 5,
                        "text": "Babuk",
                        "id": 1,
                        "label": [
                            "FUNCTION"
                        ],
                        "sent_index": 0,
                        "type": "subject"
                    },
                    "verb": {
                        "negation": false,
                        "text": "on",
                        "index": 5,
                        "flag": 0
                    },
                    "obj": {
                        "start": 40,
                        "end": 56,
                        "text": "compromised host",
                        "id": 9,
                        "label": [
                            "COMPONENT"
                        ],
                        "sent_index": 0,
                        "type": "object"
                    }
                }
            ]
        }
    ],
    "id": "relationship--9999824c-f85b-4bc2-bb00-e86d4c8c0a22",
    "tech_id": "T1562.001",
    "location": [],
    "special_id": "T1562.001"
}