{
    "text": "Cobalt Group used msxsl.exe to bypass AppLocker and to invoke Jscript code from an XSL file.",
    "graph_nodes": [
        {
            "id": 2,
            "contracted": 0,
            "meta": {
                "start": 0,
                "end": 12,
                "text": "Cobalt Group",
                "id": 2,
                "label": [
                    "ACTOR"
                ],
                "sent_index": 0,
                "type": "subject"
            }
        },
        {
            "id": 4,
            "contracted": 0,
            "meta": {
                "start": 18,
                "end": 27,
                "text": "msxsl.exe",
                "id": 4,
                "verbs": [
                    "use"
                ],
                "label": [
                    "FUNCTION"
                ],
                "sent_index": 0,
                "type": "object"
            }
        },
        {
            "id": 7,
            "contracted": 0,
            "meta": {
                "start": 38,
                "end": 47,
                "text": "AppLocker",
                "id": 7,
                "verbs": [
                    "bypass"
                ],
                "label": [
                    "COMPONENT"
                ],
                "sent_index": 0,
                "type": "object"
            }
        },
        {
            "id": 12,
            "contracted": 0,
            "meta": {
                "start": 62,
                "end": 74,
                "text": "Jscript code",
                "id": 12,
                "verbs": [
                    "invoke"
                ],
                "label": [
                    "FUNCTION"
                ],
                "sent_index": 0,
                "type": "object"
            }
        },
        {
            "id": 16,
            "contracted": 0,
            "meta": {
                "start": 83,
                "end": 91,
                "text": "XSL file",
                "id": 16,
                "verbs": [
                    "from"
                ],
                "label": [
                    "DATA"
                ],
                "sent_index": 0,
                "type": "object"
            }
        }
    ],
    "graph_edges": [
        {
            "source": 2,
            "dest": 4,
            "index": 0,
            "verb": "use",
            "id": "2_4"
        },
        {
            "source": 2,
            "dest": 7,
            "index": 1,
            "verb": "bypass",
            "id": "2_7"
        },
        {
            "source": 2,
            "dest": 12,
            "index": 2,
            "verb": "invoke",
            "id": "2_12"
        },
        {
            "source": 12,
            "dest": 16,
            "index": 3,
            "verb": "from",
            "id": "12_16"
        }
    ],
    "replacement_mapper": {},
    "sentences": [
        {
            "id": 0,
            "text": "Cobalt Group used msxsl.exe to bypass AppLocker and to invoke Jscript code from an XSL file.",
            "svos": [
                {
                    "sub": {
                        "start": 0,
                        "end": 12,
                        "text": "Cobalt Group",
                        "id": 2,
                        "label": [
                            "ACTOR"
                        ],
                        "sent_index": 0,
                        "type": "subject"
                    },
                    "verb": {
                        "negation": false,
                        "text": "use",
                        "index": 2,
                        "flag": 0
                    },
                    "obj": {
                        "start": 18,
                        "end": 27,
                        "text": "msxsl.exe",
                        "id": 4,
                        "verbs": [
                            "use"
                        ],
                        "label": [
                            "FUNCTION"
                        ],
                        "sent_index": 0,
                        "type": "object"
                    }
                },
                {
                    "sub": {
                        "start": 0,
                        "end": 12,
                        "text": "Cobalt Group",
                        "id": 2,
                        "label": [
                            "ACTOR"
                        ],
                        "sent_index": 0,
                        "type": "subject"
                    },
                    "verb": {
                        "negation": false,
                        "text": "bypass",
                        "index": 5,
                        "flag": 0
                    },
                    "obj": {
                        "start": 38,
                        "end": 47,
                        "text": "AppLocker",
                        "id": 7,
                        "verbs": [
                            "bypass"
                        ],
                        "label": [
                            "COMPONENT"
                        ],
                        "sent_index": 0,
                        "type": "object"
                    }
                },
                {
                    "sub": {
                        "start": 0,
                        "end": 12,
                        "text": "Cobalt Group",
                        "id": 2,
                        "label": [
                            "ACTOR"
                        ],
                        "sent_index": 0,
                        "type": "subject"
                    },
                    "verb": {
                        "negation": false,
                        "text": "invoke",
                        "index": 9,
                        "flag": 0
                    },
                    "obj": {
                        "start": 62,
                        "end": 74,
                        "text": "Jscript code",
                        "id": 12,
                        "verbs": [
                            "invoke"
                        ],
                        "label": [
                            "FUNCTION"
                        ],
                        "sent_index": 0,
                        "type": "object"
                    }
                },
                {
                    "sub": {
                        "start": 62,
                        "end": 74,
                        "text": "Jscript code",
                        "id": 12,
                        "verbs": [
                            "invoke"
                        ],
                        "label": [
                            "FUNCTION"
                        ],
                        "sent_index": 0,
                        "type": "subject"
                    },
                    "verb": {
                        "negation": false,
                        "text": "from",
                        "index": 12,
                        "flag": 0
                    },
                    "obj": {
                        "start": 83,
                        "end": 91,
                        "text": "XSL file",
                        "id": 16,
                        "verbs": [
                            "from"
                        ],
                        "label": [
                            "DATA"
                        ],
                        "sent_index": 0,
                        "type": "object"
                    }
                }
            ]
        }
    ],
    "id": "relationship--8c13ef6b-5274-4de0-9fad-531b9c87309e",
    "tech_id": "T1220",
    "location": [],
    "special_id": "T1220"
}