{
    "text": "Spark has been packed with Enigma Protector to obfuscate its contents.",
    "graph_nodes": [
        {
            "id": 1,
            "contracted": 0,
            "meta": {
                "start": 0,
                "end": 5,
                "text": "Spark",
                "id": 1,
                "verbs": [
                    "pack"
                ],
                "label": [
                    "ACTOR"
                ],
                "sent_index": 0,
                "type": "object",
                "sub_label": [
                    "MALWARE"
                ]
            }
        },
        {
            "id": 7,
            "contracted": 0,
            "meta": {
                "start": 27,
                "end": 43,
                "text": "Enigma Protector",
                "id": 7,
                "verbs": [
                    "with"
                ],
                "label": [
                    "FUNCTION"
                ],
                "sent_index": 0,
                "type": "object"
            }
        },
        {
            "id": 11,
            "contracted": 0,
            "meta": {
                "start": 61,
                "end": 69,
                "text": "contents",
                "id": 11,
                "verbs": [
                    "obfuscate"
                ],
                "label": [
                    "DATA"
                ],
                "sent_index": 0,
                "type": "object"
            }
        }
    ],
    "graph_edges": [
        {
            "source": 1,
            "dest": 7,
            "index": 1,
            "verb": "with",
            "id": "1_7"
        },
        {
            "source": 1,
            "dest": 11,
            "index": 2,
            "verb": "obfuscate",
            "id": "1_11"
        }
    ],
    "replacement_mapper": {},
    "sentences": [
        {
            "id": 0,
            "text": "Spark has been packed with Enigma Protector to obfuscate its contents.",
            "svos": [
                {
                    "sub": {
                        "text": "ANY",
                        "start": 0,
                        "end": 0,
                        "label": [
                            "ACTOR"
                        ],
                        "id": 0,
                        "sent_index": 0,
                        "type": "subject"
                    },
                    "verb": {
                        "negation": false,
                        "text": "pack",
                        "index": 3,
                        "flag": 0
                    },
                    "obj": {
                        "start": 0,
                        "end": 5,
                        "text": "Spark",
                        "id": 1,
                        "verbs": [
                            "pack"
                        ],
                        "label": [
                            "ACTOR"
                        ],
                        "sent_index": 0,
                        "type": "object",
                        "sub_label": [
                            "MALWARE"
                        ]
                    }
                },
                {
                    "sub": {
                        "start": 0,
                        "end": 5,
                        "text": "Spark",
                        "id": 1,
                        "verbs": [
                            "pack"
                        ],
                        "label": [
                            "FUNCTION"
                        ],
                        "sent_index": 0,
                        "type": "subject"
                    },
                    "verb": {
                        "negation": false,
                        "text": "with",
                        "index": 4,
                        "flag": 0
                    },
                    "obj": {
                        "start": 27,
                        "end": 43,
                        "text": "Enigma Protector",
                        "id": 7,
                        "verbs": [
                            "with"
                        ],
                        "label": [
                            "FUNCTION"
                        ],
                        "sent_index": 0,
                        "type": "object"
                    }
                },
                {
                    "sub": {
                        "start": 0,
                        "end": 5,
                        "text": "Spark",
                        "id": 1,
                        "verbs": [
                            "pack"
                        ],
                        "label": [
                            "FUNCTION"
                        ],
                        "sent_index": 0,
                        "type": "subject"
                    },
                    "verb": {
                        "negation": false,
                        "text": "obfuscate",
                        "index": 8,
                        "flag": 0
                    },
                    "obj": {
                        "start": 61,
                        "end": 69,
                        "text": "contents",
                        "id": 11,
                        "verbs": [
                            "obfuscate"
                        ],
                        "label": [
                            "DATA"
                        ],
                        "sent_index": 0,
                        "type": "object"
                    }
                }
            ]
        }
    ],
    "id": "relationship--25df53ed-4a07-4e71-8a1b-a84a2571e043",
    "tech_id": "T1027.002",
    "location": [],
    "special_id": "T1027.002"
}