{
    "text": "the threat actors used a VBA macro to execute a simple downloader that installed Rising Sun.",
    "graph_nodes": [
        {
            "id": 3,
            "contracted": 0,
            "meta": {
                "start": 4,
                "end": 17,
                "text": "threat actors",
                "id": 3,
                "label": [
                    "ACTOR"
                ],
                "sent_index": 0,
                "type": "subject"
            }
        },
        {
            "id": 7,
            "contracted": 0,
            "meta": {
                "start": 25,
                "end": 34,
                "text": "VBA macro",
                "id": 7,
                "verbs": [
                    "use"
                ],
                "label": [
                    "FUNCTION"
                ],
                "sent_index": 0,
                "type": "object"
            }
        },
        {
            "id": 12,
            "contracted": 0,
            "meta": {
                "start": 55,
                "end": 65,
                "text": "downloader",
                "id": 12,
                "verbs": [
                    "execute"
                ],
                "label": [
                    "FUNCTION"
                ],
                "sent_index": 0,
                "type": "object"
            }
        },
        {
            "id": 16,
            "contracted": 0,
            "meta": {
                "start": 81,
                "end": 91,
                "text": "Rising Sun",
                "id": 16,
                "verbs": [
                    "instal"
                ],
                "label": [
                    "FUNCTION"
                ],
                "sent_index": 0,
                "type": "object"
            }
        }
    ],
    "graph_edges": [
        {
            "source": 3,
            "dest": 7,
            "index": 0,
            "verb": "use",
            "id": "3_7"
        },
        {
            "source": 3,
            "dest": 12,
            "index": 1,
            "verb": "execute",
            "id": "3_12"
        },
        {
            "source": 12,
            "dest": 16,
            "index": 2,
            "verb": "instal",
            "id": "12_16"
        }
    ],
    "replacement_mapper": {},
    "sentences": [
        {
            "id": 0,
            "text": "the threat actors used a VBA macro to execute a simple downloader that installed Rising Sun.",
            "svos": [
                {
                    "sub": {
                        "start": 4,
                        "end": 17,
                        "text": "threat actors",
                        "id": 3,
                        "label": [
                            "ACTOR"
                        ],
                        "sent_index": 0,
                        "type": "subject"
                    },
                    "verb": {
                        "negation": false,
                        "text": "use",
                        "index": 3,
                        "flag": 0
                    },
                    "obj": {
                        "start": 25,
                        "end": 34,
                        "text": "VBA macro",
                        "id": 7,
                        "verbs": [
                            "use"
                        ],
                        "label": [
                            "FUNCTION"
                        ],
                        "sent_index": 0,
                        "type": "object"
                    }
                },
                {
                    "sub": {
                        "start": 4,
                        "end": 17,
                        "text": "threat actors",
                        "id": 3,
                        "label": [
                            "ACTOR"
                        ],
                        "sent_index": 0,
                        "type": "subject"
                    },
                    "verb": {
                        "negation": false,
                        "text": "execute",
                        "index": 8,
                        "flag": 0
                    },
                    "obj": {
                        "start": 55,
                        "end": 65,
                        "text": "downloader",
                        "id": 12,
                        "verbs": [
                            "execute"
                        ],
                        "label": [
                            "FUNCTION"
                        ],
                        "sent_index": 0,
                        "type": "object"
                    }
                },
                {
                    "sub": {
                        "start": 55,
                        "end": 65,
                        "text": "downloader",
                        "id": 12,
                        "verbs": [
                            "execute"
                        ],
                        "label": [
                            "FUNCTION"
                        ],
                        "sent_index": 0,
                        "type": "subject"
                    },
                    "verb": {
                        "negation": false,
                        "text": "instal",
                        "index": 13,
                        "flag": 0
                    },
                    "obj": {
                        "start": 81,
                        "end": 91,
                        "text": "Rising Sun",
                        "id": 16,
                        "verbs": [
                            "instal"
                        ],
                        "label": [
                            "FUNCTION"
                        ],
                        "sent_index": 0,
                        "type": "object"
                    }
                }
            ]
        }
    ],
    "id": "relationship--ada86d8c-2c88-442d-8f7a-d9e53937a3f2",
    "tech_id": "T1059.005",
    "location": [],
    "special_id": "T1059.005"
}