{
    "text": "Caterpillar WebShell has a module to gather information from the compromrised asset, such as the computer version, computer name, IIS version, and more.",
    "graph_nodes": [
        {
            "id": 2,
            "contracted": 0,
            "meta": {
                "start": 0,
                "end": 20,
                "text": "Caterpillar WebShell",
                "id": 2,
                "label": [
                    "ACTOR"
                ],
                "sent_index": 0,
                "type": "subject",
                "sub_label": [
                    "MALWARE"
                ]
            }
        },
        {
            "id": 5,
            "contracted": 0,
            "meta": {
                "start": 27,
                "end": 33,
                "text": "module",
                "id": 5,
                "verbs": [
                    "have"
                ],
                "label": [
                    "FUNCTION"
                ],
                "sent_index": 0,
                "type": "object"
            }
        },
        {
            "id": 8,
            "contracted": 0,
            "meta": {
                "start": 44,
                "end": 55,
                "text": "information",
                "id": 8,
                "verbs": [
                    "gather"
                ],
                "label": [
                    "DATA"
                ],
                "sent_index": 0,
                "type": "object"
            }
        },
        {
            "id": 12,
            "contracted": 0,
            "meta": {
                "start": 65,
                "end": 83,
                "text": "compromrised asset",
                "id": 12,
                "verbs": [
                    "from"
                ],
                "label": [
                    "DATA",
                    "COMPONENT"
                ],
                "sent_index": 0,
                "type": "object",
                "texts": [
                    "computer version",
                    "IIS version",
                    "computer name",
                    "compromrised asset"
                ]
            }
        }
    ],
    "graph_edges": [
        {
            "source": 2,
            "dest": 5,
            "index": 0,
            "verb": "have",
            "id": "2_5"
        },
        {
            "source": 5,
            "dest": 8,
            "index": 1,
            "verb": "gather",
            "id": "5_8"
        },
        {
            "source": 8,
            "dest": 12,
            "index": 2,
            "verb": "from",
            "id": "8_12"
        }
    ],
    "replacement_mapper": {},
    "sentences": [
        {
            "id": 0,
            "text": "Caterpillar WebShell has a module to gather information from the compromrised asset, such as the computer version, computer name, IIS version, and more.",
            "svos": [
                {
                    "sub": {
                        "start": 0,
                        "end": 20,
                        "text": "Caterpillar WebShell",
                        "id": 2,
                        "label": [
                            "ACTOR"
                        ],
                        "sent_index": 0,
                        "type": "subject",
                        "sub_label": [
                            "MALWARE"
                        ]
                    },
                    "verb": {
                        "negation": false,
                        "text": "have",
                        "index": 2,
                        "flag": 0
                    },
                    "obj": {
                        "start": 27,
                        "end": 33,
                        "text": "module",
                        "id": 5,
                        "verbs": [
                            "have"
                        ],
                        "label": [
                            "FUNCTION"
                        ],
                        "sent_index": 0,
                        "type": "object"
                    }
                },
                {
                    "sub": {
                        "start": 27,
                        "end": 33,
                        "text": "module",
                        "id": 5,
                        "verbs": [
                            "have"
                        ],
                        "label": [
                            "FUNCTION"
                        ],
                        "sent_index": 0,
                        "type": "subject"
                    },
                    "verb": {
                        "negation": false,
                        "text": "gather",
                        "index": 6,
                        "flag": 0
                    },
                    "obj": {
                        "start": 44,
                        "end": 55,
                        "text": "information",
                        "id": 8,
                        "verbs": [
                            "gather"
                        ],
                        "label": [
                            "DATA"
                        ],
                        "sent_index": 0,
                        "type": "object"
                    }
                },
                {
                    "sub": {
                        "start": 44,
                        "end": 55,
                        "text": "information",
                        "id": 8,
                        "verbs": [
                            "gather"
                        ],
                        "label": [
                            "DATA"
                        ],
                        "sent_index": 0,
                        "type": "subject"
                    },
                    "verb": {
                        "negation": false,
                        "text": "from",
                        "index": 8,
                        "flag": 0
                    },
                    "obj": {
                        "start": 65,
                        "end": 83,
                        "text": "compromrised asset",
                        "id": 12,
                        "verbs": [
                            "from"
                        ],
                        "label": [
                            "DATA",
                            "COMPONENT"
                        ],
                        "sent_index": 0,
                        "type": "object",
                        "texts": [
                            "computer version",
                            "IIS version",
                            "computer name",
                            "compromrised asset"
                        ]
                    }
                },
                {
                    "sub": {
                        "start": 65,
                        "end": 83,
                        "text": "compromrised asset",
                        "id": 12,
                        "verbs": [
                            "from"
                        ],
                        "label": [
                            "COMPONENT"
                        ],
                        "sent_index": 0,
                        "type": "subject"
                    },
                    "verb": {
                        "negation": false,
                        "text": "as",
                        "index": 14,
                        "flag": 1
                    },
                    "obj": {
                        "start": 97,
                        "end": 113,
                        "text": "computer version",
                        "id": 18,
                        "verbs": [
                            "as"
                        ],
                        "label": [
                            "DATA"
                        ],
                        "sent_index": 0,
                        "type": "object"
                    }
                },
                {
                    "sub": {
                        "start": 65,
                        "end": 83,
                        "text": "compromrised asset",
                        "id": 12,
                        "verbs": [
                            "from"
                        ],
                        "label": [
                            "COMPONENT"
                        ],
                        "sent_index": 0,
                        "type": "subject"
                    },
                    "verb": {
                        "negation": false,
                        "text": "as",
                        "index": 14,
                        "flag": 1
                    },
                    "obj": {
                        "start": 115,
                        "end": 128,
                        "text": "computer name",
                        "id": 21,
                        "verbs": [
                            "as"
                        ],
                        "label": [
                            "DATA"
                        ],
                        "sent_index": 0,
                        "type": "object"
                    }
                },
                {
                    "sub": {
                        "start": 65,
                        "end": 83,
                        "text": "compromrised asset",
                        "id": 12,
                        "verbs": [
                            "from"
                        ],
                        "label": [
                            "COMPONENT"
                        ],
                        "sent_index": 0,
                        "type": "subject"
                    },
                    "verb": {
                        "negation": false,
                        "text": "as",
                        "index": 14,
                        "flag": 1
                    },
                    "obj": {
                        "start": 130,
                        "end": 141,
                        "text": "IIS version",
                        "id": 24,
                        "verbs": [
                            "as"
                        ],
                        "label": [
                            "DATA"
                        ],
                        "sent_index": 0,
                        "type": "object"
                    }
                }
            ]
        }
    ],
    "id": "relationship--b844919a-e7d8-4317-9f0d-56338bae818c",
    "tech_id": "T1082",
    "location": [],
    "special_id": "T1082"
}