{
    "text": "Threat Group-3390 actors use NBTscan to discover vulnerable systems.",
    "graph_nodes": [
        {
            "id": 3,
            "contracted": 0,
            "meta": {
                "start": 0,
                "end": 24,
                "text": "Threat Group-3390 actors",
                "id": 3,
                "label": [
                    "ACTOR"
                ],
                "sent_index": 0,
                "type": "subject"
            }
        },
        {
            "id": 5,
            "contracted": 0,
            "meta": {
                "start": 29,
                "end": 36,
                "text": "NBTscan",
                "id": 5,
                "verbs": [
                    "use"
                ],
                "label": [
                    "FUNCTION"
                ],
                "sent_index": 0,
                "type": "object"
            }
        },
        {
            "id": 9,
            "contracted": 0,
            "meta": {
                "start": 49,
                "end": 67,
                "text": "vulnerable systems",
                "id": 9,
                "verbs": [
                    "discover"
                ],
                "label": [
                    "COMPONENT"
                ],
                "sent_index": 0,
                "type": "object"
            }
        }
    ],
    "graph_edges": [
        {
            "source": 3,
            "dest": 5,
            "index": 0,
            "verb": "use",
            "id": "3_5"
        },
        {
            "source": 3,
            "dest": 9,
            "index": 1,
            "verb": "discover",
            "id": "3_9"
        }
    ],
    "replacement_mapper": {},
    "sentences": [
        {
            "id": 0,
            "text": "Threat Group-3390 actors use NBTscan to discover vulnerable systems.",
            "svos": [
                {
                    "sub": {
                        "start": 0,
                        "end": 24,
                        "text": "Threat Group-3390 actors",
                        "id": 3,
                        "label": [
                            "ACTOR"
                        ],
                        "sent_index": 0,
                        "type": "subject"
                    },
                    "verb": {
                        "negation": false,
                        "text": "use",
                        "index": 3,
                        "flag": 0
                    },
                    "obj": {
                        "start": 29,
                        "end": 36,
                        "text": "NBTscan",
                        "id": 5,
                        "verbs": [
                            "use"
                        ],
                        "label": [
                            "FUNCTION"
                        ],
                        "sent_index": 0,
                        "type": "object"
                    }
                },
                {
                    "sub": {
                        "start": 0,
                        "end": 24,
                        "text": "Threat Group-3390 actors",
                        "id": 3,
                        "label": [
                            "ACTOR"
                        ],
                        "sent_index": 0,
                        "type": "subject"
                    },
                    "verb": {
                        "negation": false,
                        "text": "discover",
                        "index": 6,
                        "flag": 0
                    },
                    "obj": {
                        "start": 49,
                        "end": 67,
                        "text": "vulnerable systems",
                        "id": 9,
                        "verbs": [
                            "discover"
                        ],
                        "label": [
                            "COMPONENT"
                        ],
                        "sent_index": 0,
                        "type": "object"
                    }
                }
            ]
        }
    ],
    "id": "relationship--69682171-e717-4af7-a24a-06a39f381641",
    "tech_id": "T1016",
    "location": [],
    "special_id": "T1016"
}