{
    "text": "NETWIRE can use AES encryption for C2 data transferred.",
    "graph_nodes": [
        {
            "id": 1,
            "contracted": 0,
            "meta": {
                "start": 0,
                "end": 7,
                "text": "NETWIRE",
                "id": 1,
                "label": [
                    "ACTOR"
                ],
                "sent_index": 0,
                "type": "subject",
                "sub_label": [
                    "MALWARE"
                ]
            }
        },
        {
            "id": 5,
            "contracted": 0,
            "meta": {
                "start": 16,
                "end": 30,
                "text": "AES encryption",
                "id": 5,
                "verbs": [
                    "use"
                ],
                "label": [
                    "ENCRYPTION"
                ],
                "sent_index": 0,
                "type": "object"
            }
        },
        {
            "id": 8,
            "contracted": 0,
            "meta": {
                "start": 35,
                "end": 42,
                "text": "C2 data",
                "id": 8,
                "label": [
                    "DATA"
                ],
                "sent_index": 0,
                "type": "object"
            }
        }
    ],
    "graph_edges": [
        {
            "source": 1,
            "dest": 5,
            "index": 0,
            "verb": "use",
            "id": "1_5"
        },
        {
            "source": 1,
            "dest": 8,
            "index": 2,
            "verb": "for",
            "id": "1_8"
        },
        {
            "source": 5,
            "dest": 8,
            "index": 1,
            "verb": "for",
            "id": "5_8"
        }
    ],
    "replacement_mapper": {},
    "sentences": [
        {
            "id": 0,
            "text": "NETWIRE can use AES encryption for C2 data transferred.",
            "svos": [
                {
                    "sub": {
                        "start": 0,
                        "end": 7,
                        "text": "NETWIRE",
                        "id": 1,
                        "label": [
                            "ACTOR"
                        ],
                        "sent_index": 0,
                        "type": "subject",
                        "sub_label": [
                            "MALWARE"
                        ]
                    },
                    "verb": {
                        "negation": false,
                        "text": "use",
                        "index": 2,
                        "flag": 0
                    },
                    "obj": {
                        "start": 16,
                        "end": 30,
                        "text": "AES encryption",
                        "id": 5,
                        "verbs": [
                            "use"
                        ],
                        "label": [
                            "ENCRYPTION"
                        ],
                        "sent_index": 0,
                        "type": "object"
                    }
                },
                {
                    "sub": {
                        "start": 16,
                        "end": 30,
                        "text": "AES encryption",
                        "id": 5,
                        "verbs": [
                            "use"
                        ],
                        "label": [
                            "ENCRYPTION"
                        ],
                        "sent_index": 0,
                        "type": "subject"
                    },
                    "verb": {
                        "negation": false,
                        "text": "for",
                        "index": 5,
                        "flag": 0
                    },
                    "obj": {
                        "start": 35,
                        "end": 42,
                        "text": "C2 data",
                        "id": 8,
                        "label": [
                            "DATA"
                        ],
                        "sent_index": 0,
                        "type": "object"
                    }
                },
                {
                    "sub": {
                        "start": 0,
                        "end": 7,
                        "text": "NETWIRE",
                        "id": 1,
                        "label": [
                            "FUNCTION"
                        ],
                        "sent_index": 0,
                        "type": "subject"
                    },
                    "verb": {
                        "negation": false,
                        "text": "for",
                        "index": 5,
                        "flag": 0
                    },
                    "obj": {
                        "start": 35,
                        "end": 42,
                        "text": "C2 data",
                        "id": 8,
                        "label": [
                            "DATA"
                        ],
                        "sent_index": 0,
                        "type": "object"
                    }
                }
            ]
        }
    ],
    "id": "relationship--2c339e33-c290-42bc-9f2c-056aa0a321d8",
    "tech_id": "T1573.001",
    "location": [],
    "special_id": "T1573.001"
}