{
    "text": "Mafalda can take a screenshot of the target machine and save it to a file.",
    "graph_nodes": [
        {
            "id": 1,
            "contracted": 0,
            "meta": {
                "start": 0,
                "end": 7,
                "text": "Mafalda",
                "id": 1,
                "label": [
                    "ACTOR"
                ],
                "sent_index": 0,
                "type": "subject",
                "sub_label": [
                    "MALWARE"
                ]
            }
        },
        {
            "id": 5,
            "contracted": 0,
            "meta": {
                "start": 19,
                "end": 29,
                "text": "screenshot",
                "id": 5,
                "verbs": [
                    "take"
                ],
                "label": [
                    "DATA"
                ],
                "sent_index": 0,
                "type": "object",
                "ids": [
                    5,
                    12
                ],
                "texts": [
                    "screenshot"
                ]
            }
        },
        {
            "id": 9,
            "contracted": 0,
            "meta": {
                "start": 37,
                "end": 51,
                "text": "target machine",
                "id": 9,
                "label": [
                    "COMPONENT"
                ],
                "sent_index": 0,
                "type": "object"
            }
        },
        {
            "id": 15,
            "contracted": 0,
            "meta": {
                "start": 69,
                "end": 73,
                "text": "file",
                "id": 15,
                "verbs": [
                    "to"
                ],
                "label": [
                    "DATA"
                ],
                "sent_index": 0,
                "type": "object"
            }
        }
    ],
    "graph_edges": [
        {
            "source": 1,
            "dest": 5,
            "index": 0,
            "verb": "take",
            "id": "1_5"
        },
        {
            "source": 1,
            "dest": 15,
            "index": 4,
            "verb": "to",
            "id": "1_15"
        },
        {
            "source": 5,
            "dest": 9,
            "index": 1,
            "verb": "of",
            "id": "5_9"
        },
        {
            "source": 5,
            "dest": 15,
            "index": 3,
            "verb": "to",
            "id": "5_15"
        }
    ],
    "replacement_mapper": {},
    "sentences": [
        {
            "id": 0,
            "text": "Mafalda can take a screenshot of the target machine and save it to a file.",
            "svos": [
                {
                    "sub": {
                        "start": 0,
                        "end": 7,
                        "text": "Mafalda",
                        "id": 1,
                        "label": [
                            "ACTOR"
                        ],
                        "sent_index": 0,
                        "type": "subject",
                        "sub_label": [
                            "MALWARE"
                        ]
                    },
                    "verb": {
                        "negation": false,
                        "text": "take",
                        "index": 2,
                        "flag": 0
                    },
                    "obj": {
                        "start": 19,
                        "end": 29,
                        "text": "screenshot",
                        "id": 5,
                        "verbs": [
                            "take"
                        ],
                        "label": [
                            "DATA"
                        ],
                        "sent_index": 0,
                        "type": "object",
                        "ids": [
                            5,
                            12
                        ],
                        "texts": [
                            "screenshot"
                        ]
                    }
                },
                {
                    "sub": {
                        "start": 19,
                        "end": 29,
                        "text": "screenshot",
                        "id": 5,
                        "verbs": [
                            "take"
                        ],
                        "label": [
                            "DATA"
                        ],
                        "sent_index": 0,
                        "type": "subject"
                    },
                    "verb": {
                        "negation": false,
                        "text": "of",
                        "index": 5,
                        "flag": 0
                    },
                    "obj": {
                        "start": 37,
                        "end": 51,
                        "text": "target machine",
                        "id": 9,
                        "label": [
                            "COMPONENT"
                        ],
                        "sent_index": 0,
                        "type": "object"
                    }
                },
                {
                    "sub": {
                        "start": 0,
                        "end": 7,
                        "text": "Mafalda",
                        "id": 1,
                        "label": [
                            "FUNCTION"
                        ],
                        "sent_index": 0,
                        "type": "subject"
                    },
                    "verb": {
                        "negation": false,
                        "text": "save",
                        "index": 10,
                        "flag": 0
                    },
                    "obj": {
                        "start": 61,
                        "end": 63,
                        "text": "it",
                        "id": 12,
                        "verbs": [
                            "save"
                        ],
                        "label": [
                            "ACTOR"
                        ],
                        "sent_index": 0,
                        "type": "object"
                    }
                },
                {
                    "sub": {
                        "start": 61,
                        "end": 63,
                        "text": "it",
                        "id": 12,
                        "verbs": [
                            "save"
                        ],
                        "label": [
                            "OTHER"
                        ],
                        "sent_index": 0,
                        "type": "subject"
                    },
                    "verb": {
                        "negation": false,
                        "text": "to",
                        "index": 12,
                        "flag": 0
                    },
                    "obj": {
                        "start": 69,
                        "end": 73,
                        "text": "file",
                        "id": 15,
                        "verbs": [
                            "to"
                        ],
                        "label": [
                            "DATA"
                        ],
                        "sent_index": 0,
                        "type": "object"
                    }
                },
                {
                    "sub": {
                        "start": 0,
                        "end": 7,
                        "text": "Mafalda",
                        "id": 1,
                        "label": [
                            "FUNCTION"
                        ],
                        "sent_index": 0,
                        "type": "subject"
                    },
                    "verb": {
                        "negation": false,
                        "text": "to",
                        "index": 12,
                        "flag": 0
                    },
                    "obj": {
                        "start": 69,
                        "end": 73,
                        "text": "file",
                        "id": 15,
                        "verbs": [
                            "to"
                        ],
                        "label": [
                            "DATA"
                        ],
                        "sent_index": 0,
                        "type": "object"
                    }
                }
            ]
        }
    ],
    "id": "relationship--89574823-b59e-4a8e-87b1-8bbb9531b603",
    "tech_id": "T1113",
    "location": [],
    "special_id": "T1113"
}