{
    "text": "EvilBunny has deleted the initial dropper after running by the environment checks.",
    "graph_nodes": [
        {
            "id": 1,
            "contracted": 0,
            "meta": {
                "start": 0,
                "end": 9,
                "text": "EvilBunny",
                "id": 1,
                "label": [
                    "ACTOR"
                ],
                "sent_index": 0,
                "type": "subject",
                "sub_label": [
                    "MALWARE"
                ]
            }
        },
        {
            "id": 6,
            "contracted": 0,
            "meta": {
                "start": 26,
                "end": 41,
                "text": "initial dropper",
                "id": 6,
                "verbs": [
                    "delete"
                ],
                "label": [
                    "FUNCTION"
                ],
                "sent_index": 0,
                "type": "object"
            }
        },
        {
            "id": 12,
            "contracted": 0,
            "meta": {
                "start": 63,
                "end": 81,
                "text": "environment checks",
                "id": 12,
                "verbs": [
                    "use"
                ],
                "label": [
                    "FUNCTION"
                ],
                "sent_index": 0,
                "type": "object"
            }
        }
    ],
    "graph_edges": [
        {
            "source": 1,
            "dest": 12,
            "index": 2,
            "verb": "run",
            "id": "1_12"
        },
        {
            "source": 1,
            "dest": 6,
            "index": 1,
            "verb": "delete",
            "id": "1_6"
        }
    ],
    "replacement_mapper": {},
    "sentences": [
        {
            "id": 0,
            "text": "EvilBunny has deleted the initial dropper after running by the environment checks.",
            "svos": [
                {
                    "sub": {
                        "start": 0,
                        "end": 9,
                        "text": "EvilBunny",
                        "id": 1,
                        "label": [
                            "ACTOR"
                        ],
                        "sent_index": 0,
                        "type": "subject",
                        "sub_label": [
                            "MALWARE"
                        ]
                    },
                    "verb": {
                        "negation": false,
                        "text": "use",
                        "index": -1,
                        "flag": 0
                    },
                    "obj": {
                        "start": 63,
                        "end": 81,
                        "text": "environment checks",
                        "id": 12,
                        "verbs": [
                            "use"
                        ],
                        "label": [
                            "FUNCTION"
                        ],
                        "sent_index": 0,
                        "type": "object"
                    }
                },
                {
                    "sub": {
                        "start": 0,
                        "end": 9,
                        "text": "EvilBunny",
                        "id": 1,
                        "label": [
                            "FUNCTION"
                        ],
                        "sent_index": 0,
                        "type": "subject"
                    },
                    "verb": {
                        "negation": false,
                        "text": "delete",
                        "index": 2,
                        "flag": 0
                    },
                    "obj": {
                        "start": 26,
                        "end": 41,
                        "text": "initial dropper",
                        "id": 6,
                        "verbs": [
                            "delete"
                        ],
                        "label": [
                            "FUNCTION"
                        ],
                        "sent_index": 0,
                        "type": "object"
                    }
                },
                {
                    "sub": {
                        "start": 0,
                        "end": 9,
                        "text": "EvilBunny",
                        "id": 1,
                        "label": [
                            "FUNCTION"
                        ],
                        "sent_index": 0,
                        "type": "subject"
                    },
                    "verb": {
                        "negation": false,
                        "text": "run",
                        "index": 7,
                        "flag": 0
                    },
                    "obj": {
                        "start": 63,
                        "end": 81,
                        "text": "environment checks",
                        "id": 12,
                        "verbs": [
                            "run"
                        ],
                        "label": [
                            "FUNCTION"
                        ],
                        "sent_index": 0,
                        "type": "object"
                    }
                }
            ]
        }
    ],
    "id": "relationship--ad3eb54c-0f67-42b8-b4cf-060ab6057b79",
    "tech_id": "T1070.004",
    "location": [],
    "special_id": "T1070.004"
}