{
    "text": "QuietSieve has taken screenshots every five minutes and saved them to the user's local Application Data folder under DIRECTORY0 or DIRECTORY1.",
    "graph_nodes": [
        {
            "id": 1,
            "contracted": 0,
            "meta": {
                "start": 0,
                "end": 10,
                "text": "QuietSieve",
                "id": 1,
                "label": [
                    "ACTOR"
                ],
                "sent_index": 0,
                "type": "subject",
                "sub_label": [
                    "MALWARE"
                ]
            }
        },
        {
            "id": 4,
            "contracted": 0,
            "meta": {
                "start": 21,
                "end": 32,
                "text": "screenshots",
                "id": 4,
                "verbs": [
                    "take"
                ],
                "label": [
                    "DATA"
                ],
                "sent_index": 0,
                "type": "object",
                "ids": [
                    4,
                    10
                ],
                "texts": [
                    "screenshots"
                ]
            }
        },
        {
            "id": 13,
            "contracted": 0,
            "meta": {
                "text": "user",
                "start": 74,
                "end": 78,
                "id": 13,
                "label": [
                    "USER"
                ],
                "sent_index": 0,
                "type": "object"
            }
        },
        {
            "id": 18,
            "contracted": 0,
            "meta": {
                "start": 81,
                "end": 110,
                "text": "local Application Data folder",
                "id": 18,
                "verbs": [
                    "to"
                ],
                "label": [
                    "DIRECTORY"
                ],
                "sent_index": 0,
                "type": "object"
            }
        },
        {
            "id": 20,
            "contracted": 0,
            "meta": {
                "start": 117,
                "end": 127,
                "text": "Temp\\SymbolSourceSymbols\\icons",
                "id": 20,
                "verbs": [
                    "under"
                ],
                "label": [
                    "DIRECTORY"
                ],
                "sent_index": 0,
                "type": "object",
                "texts": [
                    "Temp\\SymbolSourceSymbols\\icons",
                    "Temp\\ModeAuto\\icons"
                ]
            }
        }
    ],
    "graph_edges": [
        {
            "source": 1,
            "dest": 4,
            "index": 0,
            "verb": "take",
            "id": "1_4"
        },
        {
            "source": 1,
            "dest": 18,
            "index": 3,
            "verb": "to",
            "id": "1_18"
        },
        {
            "source": 4,
            "dest": 18,
            "index": 2,
            "verb": "to",
            "id": "4_18"
        },
        {
            "source": 18,
            "dest": 13,
            "index": 4,
            "verb": "of",
            "id": "18_13"
        },
        {
            "source": 18,
            "dest": 20,
            "index": 5,
            "verb": "under",
            "id": "18_20"
        }
    ],
    "replacement_mapper": {
        "DIRECTORY0": {
            "text": "Temp\\SymbolSourceSymbols\\icons",
            "label": "DIRECTORY"
        },
        "DIRECTORY1": {
            "text": "Temp\\ModeAuto\\icons",
            "label": "DIRECTORY"
        }
    },
    "sentences": [
        {
            "id": 0,
            "text": "QuietSieve has taken screenshots every five minutes and saved them to the user's local Application Data folder under Temp\\SymbolSourceSymbols\\icons or Temp\\ModeAuto\\icons.",
            "svos": [
                {
                    "sub": {
                        "start": 0,
                        "end": 10,
                        "text": "QuietSieve",
                        "id": 1,
                        "label": [
                            "ACTOR"
                        ],
                        "sent_index": 0,
                        "type": "subject",
                        "sub_label": [
                            "MALWARE"
                        ]
                    },
                    "verb": {
                        "negation": false,
                        "text": "take",
                        "index": 2,
                        "flag": 0
                    },
                    "obj": {
                        "start": 21,
                        "end": 32,
                        "text": "screenshots",
                        "id": 4,
                        "verbs": [
                            "take"
                        ],
                        "label": [
                            "DATA"
                        ],
                        "sent_index": 0,
                        "type": "object",
                        "ids": [
                            4,
                            10
                        ],
                        "texts": [
                            "screenshots"
                        ]
                    }
                },
                {
                    "sub": {
                        "start": 0,
                        "end": 10,
                        "text": "QuietSieve",
                        "id": 1,
                        "label": [
                            "FUNCTION"
                        ],
                        "sent_index": 0,
                        "type": "subject"
                    },
                    "verb": {
                        "negation": false,
                        "text": "save",
                        "index": 8,
                        "flag": 0
                    },
                    "obj": {
                        "start": 62,
                        "end": 66,
                        "text": "them",
                        "id": 10,
                        "verbs": [
                            "save"
                        ],
                        "label": [
                            "OTHER"
                        ],
                        "sent_index": 0,
                        "type": "object"
                    }
                },
                {
                    "sub": {
                        "start": 62,
                        "end": 66,
                        "text": "them",
                        "id": 10,
                        "verbs": [
                            "save"
                        ],
                        "label": [
                            "OTHER"
                        ],
                        "sent_index": 0,
                        "type": "subject"
                    },
                    "verb": {
                        "negation": false,
                        "text": "to",
                        "index": 10,
                        "flag": 0
                    },
                    "obj": {
                        "start": 81,
                        "end": 110,
                        "text": "local Application Data folder",
                        "id": 18,
                        "verbs": [
                            "to"
                        ],
                        "label": [
                            "DIRECTORY"
                        ],
                        "sent_index": 0,
                        "type": "object"
                    }
                },
                {
                    "sub": {
                        "start": 0,
                        "end": 10,
                        "text": "QuietSieve",
                        "id": 1,
                        "label": [
                            "FUNCTION"
                        ],
                        "sent_index": 0,
                        "type": "subject"
                    },
                    "verb": {
                        "negation": false,
                        "text": "to",
                        "index": 10,
                        "flag": 0
                    },
                    "obj": {
                        "start": 81,
                        "end": 110,
                        "text": "local Application Data folder",
                        "id": 18,
                        "verbs": [
                            "to"
                        ],
                        "label": [
                            "DIRECTORY"
                        ],
                        "sent_index": 0,
                        "type": "object"
                    }
                },
                {
                    "sub": {
                        "start": 81,
                        "end": 110,
                        "text": "local Application Data folder",
                        "id": 18,
                        "verbs": [
                            "to"
                        ],
                        "label": [
                            "DIRECTORY"
                        ],
                        "sent_index": 0,
                        "type": "subject"
                    },
                    "verb": {
                        "negation": false,
                        "text": "of",
                        "index": 17,
                        "flag": 0
                    },
                    "obj": {
                        "text": "user",
                        "start": 74,
                        "end": 78,
                        "id": 13,
                        "label": [
                            "USER"
                        ],
                        "sent_index": 0,
                        "type": "object"
                    }
                },
                {
                    "sub": {
                        "start": 81,
                        "end": 110,
                        "text": "local Application Data folder",
                        "id": 18,
                        "verbs": [
                            "to"
                        ],
                        "label": [
                            "DIRECTORY"
                        ],
                        "sent_index": 0,
                        "type": "subject"
                    },
                    "verb": {
                        "negation": false,
                        "text": "under",
                        "index": 18,
                        "flag": 0
                    },
                    "obj": {
                        "start": 117,
                        "end": 127,
                        "text": "Temp\\SymbolSourceSymbols\\icons",
                        "id": 20,
                        "verbs": [
                            "under"
                        ],
                        "label": [
                            "DIRECTORY"
                        ],
                        "sent_index": 0,
                        "type": "object",
                        "texts": [
                            "Temp\\SymbolSourceSymbols\\icons",
                            "Temp\\ModeAuto\\icons"
                        ]
                    }
                },
                {
                    "sub": {
                        "start": 81,
                        "end": 110,
                        "text": "local Application Data folder",
                        "id": 18,
                        "verbs": [
                            "to"
                        ],
                        "label": [
                            "DIRECTORY"
                        ],
                        "sent_index": 0,
                        "type": "subject"
                    },
                    "verb": {
                        "negation": false,
                        "text": "under",
                        "index": 18,
                        "flag": 0
                    },
                    "obj": {
                        "start": 131,
                        "end": 141,
                        "text": "Temp\\ModeAuto\\icons",
                        "id": 22,
                        "verbs": [
                            "under"
                        ],
                        "label": [
                            "DIRECTORY"
                        ],
                        "sent_index": 0,
                        "type": "object"
                    }
                }
            ]
        }
    ],
    "id": "relationship--f7e3c06d-61a2-4008-89af-4380e7d71ced",
    "tech_id": "T1113",
    "location": [],
    "special_id": "T1113"
}