{
    "text": "Penquin can execute the command code do_download to retrieve remote files from C2.",
    "graph_nodes": [
        {
            "id": 1,
            "contracted": 0,
            "meta": {
                "start": 0,
                "end": 7,
                "text": "Penquin",
                "id": 1,
                "label": [
                    "ACTOR"
                ],
                "sent_index": 0,
                "type": "subject",
                "sub_label": [
                    "MALWARE"
                ]
            }
        },
        {
            "id": 6,
            "contracted": 0,
            "meta": {
                "start": 24,
                "end": 36,
                "text": "command code",
                "id": 6,
                "verbs": [
                    "execute"
                ],
                "label": [
                    "FUNCTION"
                ],
                "sent_index": 0,
                "type": "object"
            }
        },
        {
            "id": 7,
            "contracted": 0,
            "meta": {
                "start": 37,
                "end": 48,
                "text": "do_download",
                "id": 7,
                "verbs": [
                    "execute"
                ],
                "label": [
                    "FUNCTION"
                ],
                "sent_index": 0,
                "type": "object"
            }
        },
        {
            "id": 11,
            "contracted": 0,
            "meta": {
                "start": 61,
                "end": 73,
                "text": "remote files",
                "id": 11,
                "verbs": [
                    "retrieve"
                ],
                "label": [
                    "DATA"
                ],
                "sent_index": 0,
                "type": "object"
            }
        },
        {
            "id": 13,
            "contracted": 0,
            "meta": {
                "start": 79,
                "end": 81,
                "text": "C2",
                "id": 13,
                "verbs": [
                    "from"
                ],
                "label": [
                    "NETWORK"
                ],
                "sent_index": 0,
                "type": "object"
            }
        }
    ],
    "graph_edges": [
        {
            "source": 1,
            "dest": 6,
            "index": 0,
            "verb": "execute",
            "id": "1_6"
        },
        {
            "source": 1,
            "dest": 7,
            "index": 1,
            "verb": "execute",
            "id": "1_7"
        },
        {
            "source": 1,
            "dest": 11,
            "index": 2,
            "verb": "retrieve",
            "id": "1_11"
        },
        {
            "source": 11,
            "dest": 13,
            "index": 3,
            "verb": "from",
            "id": "11_13"
        }
    ],
    "replacement_mapper": {},
    "sentences": [
        {
            "id": 0,
            "text": "Penquin can execute the command code do_download to retrieve remote files from C2.",
            "svos": [
                {
                    "sub": {
                        "start": 0,
                        "end": 7,
                        "text": "Penquin",
                        "id": 1,
                        "label": [
                            "ACTOR"
                        ],
                        "sent_index": 0,
                        "type": "subject",
                        "sub_label": [
                            "MALWARE"
                        ]
                    },
                    "verb": {
                        "negation": false,
                        "text": "execute",
                        "index": 2,
                        "flag": 0
                    },
                    "obj": {
                        "start": 24,
                        "end": 36,
                        "text": "command code",
                        "id": 6,
                        "verbs": [
                            "execute"
                        ],
                        "label": [
                            "FUNCTION"
                        ],
                        "sent_index": 0,
                        "type": "object"
                    }
                },
                {
                    "sub": {
                        "start": 0,
                        "end": 7,
                        "text": "Penquin",
                        "id": 1,
                        "label": [
                            "FUNCTION"
                        ],
                        "sent_index": 0,
                        "type": "subject"
                    },
                    "verb": {
                        "negation": false,
                        "text": "execute",
                        "index": 2,
                        "flag": 0
                    },
                    "obj": {
                        "start": 37,
                        "end": 48,
                        "text": "do_download",
                        "id": 7,
                        "verbs": [
                            "execute"
                        ],
                        "label": [
                            "FUNCTION"
                        ],
                        "sent_index": 0,
                        "type": "object"
                    }
                },
                {
                    "sub": {
                        "start": 0,
                        "end": 7,
                        "text": "Penquin",
                        "id": 1,
                        "label": [
                            "FUNCTION"
                        ],
                        "sent_index": 0,
                        "type": "subject"
                    },
                    "verb": {
                        "negation": false,
                        "text": "retrieve",
                        "index": 8,
                        "flag": 0
                    },
                    "obj": {
                        "start": 61,
                        "end": 73,
                        "text": "remote files",
                        "id": 11,
                        "verbs": [
                            "retrieve"
                        ],
                        "label": [
                            "DATA"
                        ],
                        "sent_index": 0,
                        "type": "object"
                    }
                },
                {
                    "sub": {
                        "start": 61,
                        "end": 73,
                        "text": "remote files",
                        "id": 11,
                        "verbs": [
                            "retrieve"
                        ],
                        "label": [
                            "DATA"
                        ],
                        "sent_index": 0,
                        "type": "subject"
                    },
                    "verb": {
                        "negation": false,
                        "text": "from",
                        "index": 11,
                        "flag": 0
                    },
                    "obj": {
                        "start": 79,
                        "end": 81,
                        "text": "C2",
                        "id": 13,
                        "verbs": [
                            "from"
                        ],
                        "label": [
                            "NETWORK"
                        ],
                        "sent_index": 0,
                        "type": "object"
                    }
                }
            ]
        }
    ],
    "id": "relationship--729f4b9b-2d25-4e69-9a9b-adaa62c2ee31",
    "tech_id": "T1105",
    "location": [],
    "special_id": "T1105"
}