{
    "text": "Misdat was typically packed using UPX.",
    "graph_nodes": [
        {
            "id": 1,
            "contracted": 0,
            "meta": {
                "start": 0,
                "end": 6,
                "text": "Misdat",
                "id": 1,
                "verbs": [
                    "pack"
                ],
                "label": [
                    "ACTOR"
                ],
                "sent_index": 0,
                "type": "object",
                "sub_label": [
                    "MALWARE"
                ]
            }
        },
        {
            "id": 6,
            "contracted": 0,
            "meta": {
                "start": 34,
                "end": 37,
                "text": "UPX",
                "id": 6,
                "verbs": [
                    "use"
                ],
                "label": [
                    "FUNCTION"
                ],
                "sent_index": 0,
                "type": "object"
            }
        }
    ],
    "graph_edges": [
        {
            "source": 1,
            "dest": 6,
            "index": 1,
            "verb": "use",
            "id": "1_6"
        }
    ],
    "replacement_mapper": {},
    "sentences": [
        {
            "id": 0,
            "text": "Misdat was typically packed using UPX.",
            "svos": [
                {
                    "sub": {
                        "text": "ANY",
                        "start": 0,
                        "end": 0,
                        "label": [
                            "ACTOR"
                        ],
                        "id": 0,
                        "sent_index": 0,
                        "type": "subject"
                    },
                    "verb": {
                        "negation": false,
                        "text": "pack",
                        "index": 3,
                        "flag": 0
                    },
                    "obj": {
                        "start": 0,
                        "end": 6,
                        "text": "Misdat",
                        "id": 1,
                        "verbs": [
                            "pack"
                        ],
                        "label": [
                            "ACTOR"
                        ],
                        "sent_index": 0,
                        "type": "object",
                        "sub_label": [
                            "MALWARE"
                        ]
                    }
                },
                {
                    "sub": {
                        "start": 0,
                        "end": 6,
                        "text": "Misdat",
                        "id": 1,
                        "verbs": [
                            "pack"
                        ],
                        "label": [
                            "FUNCTION"
                        ],
                        "sent_index": 0,
                        "type": "subject"
                    },
                    "verb": {
                        "negation": false,
                        "text": "use",
                        "index": 4,
                        "flag": 0
                    },
                    "obj": {
                        "start": 34,
                        "end": 37,
                        "text": "UPX",
                        "id": 6,
                        "verbs": [
                            "use"
                        ],
                        "label": [
                            "FUNCTION"
                        ],
                        "sent_index": 0,
                        "type": "object"
                    }
                }
            ]
        }
    ],
    "id": "relationship--df4bb33c-a98d-4c02-a160-ce3cfd36f291",
    "tech_id": "T1027.002",
    "location": [],
    "special_id": "T1027.002"
}