{
    "text": "Gelsemium can delete its dropper component from the targeted system.",
    "graph_nodes": [
        {
            "id": 1,
            "contracted": 0,
            "meta": {
                "start": 0,
                "end": 9,
                "text": "Gelsemium",
                "id": 1,
                "label": [
                    "ACTOR"
                ],
                "sent_index": 0,
                "type": "subject",
                "sub_label": [
                    "MALWARE"
                ]
            }
        },
        {
            "id": 6,
            "contracted": 0,
            "meta": {
                "start": 25,
                "end": 42,
                "text": "dropper component",
                "id": 6,
                "verbs": [
                    "delete"
                ],
                "label": [
                    "FUNCTION"
                ],
                "sent_index": 0,
                "type": "object"
            }
        },
        {
            "id": 10,
            "contracted": 0,
            "meta": {
                "start": 52,
                "end": 67,
                "text": "targeted system",
                "id": 10,
                "verbs": [
                    "from"
                ],
                "label": [
                    "COMPONENT"
                ],
                "sent_index": 0,
                "type": "object"
            }
        }
    ],
    "graph_edges": [
        {
            "source": 1,
            "dest": 6,
            "index": 0,
            "verb": "delete",
            "id": "1_6"
        },
        {
            "source": 1,
            "dest": 10,
            "index": 2,
            "verb": "from",
            "id": "1_10"
        },
        {
            "source": 6,
            "dest": 10,
            "index": 1,
            "verb": "from",
            "id": "6_10"
        }
    ],
    "replacement_mapper": {},
    "sentences": [
        {
            "id": 0,
            "text": "Gelsemium can delete its dropper component from the targeted system.",
            "svos": [
                {
                    "sub": {
                        "start": 0,
                        "end": 9,
                        "text": "Gelsemium",
                        "id": 1,
                        "label": [
                            "ACTOR"
                        ],
                        "sent_index": 0,
                        "type": "subject",
                        "sub_label": [
                            "MALWARE"
                        ]
                    },
                    "verb": {
                        "negation": false,
                        "text": "delete",
                        "index": 2,
                        "flag": 0
                    },
                    "obj": {
                        "start": 25,
                        "end": 42,
                        "text": "dropper component",
                        "id": 6,
                        "verbs": [
                            "delete"
                        ],
                        "label": [
                            "FUNCTION"
                        ],
                        "sent_index": 0,
                        "type": "object"
                    }
                },
                {
                    "sub": {
                        "start": 25,
                        "end": 42,
                        "text": "dropper component",
                        "id": 6,
                        "verbs": [
                            "delete"
                        ],
                        "label": [
                            "FUNCTION"
                        ],
                        "sent_index": 0,
                        "type": "subject"
                    },
                    "verb": {
                        "negation": false,
                        "text": "from",
                        "index": 6,
                        "flag": 0
                    },
                    "obj": {
                        "start": 52,
                        "end": 67,
                        "text": "targeted system",
                        "id": 10,
                        "verbs": [
                            "from"
                        ],
                        "label": [
                            "COMPONENT"
                        ],
                        "sent_index": 0,
                        "type": "object"
                    }
                },
                {
                    "sub": {
                        "start": 0,
                        "end": 9,
                        "text": "Gelsemium",
                        "id": 1,
                        "label": [
                            "FUNCTION"
                        ],
                        "sent_index": 0,
                        "type": "subject"
                    },
                    "verb": {
                        "negation": false,
                        "text": "from",
                        "index": 6,
                        "flag": 0
                    },
                    "obj": {
                        "start": 52,
                        "end": 67,
                        "text": "targeted system",
                        "id": 10,
                        "verbs": [
                            "from"
                        ],
                        "label": [
                            "COMPONENT"
                        ],
                        "sent_index": 0,
                        "type": "object"
                    }
                }
            ]
        }
    ],
    "id": "relationship--27857b33-3c5d-4f27-9d61-d70da097fd84",
    "tech_id": "T1070.004",
    "location": [],
    "special_id": "T1070.004"
}