{
    "text": "Carberp has queued an APC routine to explorer.exe by calling ZwQueueApcThread.",
    "graph_nodes": [
        {
            "id": 1,
            "contracted": 0,
            "meta": {
                "start": 0,
                "end": 7,
                "text": "Carberp",
                "id": 1,
                "label": [
                    "ACTOR"
                ],
                "sent_index": 0,
                "type": "subject",
                "sub_label": [
                    "MALWARE"
                ]
            }
        },
        {
            "id": 6,
            "contracted": 0,
            "meta": {
                "start": 22,
                "end": 33,
                "text": "APC routine",
                "id": 6,
                "verbs": [
                    "queue"
                ],
                "label": [
                    "FUNCTION"
                ],
                "sent_index": 0,
                "type": "object"
            }
        },
        {
            "id": 8,
            "contracted": 0,
            "meta": {
                "start": 37,
                "end": 49,
                "text": "explorer.exe",
                "id": 8,
                "verbs": [
                    "to"
                ],
                "label": [
                    "FUNCTION"
                ],
                "sent_index": 0,
                "type": "object"
            }
        },
        {
            "id": 11,
            "contracted": 0,
            "meta": {
                "start": 61,
                "end": 77,
                "text": "ZwQueueApcThread",
                "id": 11,
                "verbs": [
                    "call"
                ],
                "label": [
                    "FUNCTION"
                ],
                "sent_index": 0,
                "type": "object"
            }
        }
    ],
    "graph_edges": [
        {
            "source": 1,
            "dest": 6,
            "index": 0,
            "verb": "queue",
            "id": "1_6"
        },
        {
            "source": 1,
            "dest": 8,
            "index": 2,
            "verb": "to",
            "id": "1_8"
        },
        {
            "source": 1,
            "dest": 11,
            "index": 3,
            "verb": "call",
            "id": "1_11"
        },
        {
            "source": 6,
            "dest": 8,
            "index": 1,
            "verb": "to",
            "id": "6_8"
        }
    ],
    "replacement_mapper": {},
    "sentences": [
        {
            "id": 0,
            "text": "Carberp has queued an APC routine to explorer.exe by calling ZwQueueApcThread.",
            "svos": [
                {
                    "sub": {
                        "start": 0,
                        "end": 7,
                        "text": "Carberp",
                        "id": 1,
                        "label": [
                            "ACTOR"
                        ],
                        "sent_index": 0,
                        "type": "subject",
                        "sub_label": [
                            "MALWARE"
                        ]
                    },
                    "verb": {
                        "negation": false,
                        "text": "queue",
                        "index": 2,
                        "flag": 0
                    },
                    "obj": {
                        "start": 22,
                        "end": 33,
                        "text": "APC routine",
                        "id": 6,
                        "verbs": [
                            "queue"
                        ],
                        "label": [
                            "FUNCTION"
                        ],
                        "sent_index": 0,
                        "type": "object"
                    }
                },
                {
                    "sub": {
                        "start": 22,
                        "end": 33,
                        "text": "APC routine",
                        "id": 6,
                        "verbs": [
                            "queue"
                        ],
                        "label": [
                            "FUNCTION"
                        ],
                        "sent_index": 0,
                        "type": "subject"
                    },
                    "verb": {
                        "negation": false,
                        "text": "to",
                        "index": 6,
                        "flag": 0
                    },
                    "obj": {
                        "start": 37,
                        "end": 49,
                        "text": "explorer.exe",
                        "id": 8,
                        "verbs": [
                            "to"
                        ],
                        "label": [
                            "FUNCTION"
                        ],
                        "sent_index": 0,
                        "type": "object"
                    }
                },
                {
                    "sub": {
                        "start": 0,
                        "end": 7,
                        "text": "Carberp",
                        "id": 1,
                        "label": [
                            "FUNCTION"
                        ],
                        "sent_index": 0,
                        "type": "subject"
                    },
                    "verb": {
                        "negation": false,
                        "text": "to",
                        "index": 6,
                        "flag": 0
                    },
                    "obj": {
                        "start": 37,
                        "end": 49,
                        "text": "explorer.exe",
                        "id": 8,
                        "verbs": [
                            "to"
                        ],
                        "label": [
                            "FUNCTION"
                        ],
                        "sent_index": 0,
                        "type": "object"
                    }
                },
                {
                    "sub": {
                        "start": 0,
                        "end": 7,
                        "text": "Carberp",
                        "id": 1,
                        "label": [
                            "FUNCTION"
                        ],
                        "sent_index": 0,
                        "type": "subject"
                    },
                    "verb": {
                        "negation": false,
                        "text": "call",
                        "index": 9,
                        "flag": 0
                    },
                    "obj": {
                        "start": 61,
                        "end": 77,
                        "text": "ZwQueueApcThread",
                        "id": 11,
                        "verbs": [
                            "call"
                        ],
                        "label": [
                            "FUNCTION"
                        ],
                        "sent_index": 0,
                        "type": "object"
                    }
                }
            ]
        }
    ],
    "id": "relationship--63a09269-0546-4613-b746-0e1f8dac7d5b",
    "tech_id": "T1055.004",
    "location": [],
    "special_id": "T1055.004"
}