{
    "text": "A version of KONNI searches for filenames created with a previous version of the malware, suggesting different versions targeted the same victims and the versions may work together.",
    "graph_nodes": [
        {
            "id": 2,
            "contracted": 0,
            "meta": {
                "start": 2,
                "end": 9,
                "text": "version",
                "id": 2,
                "label": [
                    "DATA"
                ],
                "sent_index": 0,
                "type": "subject"
            }
        },
        {
            "id": 4,
            "contracted": 0,
            "meta": {
                "start": 13,
                "end": 18,
                "text": "KONNI",
                "id": 4,
                "label": [
                    "FUNCTION"
                ],
                "sent_index": 0,
                "type": "object"
            }
        },
        {
            "id": 7,
            "contracted": 0,
            "meta": {
                "start": 32,
                "end": 41,
                "text": "filenames",
                "id": 7,
                "verbs": [
                    "search"
                ],
                "label": [
                    "DATA"
                ],
                "sent_index": 0,
                "type": "object"
            }
        },
        {
            "id": 12,
            "contracted": 0,
            "meta": {
                "start": 66,
                "end": 73,
                "text": "version",
                "id": 12,
                "verbs": [
                    "create"
                ],
                "label": [
                    "DATA"
                ],
                "sent_index": 0,
                "type": "object"
            }
        },
        {
            "id": 15,
            "contracted": 0,
            "meta": {
                "start": 81,
                "end": 88,
                "text": "malware",
                "id": 15,
                "label": [
                    "FUNCTION"
                ],
                "sent_index": 0,
                "type": "object"
            }
        },
        {
            "id": 19,
            "contracted": 0,
            "meta": {
                "start": 111,
                "end": 119,
                "text": "versions",
                "id": 19,
                "label": [
                    "DATA"
                ],
                "sent_index": 0,
                "type": "subject"
            }
        },
        {
            "id": 23,
            "contracted": 0,
            "meta": {
                "start": 138,
                "end": 145,
                "text": "victims",
                "id": 23,
                "verbs": [
                    "target"
                ],
                "label": [
                    "USER"
                ],
                "sent_index": 0,
                "type": "object"
            }
        }
    ],
    "graph_edges": [
        {
            "source": 2,
            "dest": 4,
            "index": 0,
            "verb": "of",
            "id": "2_4"
        },
        {
            "source": 2,
            "dest": 7,
            "index": 2,
            "verb": "for",
            "id": "2_7"
        },
        {
            "source": 7,
            "dest": 12,
            "index": 4,
            "verb": "create with",
            "id": "7_12"
        },
        {
            "source": 12,
            "dest": 15,
            "index": 5,
            "verb": "of",
            "id": "12_15"
        },
        {
            "source": 19,
            "dest": 23,
            "index": 6,
            "verb": "target",
            "id": "19_23"
        }
    ],
    "replacement_mapper": {},
    "sentences": [
        {
            "id": 0,
            "text": "A version of KONNI searches for filenames created with a previous version of the malware, suggesting different versions targeted the same victims and the versions may work together.",
            "svos": [
                {
                    "sub": {
                        "start": 2,
                        "end": 9,
                        "text": "version",
                        "id": 2,
                        "label": [
                            "DATA"
                        ],
                        "sent_index": 0,
                        "type": "subject"
                    },
                    "verb": {
                        "negation": false,
                        "text": "of",
                        "index": 2,
                        "flag": 0
                    },
                    "obj": {
                        "start": 13,
                        "end": 18,
                        "text": "KONNI",
                        "id": 4,
                        "label": [
                            "FUNCTION"
                        ],
                        "sent_index": 0,
                        "type": "object"
                    }
                },
                {
                    "sub": {
                        "start": 2,
                        "end": 9,
                        "text": "version",
                        "id": 2,
                        "label": [
                            "DATA"
                        ],
                        "sent_index": 0,
                        "type": "subject"
                    },
                    "verb": {
                        "negation": false,
                        "text": "search",
                        "index": 4,
                        "flag": 0
                    },
                    "obj": {
                        "start": 32,
                        "end": 41,
                        "text": "filenames",
                        "id": 7,
                        "verbs": [
                            "search"
                        ],
                        "label": [
                            "DATA"
                        ],
                        "sent_index": 0,
                        "type": "object"
                    }
                },
                {
                    "sub": {
                        "start": 2,
                        "end": 9,
                        "text": "version",
                        "id": 2,
                        "label": [
                            "DATA"
                        ],
                        "sent_index": 0,
                        "type": "subject"
                    },
                    "verb": {
                        "negation": false,
                        "text": "for",
                        "index": 5,
                        "flag": 0
                    },
                    "obj": {
                        "start": 32,
                        "end": 41,
                        "text": "filenames",
                        "id": 7,
                        "verbs": [
                            "search"
                        ],
                        "label": [
                            "DATA"
                        ],
                        "sent_index": 0,
                        "type": "object"
                    }
                },
                {
                    "sub": {
                        "start": 32,
                        "end": 41,
                        "text": "filenames",
                        "id": 7,
                        "verbs": [
                            "search"
                        ],
                        "label": [
                            "DATA"
                        ],
                        "sent_index": 0,
                        "type": "subject"
                    },
                    "verb": {
                        "negation": false,
                        "text": "create",
                        "index": 7,
                        "flag": 0
                    },
                    "obj": {
                        "start": 66,
                        "end": 73,
                        "text": "version",
                        "id": 12,
                        "verbs": [
                            "create"
                        ],
                        "label": [
                            "DATA"
                        ],
                        "sent_index": 0,
                        "type": "object"
                    }
                },
                {
                    "sub": {
                        "start": 32,
                        "end": 41,
                        "text": "filenames",
                        "id": 7,
                        "verbs": [
                            "search"
                        ],
                        "label": [
                            "DATA"
                        ],
                        "sent_index": 0,
                        "type": "subject"
                    },
                    "verb": {
                        "negation": false,
                        "text": "create with",
                        "index": 7,
                        "flag": 0
                    },
                    "obj": {
                        "start": 66,
                        "end": 73,
                        "text": "version",
                        "id": 12,
                        "verbs": [
                            "create with"
                        ],
                        "label": [
                            "DATA"
                        ],
                        "sent_index": 0,
                        "type": "object"
                    }
                },
                {
                    "sub": {
                        "start": 66,
                        "end": 73,
                        "text": "version",
                        "id": 12,
                        "verbs": [
                            "create"
                        ],
                        "label": [
                            "DATA"
                        ],
                        "sent_index": 0,
                        "type": "subject"
                    },
                    "verb": {
                        "negation": false,
                        "text": "of",
                        "index": 12,
                        "flag": 0
                    },
                    "obj": {
                        "start": 81,
                        "end": 88,
                        "text": "malware",
                        "id": 15,
                        "label": [
                            "FUNCTION"
                        ],
                        "sent_index": 0,
                        "type": "object"
                    }
                },
                {
                    "sub": {
                        "start": 111,
                        "end": 119,
                        "text": "versions",
                        "id": 19,
                        "label": [
                            "DATA"
                        ],
                        "sent_index": 0,
                        "type": "subject"
                    },
                    "verb": {
                        "negation": false,
                        "text": "target",
                        "index": 19,
                        "flag": 0
                    },
                    "obj": {
                        "start": 138,
                        "end": 145,
                        "text": "victims",
                        "id": 23,
                        "verbs": [
                            "target"
                        ],
                        "label": [
                            "USER"
                        ],
                        "sent_index": 0,
                        "type": "object"
                    }
                }
            ]
        }
    ],
    "id": "relationship--d4c9b3cb-44ca-47be-b10f-2371ef1c23df",
    "tech_id": "T1083",
    "location": [],
    "special_id": "T1083"
}