{
    "text": "Sibot has used WMI to discover network connections and configurations. Sibot has also used the Win32_Process class to execute a malicious DLL.",
    "graph_nodes": [
        {
            "id": 1,
            "contracted": 0,
            "meta": {
                "start": 0,
                "end": 5,
                "text": "Sibot",
                "id": 1,
                "label": [
                    "ACTOR"
                ],
                "sent_index": 0,
                "type": "subject",
                "ids": [
                    1,
                    1001
                ],
                "texts": [
                    "Sibot"
                ],
                "sub_label": [
                    "MALWARE"
                ]
            }
        },
        {
            "id": 4,
            "contracted": 0,
            "meta": {
                "start": 15,
                "end": 18,
                "text": "WMI",
                "id": 4,
                "verbs": [
                    "use"
                ],
                "label": [
                    "FUNCTION"
                ],
                "sent_index": 0,
                "type": "object"
            }
        },
        {
            "id": 8,
            "contracted": 0,
            "meta": {
                "start": 31,
                "end": 50,
                "text": "network connections",
                "id": 8,
                "verbs": [
                    "discover"
                ],
                "label": [
                    "NETWORK",
                    "DATA"
                ],
                "sent_index": 0,
                "type": "object",
                "texts": [
                    "configurations",
                    "network connections"
                ]
            }
        },
        {
            "id": 1007,
            "contracted": 0,
            "meta": {
                "start": 24,
                "end": 43,
                "text": "Win32_Process class",
                "id": 7,
                "verbs": [
                    "use"
                ],
                "label": [
                    "FUNCTION"
                ],
                "sent_index": 1,
                "type": "object"
            }
        },
        {
            "id": 1012,
            "contracted": 0,
            "meta": {
                "start": 67,
                "end": 70,
                "text": "DLL",
                "id": 12,
                "verbs": [
                    "execute"
                ],
                "label": [
                    "REGISTRY"
                ],
                "sent_index": 1,
                "type": "object"
            }
        }
    ],
    "graph_edges": [
        {
            "source": 1,
            "dest": 4,
            "index": 0,
            "verb": "use",
            "id": "1_4"
        },
        {
            "source": 1,
            "dest": 8,
            "index": 1,
            "verb": "discover",
            "id": "1_8"
        },
        {
            "source": 1,
            "dest": 1007,
            "index": 3,
            "verb": "use",
            "id": "1_1007"
        },
        {
            "source": 1,
            "dest": 1012,
            "index": 4,
            "verb": "execute",
            "id": "1_1012"
        }
    ],
    "replacement_mapper": {},
    "sentences": [
        {
            "id": 0,
            "text": "Sibot has used WMI to discover network connections and configurations.",
            "svos": [
                {
                    "sub": {
                        "start": 0,
                        "end": 5,
                        "text": "Sibot",
                        "id": 1,
                        "label": [
                            "ACTOR"
                        ],
                        "sent_index": 0,
                        "type": "subject",
                        "ids": [
                            1,
                            1001
                        ],
                        "texts": [
                            "Sibot"
                        ],
                        "sub_label": [
                            "MALWARE"
                        ]
                    },
                    "verb": {
                        "negation": false,
                        "text": "use",
                        "index": 2,
                        "flag": 0
                    },
                    "obj": {
                        "start": 15,
                        "end": 18,
                        "text": "WMI",
                        "id": 4,
                        "verbs": [
                            "use"
                        ],
                        "label": [
                            "FUNCTION"
                        ],
                        "sent_index": 0,
                        "type": "object"
                    }
                },
                {
                    "sub": {
                        "start": 0,
                        "end": 5,
                        "text": "Sibot",
                        "id": 1,
                        "label": [
                            "FUNCTION"
                        ],
                        "sent_index": 0,
                        "type": "subject"
                    },
                    "verb": {
                        "negation": false,
                        "text": "discover",
                        "index": 5,
                        "flag": 0
                    },
                    "obj": {
                        "start": 31,
                        "end": 50,
                        "text": "network connections",
                        "id": 8,
                        "verbs": [
                            "discover"
                        ],
                        "label": [
                            "NETWORK",
                            "DATA"
                        ],
                        "sent_index": 0,
                        "type": "object",
                        "texts": [
                            "configurations",
                            "network connections"
                        ]
                    }
                },
                {
                    "sub": {
                        "start": 0,
                        "end": 5,
                        "text": "Sibot",
                        "id": 1,
                        "label": [
                            "FUNCTION"
                        ],
                        "sent_index": 0,
                        "type": "subject"
                    },
                    "verb": {
                        "negation": false,
                        "text": "discover",
                        "index": 5,
                        "flag": 0
                    },
                    "obj": {
                        "start": 55,
                        "end": 69,
                        "text": "configurations",
                        "id": 10,
                        "verbs": [
                            "discover"
                        ],
                        "label": [
                            "DATA"
                        ],
                        "sent_index": 0,
                        "type": "object"
                    }
                }
            ]
        },
        {
            "id": 1,
            "text": "Sibot has also used the Win32_Process class to execute a malicious DLL.",
            "svos": [
                {
                    "sub": {
                        "start": 0,
                        "end": 5,
                        "text": "Sibot",
                        "id": 1,
                        "label": [
                            "FUNCTION"
                        ],
                        "sent_index": 1,
                        "type": "subject"
                    },
                    "verb": {
                        "negation": false,
                        "text": "use",
                        "index": 3,
                        "flag": 0
                    },
                    "obj": {
                        "start": 24,
                        "end": 43,
                        "text": "Win32_Process class",
                        "id": 7,
                        "verbs": [
                            "use"
                        ],
                        "label": [
                            "FUNCTION"
                        ],
                        "sent_index": 1,
                        "type": "object"
                    }
                },
                {
                    "sub": {
                        "start": 0,
                        "end": 5,
                        "text": "Sibot",
                        "id": 1,
                        "label": [
                            "FUNCTION"
                        ],
                        "sent_index": 1,
                        "type": "subject"
                    },
                    "verb": {
                        "negation": false,
                        "text": "execute",
                        "index": 8,
                        "flag": 0
                    },
                    "obj": {
                        "start": 67,
                        "end": 70,
                        "text": "DLL",
                        "id": 12,
                        "verbs": [
                            "execute"
                        ],
                        "label": [
                            "REGISTRY"
                        ],
                        "sent_index": 1,
                        "type": "object"
                    }
                }
            ]
        }
    ],
    "id": "relationship--6988baa7-1b48-4203-8020-7bb3fb38098d",
    "tech_id": "T1047",
    "location": [],
    "special_id": "T1047"
}