{
    "text": "FIN13 can identify user accounts associated with a Service Principal Name and query Service Principal Names within the domain by utilizing the following scripts: GetUserSPNs.vbs and querySpn.vbs.",
    "graph_nodes": [
        {
            "id": 1,
            "contracted": 0,
            "meta": {
                "start": 0,
                "end": 5,
                "text": "FIN13",
                "id": 1,
                "label": [
                    "OTHER"
                ],
                "sent_index": 0,
                "type": "subject"
            }
        },
        {
            "id": 5,
            "contracted": 0,
            "meta": {
                "start": 19,
                "end": 32,
                "text": "user accounts",
                "id": 5,
                "verbs": [
                    "identify"
                ],
                "label": [
                    "DATA"
                ],
                "sent_index": 0,
                "type": "object"
            }
        },
        {
            "id": 11,
            "contracted": 0,
            "meta": {
                "start": 51,
                "end": 73,
                "text": "Service Principal Name",
                "id": 11,
                "verbs": [
                    "associate"
                ],
                "label": [
                    "DATA"
                ],
                "sent_index": 0,
                "type": "object"
            }
        },
        {
            "id": 16,
            "contracted": 0,
            "meta": {
                "start": 84,
                "end": 107,
                "text": "Service Principal Names",
                "id": 16,
                "verbs": [
                    "query"
                ],
                "label": [
                    "DATA"
                ],
                "sent_index": 0,
                "type": "object"
            }
        },
        {
            "id": 19,
            "contracted": 0,
            "meta": {
                "start": 119,
                "end": 125,
                "text": "domain",
                "id": 19,
                "verbs": [
                    "within"
                ],
                "label": [
                    "NETWORK"
                ],
                "sent_index": 0,
                "type": "object"
            }
        },
        {
            "id": 24,
            "contracted": 0,
            "meta": {
                "start": 153,
                "end": 160,
                "text": "scripts",
                "id": 24,
                "verbs": [
                    "utilize"
                ],
                "label": [
                    "FUNCTION"
                ],
                "sent_index": 0,
                "type": "object"
            }
        },
        {
            "id": 26,
            "contracted": 0,
            "meta": {
                "start": 162,
                "end": 177,
                "text": "GetUserSPNs.vbs",
                "id": 26,
                "verbs": [
                    "utilize"
                ],
                "label": [
                    "FUNCTION"
                ],
                "sent_index": 0,
                "type": "object",
                "texts": [
                    "GetUserSPNs.vbs",
                    "querySpn.vbs"
                ]
            }
        }
    ],
    "graph_edges": [
        {
            "source": 1,
            "dest": 5,
            "index": 0,
            "verb": "identify",
            "id": "1_5"
        },
        {
            "source": 1,
            "dest": 16,
            "index": 3,
            "verb": "query",
            "id": "1_16"
        },
        {
            "source": 1,
            "dest": 19,
            "index": 5,
            "verb": "within",
            "id": "1_19"
        },
        {
            "source": 1,
            "dest": 24,
            "index": 6,
            "verb": "utilize",
            "id": "1_24"
        },
        {
            "source": 1,
            "dest": 26,
            "index": 7,
            "verb": "utilize",
            "id": "1_26"
        },
        {
            "source": 5,
            "dest": 11,
            "index": 2,
            "verb": "associate with",
            "id": "5_11"
        },
        {
            "source": 16,
            "dest": 19,
            "index": 4,
            "verb": "within",
            "id": "16_19"
        }
    ],
    "replacement_mapper": {},
    "sentences": [
        {
            "id": 0,
            "text": "FIN13 can identify user accounts associated with a Service Principal Name and query Service Principal Names within the domain by utilizing the following scripts: GetUserSPNs.vbs and querySpn.vbs.",
            "svos": [
                {
                    "sub": {
                        "start": 0,
                        "end": 5,
                        "text": "FIN13",
                        "id": 1,
                        "label": [
                            "OTHER"
                        ],
                        "sent_index": 0,
                        "type": "subject"
                    },
                    "verb": {
                        "negation": false,
                        "text": "identify",
                        "index": 2,
                        "flag": 0
                    },
                    "obj": {
                        "start": 19,
                        "end": 32,
                        "text": "user accounts",
                        "id": 5,
                        "verbs": [
                            "identify"
                        ],
                        "label": [
                            "DATA"
                        ],
                        "sent_index": 0,
                        "type": "object"
                    }
                },
                {
                    "sub": {
                        "start": 19,
                        "end": 32,
                        "text": "user accounts",
                        "id": 5,
                        "verbs": [
                            "identify"
                        ],
                        "label": [
                            "DATA"
                        ],
                        "sent_index": 0,
                        "type": "subject"
                    },
                    "verb": {
                        "negation": false,
                        "text": "associate",
                        "index": 5,
                        "flag": 0
                    },
                    "obj": {
                        "start": 51,
                        "end": 73,
                        "text": "Service Principal Name",
                        "id": 11,
                        "verbs": [
                            "associate"
                        ],
                        "label": [
                            "DATA"
                        ],
                        "sent_index": 0,
                        "type": "object"
                    }
                },
                {
                    "sub": {
                        "start": 19,
                        "end": 32,
                        "text": "user accounts",
                        "id": 5,
                        "verbs": [
                            "identify"
                        ],
                        "label": [
                            "DATA"
                        ],
                        "sent_index": 0,
                        "type": "subject"
                    },
                    "verb": {
                        "negation": false,
                        "text": "associate with",
                        "index": 5,
                        "flag": 0
                    },
                    "obj": {
                        "start": 51,
                        "end": 73,
                        "text": "Service Principal Name",
                        "id": 11,
                        "verbs": [
                            "associate with"
                        ],
                        "label": [
                            "DATA"
                        ],
                        "sent_index": 0,
                        "type": "object"
                    }
                },
                {
                    "sub": {
                        "start": 0,
                        "end": 5,
                        "text": "FIN13",
                        "id": 1,
                        "label": [
                            "OTHER"
                        ],
                        "sent_index": 0,
                        "type": "subject"
                    },
                    "verb": {
                        "negation": false,
                        "text": "query",
                        "index": 12,
                        "flag": 0
                    },
                    "obj": {
                        "start": 84,
                        "end": 107,
                        "text": "Service Principal Names",
                        "id": 16,
                        "verbs": [
                            "query"
                        ],
                        "label": [
                            "DATA"
                        ],
                        "sent_index": 0,
                        "type": "object"
                    }
                },
                {
                    "sub": {
                        "start": 84,
                        "end": 107,
                        "text": "Service Principal Names",
                        "id": 16,
                        "verbs": [
                            "query"
                        ],
                        "label": [
                            "DATA"
                        ],
                        "sent_index": 0,
                        "type": "subject"
                    },
                    "verb": {
                        "negation": false,
                        "text": "within",
                        "index": 16,
                        "flag": 0
                    },
                    "obj": {
                        "start": 119,
                        "end": 125,
                        "text": "domain",
                        "id": 19,
                        "verbs": [
                            "within"
                        ],
                        "label": [
                            "NETWORK"
                        ],
                        "sent_index": 0,
                        "type": "object"
                    }
                },
                {
                    "sub": {
                        "start": 0,
                        "end": 5,
                        "text": "FIN13",
                        "id": 1,
                        "label": [
                            "OTHER"
                        ],
                        "sent_index": 0,
                        "type": "subject"
                    },
                    "verb": {
                        "negation": false,
                        "text": "within",
                        "index": 16,
                        "flag": 0
                    },
                    "obj": {
                        "start": 119,
                        "end": 125,
                        "text": "domain",
                        "id": 19,
                        "verbs": [
                            "within"
                        ],
                        "label": [
                            "NETWORK"
                        ],
                        "sent_index": 0,
                        "type": "object"
                    }
                },
                {
                    "sub": {
                        "start": 0,
                        "end": 5,
                        "text": "FIN13",
                        "id": 1,
                        "label": [
                            "OTHER"
                        ],
                        "sent_index": 0,
                        "type": "subject"
                    },
                    "verb": {
                        "negation": false,
                        "text": "utilize",
                        "index": 20,
                        "flag": 0
                    },
                    "obj": {
                        "start": 153,
                        "end": 160,
                        "text": "scripts",
                        "id": 24,
                        "verbs": [
                            "utilize"
                        ],
                        "label": [
                            "FUNCTION"
                        ],
                        "sent_index": 0,
                        "type": "object"
                    }
                },
                {
                    "sub": {
                        "start": 0,
                        "end": 5,
                        "text": "FIN13",
                        "id": 1,
                        "label": [
                            "OTHER"
                        ],
                        "sent_index": 0,
                        "type": "subject"
                    },
                    "verb": {
                        "negation": false,
                        "text": "utilize",
                        "index": 20,
                        "flag": 0
                    },
                    "obj": {
                        "start": 162,
                        "end": 177,
                        "text": "GetUserSPNs.vbs",
                        "id": 26,
                        "verbs": [
                            "utilize"
                        ],
                        "label": [
                            "FUNCTION"
                        ],
                        "sent_index": 0,
                        "type": "object",
                        "texts": [
                            "GetUserSPNs.vbs",
                            "querySpn.vbs"
                        ]
                    }
                },
                {
                    "sub": {
                        "start": 0,
                        "end": 5,
                        "text": "FIN13",
                        "id": 1,
                        "label": [
                            "OTHER"
                        ],
                        "sent_index": 0,
                        "type": "subject"
                    },
                    "verb": {
                        "negation": false,
                        "text": "utilize",
                        "index": 20,
                        "flag": 0
                    },
                    "obj": {
                        "start": 182,
                        "end": 194,
                        "text": "querySpn.vbs",
                        "id": 28,
                        "verbs": [
                            "utilize"
                        ],
                        "label": [
                            "FUNCTION"
                        ],
                        "sent_index": 0,
                        "type": "object"
                    }
                }
            ]
        }
    ],
    "id": "relationship--16510fcf-70a0-4da5-9b80-f4772abca436",
    "tech_id": "T1087.002",
    "location": [],
    "special_id": "T1087.002"
}