{
    "text": "APT41 used WMI in several ways, such as for execution of commands by WMIEXEC as well as for persistence by PowerSploit.",
    "graph_nodes": [
        {
            "id": 1,
            "contracted": 0,
            "meta": {
                "start": 0,
                "end": 5,
                "text": "APT41",
                "id": 1,
                "label": [
                    "ACTOR"
                ],
                "sent_index": 0,
                "type": "subject",
                "texts": [
                    "APT41"
                ]
            }
        },
        {
            "id": 3,
            "contracted": 0,
            "meta": {
                "start": 11,
                "end": 14,
                "text": "WMI",
                "id": 3,
                "verbs": [
                    "use"
                ],
                "label": [
                    "FUNCTION"
                ],
                "sent_index": 0,
                "type": "object"
            }
        },
        {
            "id": 6,
            "contracted": 0,
            "meta": {
                "start": 26,
                "end": 30,
                "text": "ways",
                "id": 6,
                "label": [
                    "FUNCTION",
                    "OTHER"
                ],
                "sent_index": 0,
                "type": "object",
                "texts": [
                    "execution",
                    "ways"
                ]
            }
        },
        {
            "id": 10,
            "contracted": 0,
            "meta": {
                "text": "command",
                "start": 44,
                "end": 53,
                "id": 10,
                "verbs": [
                    "execute"
                ],
                "label": [
                    "FUNCTION"
                ],
                "sent_index": 0,
                "type": "object"
            }
        },
        {
            "id": 13,
            "contracted": 0,
            "meta": {
                "start": 57,
                "end": 65,
                "text": "commands",
                "id": 13,
                "label": [
                    "FUNCTION"
                ],
                "sent_index": 0,
                "type": "object"
            }
        },
        {
            "id": 15,
            "contracted": 0,
            "meta": {
                "start": 69,
                "end": 76,
                "text": "WMIEXEC",
                "id": 15,
                "verbs": [
                    "by"
                ],
                "label": [
                    "FUNCTION"
                ],
                "sent_index": 0,
                "type": "object"
            }
        },
        {
            "id": 22,
            "contracted": 0,
            "meta": {
                "start": 107,
                "end": 118,
                "text": "PowerSploit",
                "id": 22,
                "verbs": [
                    "by"
                ],
                "label": [
                    "FUNCTION"
                ],
                "sent_index": 0,
                "type": "object"
            }
        }
    ],
    "graph_edges": [
        {
            "source": 1,
            "dest": 3,
            "index": 0,
            "verb": "use",
            "id": "1_3"
        },
        {
            "source": 1,
            "dest": 6,
            "index": 2,
            "verb": "in",
            "id": "1_6"
        },
        {
            "source": 1,
            "dest": 10,
            "index": 4,
            "verb": "execute",
            "id": "1_10"
        },
        {
            "source": 3,
            "dest": 6,
            "index": 1,
            "verb": "in",
            "id": "3_6"
        },
        {
            "source": 6,
            "dest": 13,
            "index": 5,
            "verb": "of",
            "id": "6_13"
        },
        {
            "source": 6,
            "dest": 15,
            "index": 6,
            "verb": "by",
            "id": "6_15"
        }
    ],
    "replacement_mapper": {},
    "sentences": [
        {
            "id": 0,
            "text": "APT41 used WMI in several ways, such as for execution of commands by WMIEXEC as well as for persistence by PowerSploit.",
            "svos": [
                {
                    "sub": {
                        "start": 0,
                        "end": 5,
                        "text": "APT41",
                        "id": 1,
                        "label": [
                            "ACTOR"
                        ],
                        "sent_index": 0,
                        "type": "subject",
                        "texts": [
                            "APT41"
                        ]
                    },
                    "verb": {
                        "negation": false,
                        "text": "use",
                        "index": 1,
                        "flag": 0
                    },
                    "obj": {
                        "start": 11,
                        "end": 14,
                        "text": "WMI",
                        "id": 3,
                        "verbs": [
                            "use"
                        ],
                        "label": [
                            "FUNCTION"
                        ],
                        "sent_index": 0,
                        "type": "object"
                    }
                },
                {
                    "sub": {
                        "start": 11,
                        "end": 14,
                        "text": "WMI",
                        "id": 3,
                        "verbs": [
                            "use"
                        ],
                        "label": [
                            "FUNCTION"
                        ],
                        "sent_index": 0,
                        "type": "subject"
                    },
                    "verb": {
                        "negation": false,
                        "text": "in",
                        "index": 3,
                        "flag": 0
                    },
                    "obj": {
                        "start": 26,
                        "end": 30,
                        "text": "ways",
                        "id": 6,
                        "label": [
                            "FUNCTION",
                            "OTHER"
                        ],
                        "sent_index": 0,
                        "type": "object",
                        "texts": [
                            "execution",
                            "ways"
                        ]
                    }
                },
                {
                    "sub": {
                        "start": 0,
                        "end": 5,
                        "text": "APT41",
                        "id": 1,
                        "label": [
                            "ACTOR"
                        ],
                        "sent_index": 0,
                        "type": "subject"
                    },
                    "verb": {
                        "negation": false,
                        "text": "in",
                        "index": 3,
                        "flag": 0
                    },
                    "obj": {
                        "start": 26,
                        "end": 30,
                        "text": "ways",
                        "id": 6,
                        "label": [
                            "OTHER"
                        ],
                        "sent_index": 0,
                        "type": "object"
                    }
                },
                {
                    "sub": {
                        "start": 26,
                        "end": 30,
                        "text": "ways",
                        "id": 6,
                        "label": [
                            "OTHER"
                        ],
                        "sent_index": 0,
                        "type": "subject"
                    },
                    "verb": {
                        "negation": false,
                        "text": "as",
                        "index": 8,
                        "flag": 1
                    },
                    "obj": {
                        "start": 44,
                        "end": 53,
                        "text": "execution",
                        "id": 11,
                        "verbs": [
                            "as"
                        ],
                        "label": [
                            "FUNCTION"
                        ],
                        "sent_index": 0,
                        "type": "object"
                    }
                },
                {
                    "sub": {
                        "text": "ANY",
                        "start": 0,
                        "end": 0,
                        "label": [
                            "ACTOR"
                        ],
                        "id": 0,
                        "sent_index": 0,
                        "type": "subject"
                    },
                    "verb": {
                        "negation": false,
                        "text": "execute",
                        "index": 10,
                        "flag": 0
                    },
                    "obj": {
                        "text": "command",
                        "start": 44,
                        "end": 53,
                        "id": 10,
                        "verbs": [
                            "execute"
                        ],
                        "label": [
                            "FUNCTION"
                        ],
                        "sent_index": 0,
                        "type": "object"
                    }
                },
                {
                    "sub": {
                        "start": 44,
                        "end": 53,
                        "text": "execution",
                        "id": 11,
                        "verbs": [
                            "as"
                        ],
                        "label": [
                            "FUNCTION"
                        ],
                        "sent_index": 0,
                        "type": "subject"
                    },
                    "verb": {
                        "negation": false,
                        "text": "of",
                        "index": 11,
                        "flag": 0
                    },
                    "obj": {
                        "start": 57,
                        "end": 65,
                        "text": "commands",
                        "id": 13,
                        "label": [
                            "FUNCTION"
                        ],
                        "sent_index": 0,
                        "type": "object"
                    }
                },
                {
                    "sub": {
                        "start": 44,
                        "end": 53,
                        "text": "execution",
                        "id": 11,
                        "verbs": [
                            "as"
                        ],
                        "label": [
                            "FUNCTION"
                        ],
                        "sent_index": 0,
                        "type": "subject"
                    },
                    "verb": {
                        "negation": false,
                        "text": "by",
                        "index": 13,
                        "flag": 0
                    },
                    "obj": {
                        "start": 69,
                        "end": 76,
                        "text": "WMIEXEC",
                        "id": 15,
                        "verbs": [
                            "by"
                        ],
                        "label": [
                            "FUNCTION"
                        ],
                        "sent_index": 0,
                        "type": "object"
                    }
                },
                {
                    "sub": {
                        "start": 92,
                        "end": 103,
                        "text": "persistence",
                        "id": 20,
                        "label": [
                            "FUNCTION"
                        ],
                        "sent_index": 0,
                        "type": "subject"
                    },
                    "verb": {
                        "negation": false,
                        "text": "by",
                        "index": 20,
                        "flag": 0
                    },
                    "obj": {
                        "start": 107,
                        "end": 118,
                        "text": "PowerSploit",
                        "id": 22,
                        "verbs": [
                            "by"
                        ],
                        "label": [
                            "FUNCTION"
                        ],
                        "sent_index": 0,
                        "type": "object"
                    }
                }
            ]
        }
    ],
    "id": "relationship--f395cb28-5bc0-487e-b679-155ac785b7d9",
    "tech_id": "T1047",
    "location": [],
    "special_id": "T1047"
}