{
    "text": "SLOTHFULMEDIA has the capability to stop processes and services.",
    "graph_nodes": [
        {
            "id": 1,
            "contracted": 0,
            "meta": {
                "start": 0,
                "end": 13,
                "text": "SLOTHFULMEDIA",
                "id": 1,
                "label": [
                    "ACTOR"
                ],
                "sent_index": 0,
                "type": "subject",
                "sub_label": [
                    "MALWARE"
                ]
            }
        },
        {
            "id": 4,
            "contracted": 0,
            "meta": {
                "start": 22,
                "end": 32,
                "text": "capability",
                "id": 4,
                "verbs": [
                    "have"
                ],
                "label": [
                    "FUNCTION"
                ],
                "sent_index": 0,
                "type": "object"
            }
        },
        {
            "id": 7,
            "contracted": 0,
            "meta": {
                "start": 41,
                "end": 50,
                "text": "processes",
                "id": 7,
                "verbs": [
                    "stop"
                ],
                "label": [
                    "FUNCTION"
                ],
                "sent_index": 0,
                "type": "object",
                "texts": [
                    "services",
                    "processes"
                ]
            }
        }
    ],
    "graph_edges": [
        {
            "source": 1,
            "dest": 4,
            "index": 0,
            "verb": "have",
            "id": "1_4"
        },
        {
            "source": 4,
            "dest": 7,
            "index": 1,
            "verb": "stop",
            "id": "4_7"
        }
    ],
    "replacement_mapper": {},
    "sentences": [
        {
            "id": 0,
            "text": "SLOTHFULMEDIA has the capability to stop processes and services.",
            "svos": [
                {
                    "sub": {
                        "start": 0,
                        "end": 13,
                        "text": "SLOTHFULMEDIA",
                        "id": 1,
                        "label": [
                            "ACTOR"
                        ],
                        "sent_index": 0,
                        "type": "subject",
                        "sub_label": [
                            "MALWARE"
                        ]
                    },
                    "verb": {
                        "negation": false,
                        "text": "have",
                        "index": 1,
                        "flag": 0
                    },
                    "obj": {
                        "start": 22,
                        "end": 32,
                        "text": "capability",
                        "id": 4,
                        "verbs": [
                            "have"
                        ],
                        "label": [
                            "FUNCTION"
                        ],
                        "sent_index": 0,
                        "type": "object"
                    }
                },
                {
                    "sub": {
                        "start": 22,
                        "end": 32,
                        "text": "capability",
                        "id": 4,
                        "verbs": [
                            "have"
                        ],
                        "label": [
                            "FUNCTION"
                        ],
                        "sent_index": 0,
                        "type": "subject"
                    },
                    "verb": {
                        "negation": false,
                        "text": "stop",
                        "index": 5,
                        "flag": 0
                    },
                    "obj": {
                        "start": 41,
                        "end": 50,
                        "text": "processes",
                        "id": 7,
                        "verbs": [
                            "stop"
                        ],
                        "label": [
                            "FUNCTION"
                        ],
                        "sent_index": 0,
                        "type": "object",
                        "texts": [
                            "services",
                            "processes"
                        ]
                    }
                },
                {
                    "sub": {
                        "start": 22,
                        "end": 32,
                        "text": "capability",
                        "id": 4,
                        "verbs": [
                            "have"
                        ],
                        "label": [
                            "FUNCTION"
                        ],
                        "sent_index": 0,
                        "type": "subject"
                    },
                    "verb": {
                        "negation": false,
                        "text": "stop",
                        "index": 5,
                        "flag": 0
                    },
                    "obj": {
                        "start": 55,
                        "end": 63,
                        "text": "services",
                        "id": 9,
                        "verbs": [
                            "stop"
                        ],
                        "label": [
                            "FUNCTION"
                        ],
                        "sent_index": 0,
                        "type": "object"
                    }
                }
            ]
        }
    ],
    "id": "relationship--922cc16d-2242-477b-89db-1ba3d5176e12",
    "tech_id": "T1489",
    "location": [],
    "special_id": "T1489"
}