{
    "text": "CosmicDuke collects user credentials, such as passwords, for various programs including popular instant messaging applications and email clients as well as WLAN keys.",
    "graph_nodes": [
        {
            "id": 1,
            "contracted": 0,
            "meta": {
                "start": 0,
                "end": 10,
                "text": "CosmicDuke",
                "id": 1,
                "label": [
                    "ACTOR"
                ],
                "sent_index": 0,
                "type": "subject",
                "sub_label": [
                    "MALWARE"
                ]
            }
        },
        {
            "id": 4,
            "contracted": 0,
            "meta": {
                "start": 20,
                "end": 36,
                "text": "user credentials",
                "id": 4,
                "verbs": [
                    "collect"
                ],
                "label": [
                    "DATA"
                ],
                "sent_index": 0,
                "type": "object",
                "texts": [
                    "user credentials",
                    "passwords"
                ]
            }
        },
        {
            "id": 12,
            "contracted": 0,
            "meta": {
                "start": 69,
                "end": 77,
                "text": "programs",
                "id": 12,
                "label": [
                    "FUNCTION",
                    "DATA"
                ],
                "sent_index": 0,
                "type": "object",
                "texts": [
                    "programs",
                    "WLAN keys"
                ]
            }
        }
    ],
    "graph_edges": [
        {
            "source": 1,
            "dest": 4,
            "index": 0,
            "verb": "collect",
            "id": "1_4"
        },
        {
            "source": 4,
            "dest": 12,
            "index": 2,
            "verb": "for",
            "id": "4_12"
        }
    ],
    "replacement_mapper": {},
    "sentences": [
        {
            "id": 0,
            "text": "CosmicDuke collects user credentials, such as passwords, for various programs including popular instant messaging applications and email clients as well as WLAN keys.",
            "svos": [
                {
                    "sub": {
                        "start": 0,
                        "end": 10,
                        "text": "CosmicDuke",
                        "id": 1,
                        "label": [
                            "ACTOR"
                        ],
                        "sent_index": 0,
                        "type": "subject",
                        "sub_label": [
                            "MALWARE"
                        ]
                    },
                    "verb": {
                        "negation": false,
                        "text": "collect",
                        "index": 1,
                        "flag": 0
                    },
                    "obj": {
                        "start": 20,
                        "end": 36,
                        "text": "user credentials",
                        "id": 4,
                        "verbs": [
                            "collect"
                        ],
                        "label": [
                            "DATA"
                        ],
                        "sent_index": 0,
                        "type": "object",
                        "texts": [
                            "user credentials",
                            "passwords"
                        ]
                    }
                },
                {
                    "sub": {
                        "start": 20,
                        "end": 36,
                        "text": "user credentials",
                        "id": 4,
                        "verbs": [
                            "collect"
                        ],
                        "label": [
                            "DATA"
                        ],
                        "sent_index": 0,
                        "type": "subject"
                    },
                    "verb": {
                        "negation": false,
                        "text": "as",
                        "index": 6,
                        "flag": 1
                    },
                    "obj": {
                        "start": 46,
                        "end": 55,
                        "text": "passwords",
                        "id": 8,
                        "verbs": [
                            "as"
                        ],
                        "label": [
                            "DATA"
                        ],
                        "sent_index": 0,
                        "type": "object"
                    }
                },
                {
                    "sub": {
                        "start": 20,
                        "end": 36,
                        "text": "user credentials",
                        "id": 4,
                        "verbs": [
                            "collect"
                        ],
                        "label": [
                            "DATA"
                        ],
                        "sent_index": 0,
                        "type": "subject"
                    },
                    "verb": {
                        "negation": false,
                        "text": "for",
                        "index": 9,
                        "flag": 0
                    },
                    "obj": {
                        "start": 69,
                        "end": 77,
                        "text": "programs",
                        "id": 12,
                        "label": [
                            "FUNCTION",
                            "DATA"
                        ],
                        "sent_index": 0,
                        "type": "object",
                        "texts": [
                            "programs",
                            "WLAN keys"
                        ]
                    }
                },
                {
                    "sub": {
                        "start": 20,
                        "end": 36,
                        "text": "user credentials",
                        "id": 4,
                        "verbs": [
                            "collect"
                        ],
                        "label": [
                            "DATA"
                        ],
                        "sent_index": 0,
                        "type": "subject"
                    },
                    "verb": {
                        "negation": false,
                        "text": "for",
                        "index": 9,
                        "flag": 0
                    },
                    "obj": {
                        "start": 156,
                        "end": 165,
                        "text": "WLAN keys",
                        "id": 25,
                        "label": [
                            "DATA"
                        ],
                        "sent_index": 0,
                        "type": "object"
                    }
                }
            ]
        }
    ],
    "id": "relationship--4d7add6f-ebd5-477f-9958-a5176835da2e",
    "tech_id": "T1555",
    "location": [],
    "special_id": "T1555"
}