{
    "text": "APT3 has a tool that can obtain information about the local system.",
    "graph_nodes": [
        {
            "id": 1,
            "contracted": 0,
            "meta": {
                "start": 0,
                "end": 4,
                "text": "APT3",
                "id": 1,
                "label": [
                    "ACTOR"
                ],
                "sent_index": 0,
                "type": "subject"
            }
        },
        {
            "id": 4,
            "contracted": 0,
            "meta": {
                "start": 11,
                "end": 15,
                "text": "tool",
                "id": 4,
                "verbs": [
                    "have"
                ],
                "label": [
                    "FUNCTION"
                ],
                "sent_index": 0,
                "type": "object"
            }
        },
        {
            "id": 8,
            "contracted": 0,
            "meta": {
                "start": 32,
                "end": 43,
                "text": "information",
                "id": 8,
                "verbs": [
                    "obtain"
                ],
                "label": [
                    "DATA"
                ],
                "sent_index": 0,
                "type": "object"
            }
        },
        {
            "id": 12,
            "contracted": 0,
            "meta": {
                "start": 54,
                "end": 66,
                "text": "local system",
                "id": 12,
                "verbs": [
                    "about"
                ],
                "label": [
                    "COMPONENT"
                ],
                "sent_index": 0,
                "type": "object"
            }
        }
    ],
    "graph_edges": [
        {
            "source": 1,
            "dest": 4,
            "index": 0,
            "verb": "have",
            "id": "1_4"
        },
        {
            "source": 4,
            "dest": 8,
            "index": 1,
            "verb": "obtain",
            "id": "4_8"
        },
        {
            "source": 8,
            "dest": 12,
            "index": 2,
            "verb": "about",
            "id": "8_12"
        }
    ],
    "replacement_mapper": {},
    "sentences": [
        {
            "id": 0,
            "text": "APT3 has a tool that can obtain information about the local system.",
            "svos": [
                {
                    "sub": {
                        "start": 0,
                        "end": 4,
                        "text": "APT3",
                        "id": 1,
                        "label": [
                            "ACTOR"
                        ],
                        "sent_index": 0,
                        "type": "subject"
                    },
                    "verb": {
                        "negation": false,
                        "text": "have",
                        "index": 1,
                        "flag": 0
                    },
                    "obj": {
                        "start": 11,
                        "end": 15,
                        "text": "tool",
                        "id": 4,
                        "verbs": [
                            "have"
                        ],
                        "label": [
                            "FUNCTION"
                        ],
                        "sent_index": 0,
                        "type": "object"
                    }
                },
                {
                    "sub": {
                        "start": 11,
                        "end": 15,
                        "text": "tool",
                        "id": 4,
                        "verbs": [
                            "have"
                        ],
                        "label": [
                            "FUNCTION"
                        ],
                        "sent_index": 0,
                        "type": "subject"
                    },
                    "verb": {
                        "negation": false,
                        "text": "obtain",
                        "index": 6,
                        "flag": 0
                    },
                    "obj": {
                        "start": 32,
                        "end": 43,
                        "text": "information",
                        "id": 8,
                        "verbs": [
                            "obtain"
                        ],
                        "label": [
                            "DATA"
                        ],
                        "sent_index": 0,
                        "type": "object"
                    }
                },
                {
                    "sub": {
                        "start": 32,
                        "end": 43,
                        "text": "information",
                        "id": 8,
                        "verbs": [
                            "obtain"
                        ],
                        "label": [
                            "DATA"
                        ],
                        "sent_index": 0,
                        "type": "subject"
                    },
                    "verb": {
                        "negation": false,
                        "text": "about",
                        "index": 8,
                        "flag": 0
                    },
                    "obj": {
                        "start": 54,
                        "end": 66,
                        "text": "local system",
                        "id": 12,
                        "verbs": [
                            "about"
                        ],
                        "label": [
                            "COMPONENT"
                        ],
                        "sent_index": 0,
                        "type": "object"
                    }
                }
            ]
        }
    ],
    "id": "relationship--b0791504-fc65-402b-bc47-bd96ed4abea1",
    "tech_id": "T1082",
    "location": [],
    "special_id": "T1082"
}