{
    "text": "OilRig has sent spearphising emails with malicious attachments to potential victims using compromised and/or spoofed email accounts.",
    "graph_nodes": [
        {
            "id": 1,
            "contracted": 0,
            "meta": {
                "start": 0,
                "end": 6,
                "text": "OilRig",
                "id": 1,
                "label": [
                    "ACTOR"
                ],
                "sent_index": 0,
                "type": "subject"
            }
        },
        {
            "id": 5,
            "contracted": 0,
            "meta": {
                "start": 16,
                "end": 35,
                "text": "spearphising emails",
                "id": 5,
                "verbs": [
                    "send"
                ],
                "label": [
                    "NETWORK"
                ],
                "sent_index": 0,
                "type": "object"
            }
        },
        {
            "id": 8,
            "contracted": 0,
            "meta": {
                "start": 51,
                "end": 62,
                "text": "attachments",
                "id": 8,
                "verbs": [
                    "with"
                ],
                "label": [
                    "DATA"
                ],
                "sent_index": 0,
                "type": "object"
            }
        },
        {
            "id": 11,
            "contracted": 0,
            "meta": {
                "start": 66,
                "end": 83,
                "text": "potential victims",
                "id": 11,
                "verbs": [
                    "to"
                ],
                "label": [
                    "USER"
                ],
                "sent_index": 0,
                "type": "object"
            }
        },
        {
            "id": 17,
            "contracted": 0,
            "meta": {
                "start": 90,
                "end": 131,
                "text": "compromised and/or spoofed email accounts",
                "id": 17,
                "verbs": [
                    "use"
                ],
                "label": [
                    "DATA"
                ],
                "sent_index": 0,
                "type": "object"
            }
        }
    ],
    "graph_edges": [
        {
            "source": 1,
            "dest": 5,
            "index": 0,
            "verb": "send",
            "id": "1_5"
        },
        {
            "source": 1,
            "dest": 17,
            "index": 3,
            "verb": "use",
            "id": "1_17"
        },
        {
            "source": 5,
            "dest": 8,
            "index": 1,
            "verb": "with",
            "id": "5_8"
        },
        {
            "source": 5,
            "dest": 11,
            "index": 2,
            "verb": "to",
            "id": "5_11"
        }
    ],
    "replacement_mapper": {},
    "sentences": [
        {
            "id": 0,
            "text": "OilRig has sent spearphising emails with malicious attachments to potential victims using compromised and/or spoofed email accounts.",
            "svos": [
                {
                    "sub": {
                        "start": 0,
                        "end": 6,
                        "text": "OilRig",
                        "id": 1,
                        "label": [
                            "ACTOR"
                        ],
                        "sent_index": 0,
                        "type": "subject"
                    },
                    "verb": {
                        "negation": false,
                        "text": "send",
                        "index": 2,
                        "flag": 0
                    },
                    "obj": {
                        "start": 16,
                        "end": 35,
                        "text": "spearphising emails",
                        "id": 5,
                        "verbs": [
                            "send"
                        ],
                        "label": [
                            "NETWORK"
                        ],
                        "sent_index": 0,
                        "type": "object"
                    }
                },
                {
                    "sub": {
                        "start": 16,
                        "end": 35,
                        "text": "spearphising emails",
                        "id": 5,
                        "verbs": [
                            "send"
                        ],
                        "label": [
                            "NETWORK"
                        ],
                        "sent_index": 0,
                        "type": "subject"
                    },
                    "verb": {
                        "negation": false,
                        "text": "with",
                        "index": 5,
                        "flag": 0
                    },
                    "obj": {
                        "start": 51,
                        "end": 62,
                        "text": "attachments",
                        "id": 8,
                        "verbs": [
                            "with"
                        ],
                        "label": [
                            "DATA"
                        ],
                        "sent_index": 0,
                        "type": "object"
                    }
                },
                {
                    "sub": {
                        "start": 16,
                        "end": 35,
                        "text": "spearphising emails",
                        "id": 5,
                        "verbs": [
                            "send"
                        ],
                        "label": [
                            "NETWORK"
                        ],
                        "sent_index": 0,
                        "type": "subject"
                    },
                    "verb": {
                        "negation": false,
                        "text": "to",
                        "index": 8,
                        "flag": 0
                    },
                    "obj": {
                        "start": 66,
                        "end": 83,
                        "text": "potential victims",
                        "id": 11,
                        "verbs": [
                            "to"
                        ],
                        "label": [
                            "USER"
                        ],
                        "sent_index": 0,
                        "type": "object"
                    }
                },
                {
                    "sub": {
                        "start": 0,
                        "end": 6,
                        "text": "OilRig",
                        "id": 1,
                        "label": [
                            "ACTOR"
                        ],
                        "sent_index": 0,
                        "type": "subject"
                    },
                    "verb": {
                        "negation": false,
                        "text": "use",
                        "index": 11,
                        "flag": 0
                    },
                    "obj": {
                        "start": 90,
                        "end": 131,
                        "text": "compromised and/or spoofed email accounts",
                        "id": 17,
                        "verbs": [
                            "use"
                        ],
                        "label": [
                            "DATA"
                        ],
                        "sent_index": 0,
                        "type": "object"
                    }
                }
            ]
        }
    ],
    "id": "relationship--a025d011-6e46-4d3a-a9f7-31324027b7cf",
    "tech_id": "T1566.001",
    "location": [],
    "special_id": "T1566.001"
}