{
    "text": "Some variants of Cherry Picker use AppInit_DLLs to achieve persistence by creating the following Registry key: ENTITY0",
    "graph_nodes": [
        {
            "id": 2,
            "contracted": 0,
            "meta": {
                "start": 5,
                "end": 13,
                "text": "variants",
                "id": 2,
                "label": [
                    "FUNCTION"
                ],
                "sent_index": 0,
                "type": "subject"
            }
        },
        {
            "id": 5,
            "contracted": 0,
            "meta": {
                "start": 17,
                "end": 30,
                "text": "Cherry Picker",
                "id": 5,
                "label": [
                    "FUNCTION"
                ],
                "sent_index": 0,
                "type": "object"
            }
        },
        {
            "id": 7,
            "contracted": 0,
            "meta": {
                "start": 35,
                "end": 47,
                "text": "AppInit_DLLs",
                "id": 7,
                "verbs": [
                    "use"
                ],
                "label": [
                    "FUNCTION"
                ],
                "sent_index": 0,
                "type": "object"
            }
        },
        {
            "id": 16,
            "contracted": 0,
            "meta": {
                "start": 97,
                "end": 109,
                "text": "Registry key",
                "id": 16,
                "verbs": [
                    "create"
                ],
                "label": [
                    "REGISTRY"
                ],
                "sent_index": 0,
                "type": "object"
            }
        },
        {
            "id": 18,
            "contracted": 0,
            "meta": {
                "start": 111,
                "end": 118,
                "text": "HKEY_LOCAL_MACHINE\\SOFTWARE\\Microsoft\\WindowsNT\\CurrentVersion\\Windows \"AppInit_DLLs\"=\"pserver32.dll\"",
                "id": 18,
                "verbs": [
                    "create"
                ],
                "label": [
                    "REGISTRY"
                ],
                "sent_index": 0,
                "type": "object"
            }
        }
    ],
    "graph_edges": [
        {
            "source": 2,
            "dest": 5,
            "index": 0,
            "verb": "of",
            "id": "2_5"
        },
        {
            "source": 2,
            "dest": 7,
            "index": 1,
            "verb": "use",
            "id": "2_7"
        },
        {
            "source": 2,
            "dest": 16,
            "index": 3,
            "verb": "create",
            "id": "2_16"
        },
        {
            "source": 2,
            "dest": 18,
            "index": 4,
            "verb": "create",
            "id": "2_18"
        }
    ],
    "replacement_mapper": {
        "ENTITY0": {
            "text": "HKEY_LOCAL_MACHINE\\SOFTWARE\\Microsoft\\WindowsNT\\CurrentVersion\\Windows \"AppInit_DLLs\"=\"pserver32.dll\"",
            "label": "REGISTRY"
        }
    },
    "sentences": [
        {
            "id": 0,
            "text": "Some variants of Cherry Picker use AppInit_DLLs to achieve persistence by creating the following Registry key: HKEY_LOCAL_MACHINE\\SOFTWARE\\Microsoft\\WindowsNT\\CurrentVersion\\Windows \"AppInit_DLLs\"=\"pserver32.dll\"",
            "svos": [
                {
                    "sub": {
                        "start": 5,
                        "end": 13,
                        "text": "variants",
                        "id": 2,
                        "label": [
                            "FUNCTION"
                        ],
                        "sent_index": 0,
                        "type": "subject"
                    },
                    "verb": {
                        "negation": false,
                        "text": "of",
                        "index": 2,
                        "flag": 0
                    },
                    "obj": {
                        "start": 17,
                        "end": 30,
                        "text": "Cherry Picker",
                        "id": 5,
                        "label": [
                            "FUNCTION"
                        ],
                        "sent_index": 0,
                        "type": "object"
                    }
                },
                {
                    "sub": {
                        "start": 5,
                        "end": 13,
                        "text": "variants",
                        "id": 2,
                        "label": [
                            "FUNCTION"
                        ],
                        "sent_index": 0,
                        "type": "subject"
                    },
                    "verb": {
                        "negation": false,
                        "text": "use",
                        "index": 5,
                        "flag": 0
                    },
                    "obj": {
                        "start": 35,
                        "end": 47,
                        "text": "AppInit_DLLs",
                        "id": 7,
                        "verbs": [
                            "use"
                        ],
                        "label": [
                            "FUNCTION"
                        ],
                        "sent_index": 0,
                        "type": "object"
                    }
                },
                {
                    "sub": {
                        "start": 5,
                        "end": 13,
                        "text": "variants",
                        "id": 2,
                        "label": [
                            "FUNCTION"
                        ],
                        "sent_index": 0,
                        "type": "subject"
                    },
                    "verb": {
                        "negation": false,
                        "text": "achieve",
                        "index": 8,
                        "flag": 0
                    },
                    "obj": {
                        "start": 59,
                        "end": 70,
                        "text": "persistence",
                        "id": 10,
                        "verbs": [
                            "achieve"
                        ],
                        "label": [
                            "FUNCTION"
                        ],
                        "sent_index": 0,
                        "type": "object"
                    }
                },
                {
                    "sub": {
                        "start": 5,
                        "end": 13,
                        "text": "variants",
                        "id": 2,
                        "label": [
                            "FUNCTION"
                        ],
                        "sent_index": 0,
                        "type": "subject"
                    },
                    "verb": {
                        "negation": false,
                        "text": "create",
                        "index": 11,
                        "flag": 0
                    },
                    "obj": {
                        "start": 97,
                        "end": 109,
                        "text": "Registry key",
                        "id": 16,
                        "verbs": [
                            "create"
                        ],
                        "label": [
                            "REGISTRY"
                        ],
                        "sent_index": 0,
                        "type": "object"
                    }
                },
                {
                    "sub": {
                        "start": 5,
                        "end": 13,
                        "text": "variants",
                        "id": 2,
                        "label": [
                            "FUNCTION"
                        ],
                        "sent_index": 0,
                        "type": "subject"
                    },
                    "verb": {
                        "negation": false,
                        "text": "create",
                        "index": 11,
                        "flag": 0
                    },
                    "obj": {
                        "start": 111,
                        "end": 118,
                        "text": "HKEY_LOCAL_MACHINE\\SOFTWARE\\Microsoft\\WindowsNT\\CurrentVersion\\Windows \"AppInit_DLLs\"=\"pserver32.dll\"",
                        "id": 18,
                        "verbs": [
                            "create"
                        ],
                        "label": [
                            "REGISTRY"
                        ],
                        "sent_index": 0,
                        "type": "object"
                    }
                }
            ]
        }
    ],
    "id": "relationship--cb4af413-9bd7-4f1a-a693-57d11ffccbf5",
    "tech_id": "T1546.010",
    "location": [],
    "special_id": "T1546.010"
}