{
    "text": "PoisonIvy creates a backdoor by which remote attackers can upload files.",
    "graph_nodes": [
        {
            "id": 1,
            "contracted": 0,
            "meta": {
                "start": 0,
                "end": 9,
                "text": "PoisonIvy",
                "id": 1,
                "label": [
                    "ACTOR"
                ],
                "sent_index": 0,
                "type": "subject",
                "sub_label": [
                    "MALWARE"
                ]
            }
        },
        {
            "id": 4,
            "contracted": 0,
            "meta": {
                "start": 20,
                "end": 28,
                "text": "backdoor",
                "id": 4,
                "verbs": [
                    "create"
                ],
                "label": [
                    "FUNCTION"
                ],
                "sent_index": 0,
                "type": "object"
            }
        },
        {
            "id": 6,
            "contracted": 0,
            "meta": {
                "start": 32,
                "end": 37,
                "text": "which",
                "id": 6,
                "verbs": [
                    "use"
                ],
                "label": [
                    "OTHER"
                ],
                "sent_index": 0,
                "type": "object"
            }
        },
        {
            "id": 8,
            "contracted": 0,
            "meta": {
                "start": 38,
                "end": 54,
                "text": "remote attackers",
                "id": 8,
                "label": [
                    "ACTOR"
                ],
                "sent_index": 0,
                "type": "subject"
            }
        },
        {
            "id": 11,
            "contracted": 0,
            "meta": {
                "start": 66,
                "end": 71,
                "text": "files",
                "id": 11,
                "verbs": [
                    "upload"
                ],
                "label": [
                    "DATA"
                ],
                "sent_index": 0,
                "type": "object"
            }
        }
    ],
    "graph_edges": [
        {
            "source": 8,
            "dest": 6,
            "index": 2,
            "verb": "by",
            "id": "8_6"
        },
        {
            "source": 8,
            "dest": 11,
            "index": 3,
            "verb": "upload",
            "id": "8_11"
        },
        {
            "source": 1,
            "dest": 4,
            "index": 1,
            "verb": "create",
            "id": "1_4"
        }
    ],
    "replacement_mapper": {},
    "sentences": [
        {
            "id": 0,
            "text": "PoisonIvy creates a backdoor by which remote attackers can upload files.",
            "svos": [
                {
                    "sub": {
                        "start": 38,
                        "end": 54,
                        "text": "remote attackers",
                        "id": 8,
                        "label": [
                            "ACTOR"
                        ],
                        "sent_index": 0,
                        "type": "subject"
                    },
                    "verb": {
                        "negation": false,
                        "text": "use",
                        "index": -1,
                        "flag": 0
                    },
                    "obj": {
                        "start": 32,
                        "end": 37,
                        "text": "which",
                        "id": 6,
                        "verbs": [
                            "use"
                        ],
                        "label": [
                            "OTHER"
                        ],
                        "sent_index": 0,
                        "type": "object"
                    }
                },
                {
                    "sub": {
                        "start": 0,
                        "end": 9,
                        "text": "PoisonIvy",
                        "id": 1,
                        "label": [
                            "ACTOR"
                        ],
                        "sent_index": 0,
                        "type": "subject",
                        "sub_label": [
                            "MALWARE"
                        ]
                    },
                    "verb": {
                        "negation": false,
                        "text": "create",
                        "index": 1,
                        "flag": 0
                    },
                    "obj": {
                        "start": 20,
                        "end": 28,
                        "text": "backdoor",
                        "id": 4,
                        "verbs": [
                            "create"
                        ],
                        "label": [
                            "FUNCTION"
                        ],
                        "sent_index": 0,
                        "type": "object"
                    }
                },
                {
                    "sub": {
                        "start": 38,
                        "end": 54,
                        "text": "remote attackers",
                        "id": 8,
                        "label": [
                            "ACTOR"
                        ],
                        "sent_index": 0,
                        "type": "subject"
                    },
                    "verb": {
                        "negation": false,
                        "text": "by",
                        "index": 4,
                        "flag": 0
                    },
                    "obj": {
                        "start": 32,
                        "end": 37,
                        "text": "which",
                        "id": 6,
                        "verbs": [
                            "by"
                        ],
                        "label": [
                            "OTHER"
                        ],
                        "sent_index": 0,
                        "type": "object"
                    }
                },
                {
                    "sub": {
                        "start": 38,
                        "end": 54,
                        "text": "remote attackers",
                        "id": 8,
                        "label": [
                            "ACTOR"
                        ],
                        "sent_index": 0,
                        "type": "subject"
                    },
                    "verb": {
                        "negation": false,
                        "text": "upload",
                        "index": 9,
                        "flag": 0
                    },
                    "obj": {
                        "start": 66,
                        "end": 71,
                        "text": "files",
                        "id": 11,
                        "verbs": [
                            "upload"
                        ],
                        "label": [
                            "DATA"
                        ],
                        "sent_index": 0,
                        "type": "object"
                    }
                }
            ]
        }
    ],
    "id": "relationship--ae7b632b-bb15-4807-be21-bdfff70f4f2e",
    "tech_id": "T1105",
    "location": [],
    "special_id": "T1105"
}