{
    "text": "Once APT28 gained access to the DCCC network, the group then proceeded to use that access to compromise the DNC network.",
    "graph_nodes": [
        {
            "id": 2,
            "contracted": 0,
            "meta": {
                "start": 5,
                "end": 10,
                "text": "APT28",
                "id": 2,
                "label": [
                    "ACTOR"
                ],
                "sent_index": 0,
                "type": "subject"
            }
        },
        {
            "id": 4,
            "contracted": 0,
            "meta": {
                "start": 18,
                "end": 24,
                "text": "access",
                "id": 4,
                "verbs": [
                    "gain"
                ],
                "label": [
                    "DATA"
                ],
                "sent_index": 0,
                "type": "subject"
            }
        },
        {
            "id": 8,
            "contracted": 0,
            "meta": {
                "start": 32,
                "end": 44,
                "text": "DCCC network",
                "id": 8,
                "verbs": [
                    "to"
                ],
                "label": [
                    "NETWORK"
                ],
                "sent_index": 0,
                "type": "object"
            }
        },
        {
            "id": 11,
            "contracted": 0,
            "meta": {
                "start": 50,
                "end": 55,
                "text": "group",
                "id": 11,
                "label": [
                    "OTHER"
                ],
                "sent_index": 0,
                "type": "subject"
            }
        },
        {
            "id": 17,
            "contracted": 0,
            "meta": {
                "start": 83,
                "end": 89,
                "text": "access",
                "id": 17,
                "verbs": [
                    "use"
                ],
                "label": [
                    "DATA"
                ],
                "sent_index": 0,
                "type": "object"
            }
        },
        {
            "id": 22,
            "contracted": 0,
            "meta": {
                "start": 108,
                "end": 119,
                "text": "DNC network",
                "id": 22,
                "verbs": [
                    "compromise"
                ],
                "label": [
                    "NETWORK"
                ],
                "sent_index": 0,
                "type": "object"
            }
        }
    ],
    "graph_edges": [
        {
            "source": 4,
            "dest": 8,
            "index": 0,
            "verb": "to",
            "id": "4_8"
        },
        {
            "source": 2,
            "dest": 4,
            "index": 1,
            "verb": "gain",
            "id": "2_4"
        },
        {
            "source": 11,
            "dest": 17,
            "index": 2,
            "verb": "use",
            "id": "11_17"
        },
        {
            "source": 11,
            "dest": 22,
            "index": 3,
            "verb": "compromise",
            "id": "11_22"
        }
    ],
    "replacement_mapper": {},
    "sentences": [
        {
            "id": 0,
            "text": "Once APT28 gained access to the DCCC network, the group then proceeded to use that access to compromise the DNC network.",
            "svos": [
                {
                    "sub": {
                        "start": 18,
                        "end": 24,
                        "text": "access",
                        "id": 4,
                        "verbs": [
                            "gain"
                        ],
                        "label": [
                            "DATA"
                        ],
                        "sent_index": 0,
                        "type": "subject"
                    },
                    "verb": {
                        "negation": false,
                        "text": "to",
                        "index": 4,
                        "flag": 0
                    },
                    "obj": {
                        "start": 32,
                        "end": 44,
                        "text": "DCCC network",
                        "id": 8,
                        "verbs": [
                            "to"
                        ],
                        "label": [
                            "NETWORK"
                        ],
                        "sent_index": 0,
                        "type": "object"
                    }
                },
                {
                    "sub": {
                        "start": 5,
                        "end": 10,
                        "text": "APT28",
                        "id": 2,
                        "label": [
                            "ACTOR"
                        ],
                        "sent_index": 0,
                        "type": "subject"
                    },
                    "verb": {
                        "negation": false,
                        "text": "gain",
                        "index": 11,
                        "flag": 0
                    },
                    "obj": {
                        "start": 18,
                        "end": 24,
                        "text": "access",
                        "id": 4,
                        "verbs": [
                            "gain"
                        ],
                        "label": [
                            "DATA"
                        ],
                        "sent_index": 0,
                        "type": "object"
                    }
                },
                {
                    "sub": {
                        "start": 50,
                        "end": 55,
                        "text": "group",
                        "id": 11,
                        "label": [
                            "OTHER"
                        ],
                        "sent_index": 0,
                        "type": "subject"
                    },
                    "verb": {
                        "negation": false,
                        "text": "use",
                        "index": 14,
                        "flag": 0
                    },
                    "obj": {
                        "start": 83,
                        "end": 89,
                        "text": "access",
                        "id": 17,
                        "verbs": [
                            "use"
                        ],
                        "label": [
                            "DATA"
                        ],
                        "sent_index": 0,
                        "type": "object"
                    }
                },
                {
                    "sub": {
                        "start": 50,
                        "end": 55,
                        "text": "group",
                        "id": 11,
                        "label": [
                            "OTHER"
                        ],
                        "sent_index": 0,
                        "type": "subject"
                    },
                    "verb": {
                        "negation": false,
                        "text": "compromise",
                        "index": 18,
                        "flag": 0
                    },
                    "obj": {
                        "start": 108,
                        "end": 119,
                        "text": "DNC network",
                        "id": 22,
                        "verbs": [
                            "compromise"
                        ],
                        "label": [
                            "NETWORK"
                        ],
                        "sent_index": 0,
                        "type": "object"
                    }
                }
            ]
        }
    ],
    "id": "relationship--565d2d07-0e2e-44e5-bc37-5a64e49394ee",
    "tech_id": "T1199",
    "location": [],
    "special_id": "T1199"
}