{
    "text": "Indrik Spider used PsExec to use Windows Defender to disable scanning of all downloaded files and to restrict real-time monitoring.",
    "graph_nodes": [
        {
            "id": 2,
            "contracted": 0,
            "meta": {
                "start": 0,
                "end": 13,
                "text": "Indrik Spider",
                "id": 2,
                "label": [
                    "ACTOR"
                ],
                "sent_index": 0,
                "type": "subject"
            }
        },
        {
            "id": 4,
            "contracted": 0,
            "meta": {
                "start": 19,
                "end": 25,
                "text": "PsExec",
                "id": 4,
                "verbs": [
                    "use"
                ],
                "label": [
                    "FUNCTION"
                ],
                "sent_index": 0,
                "type": "object"
            }
        },
        {
            "id": 8,
            "contracted": 0,
            "meta": {
                "start": 33,
                "end": 49,
                "text": "Windows Defender",
                "id": 8,
                "verbs": [
                    "use"
                ],
                "label": [
                    "COMPONENT"
                ],
                "sent_index": 0,
                "type": "object"
            }
        },
        {
            "id": 11,
            "contracted": 0,
            "meta": {
                "start": 61,
                "end": 69,
                "text": "scanning",
                "id": 11,
                "verbs": [
                    "disable"
                ],
                "label": [
                    "FUNCTION"
                ],
                "sent_index": 0,
                "type": "object"
            }
        },
        {
            "id": 15,
            "contracted": 0,
            "meta": {
                "start": 88,
                "end": 93,
                "text": "files",
                "id": 15,
                "label": [
                    "DATA"
                ],
                "sent_index": 0,
                "type": "object"
            }
        },
        {
            "id": 20,
            "contracted": 0,
            "meta": {
                "start": 110,
                "end": 130,
                "text": "real-time monitoring",
                "id": 20,
                "verbs": [
                    "restrict"
                ],
                "label": [
                    "FUNCTION"
                ],
                "sent_index": 0,
                "type": "object"
            }
        }
    ],
    "graph_edges": [
        {
            "source": 2,
            "dest": 4,
            "index": 0,
            "verb": "use",
            "id": "2_4"
        },
        {
            "source": 2,
            "dest": 8,
            "index": 1,
            "verb": "use",
            "id": "2_8"
        },
        {
            "source": 2,
            "dest": 11,
            "index": 2,
            "verb": "disable",
            "id": "2_11"
        },
        {
            "source": 2,
            "dest": 20,
            "index": 4,
            "verb": "restrict",
            "id": "2_20"
        },
        {
            "source": 11,
            "dest": 15,
            "index": 3,
            "verb": "of",
            "id": "11_15"
        }
    ],
    "replacement_mapper": {},
    "sentences": [
        {
            "id": 0,
            "text": "Indrik Spider used PsExec to use Windows Defender to disable scanning of all downloaded files and to restrict real-time monitoring.",
            "svos": [
                {
                    "sub": {
                        "start": 0,
                        "end": 13,
                        "text": "Indrik Spider",
                        "id": 2,
                        "label": [
                            "ACTOR"
                        ],
                        "sent_index": 0,
                        "type": "subject"
                    },
                    "verb": {
                        "negation": false,
                        "text": "use",
                        "index": 2,
                        "flag": 0
                    },
                    "obj": {
                        "start": 19,
                        "end": 25,
                        "text": "PsExec",
                        "id": 4,
                        "verbs": [
                            "use"
                        ],
                        "label": [
                            "FUNCTION"
                        ],
                        "sent_index": 0,
                        "type": "object"
                    }
                },
                {
                    "sub": {
                        "start": 0,
                        "end": 13,
                        "text": "Indrik Spider",
                        "id": 2,
                        "label": [
                            "ACTOR"
                        ],
                        "sent_index": 0,
                        "type": "subject"
                    },
                    "verb": {
                        "negation": false,
                        "text": "use",
                        "index": 5,
                        "flag": 0
                    },
                    "obj": {
                        "start": 33,
                        "end": 49,
                        "text": "Windows Defender",
                        "id": 8,
                        "verbs": [
                            "use"
                        ],
                        "label": [
                            "COMPONENT"
                        ],
                        "sent_index": 0,
                        "type": "object"
                    }
                },
                {
                    "sub": {
                        "start": 0,
                        "end": 13,
                        "text": "Indrik Spider",
                        "id": 2,
                        "label": [
                            "ACTOR"
                        ],
                        "sent_index": 0,
                        "type": "subject"
                    },
                    "verb": {
                        "negation": false,
                        "text": "disable",
                        "index": 9,
                        "flag": 0
                    },
                    "obj": {
                        "start": 61,
                        "end": 69,
                        "text": "scanning",
                        "id": 11,
                        "verbs": [
                            "disable"
                        ],
                        "label": [
                            "FUNCTION"
                        ],
                        "sent_index": 0,
                        "type": "object"
                    }
                },
                {
                    "sub": {
                        "start": 61,
                        "end": 69,
                        "text": "scanning",
                        "id": 11,
                        "verbs": [
                            "disable"
                        ],
                        "label": [
                            "FUNCTION"
                        ],
                        "sent_index": 0,
                        "type": "subject"
                    },
                    "verb": {
                        "negation": false,
                        "text": "of",
                        "index": 11,
                        "flag": 0
                    },
                    "obj": {
                        "start": 88,
                        "end": 93,
                        "text": "files",
                        "id": 15,
                        "label": [
                            "DATA"
                        ],
                        "sent_index": 0,
                        "type": "object"
                    }
                },
                {
                    "sub": {
                        "start": 0,
                        "end": 13,
                        "text": "Indrik Spider",
                        "id": 2,
                        "label": [
                            "ACTOR"
                        ],
                        "sent_index": 0,
                        "type": "subject"
                    },
                    "verb": {
                        "negation": false,
                        "text": "restrict",
                        "index": 17,
                        "flag": 0
                    },
                    "obj": {
                        "start": 110,
                        "end": 130,
                        "text": "real-time monitoring",
                        "id": 20,
                        "verbs": [
                            "restrict"
                        ],
                        "label": [
                            "FUNCTION"
                        ],
                        "sent_index": 0,
                        "type": "object"
                    }
                }
            ]
        }
    ],
    "id": "relationship--4ebab62f-3e2f-49b9-881d-26d2141d3e0b",
    "tech_id": "T1562.001",
    "location": [],
    "special_id": "T1562.001"
}