{
    "text": "Azorult can steal credentials in files belonging to common software such as Skype, Telegram, and Steam.",
    "graph_nodes": [
        {
            "id": 1,
            "contracted": 0,
            "meta": {
                "start": 0,
                "end": 7,
                "text": "Azorult",
                "id": 1,
                "label": [
                    "ACTOR"
                ],
                "sent_index": 0,
                "type": "subject",
                "sub_label": [
                    "MALWARE"
                ]
            }
        },
        {
            "id": 4,
            "contracted": 0,
            "meta": {
                "start": 18,
                "end": 29,
                "text": "credentials",
                "id": 4,
                "verbs": [
                    "steal"
                ],
                "label": [
                    "DATA"
                ],
                "sent_index": 0,
                "type": "object"
            }
        },
        {
            "id": 6,
            "contracted": 0,
            "meta": {
                "start": 33,
                "end": 38,
                "text": "files",
                "id": 6,
                "label": [
                    "DATA"
                ],
                "sent_index": 0,
                "type": "object"
            }
        },
        {
            "id": 10,
            "contracted": 0,
            "meta": {
                "start": 59,
                "end": 67,
                "text": "software",
                "id": 10,
                "verbs": [
                    "belong"
                ],
                "label": [
                    "FUNCTION",
                    "NETWORK"
                ],
                "sent_index": 0,
                "type": "object",
                "texts": [
                    "Skype",
                    "software",
                    "Telegram",
                    "Steam"
                ]
            }
        }
    ],
    "graph_edges": [
        {
            "source": 1,
            "dest": 4,
            "index": 0,
            "verb": "steal",
            "id": "1_4"
        },
        {
            "source": 1,
            "dest": 6,
            "index": 2,
            "verb": "in",
            "id": "1_6"
        },
        {
            "source": 4,
            "dest": 6,
            "index": 1,
            "verb": "in",
            "id": "4_6"
        },
        {
            "source": 6,
            "dest": 10,
            "index": 4,
            "verb": "belong to",
            "id": "6_10"
        }
    ],
    "replacement_mapper": {},
    "sentences": [
        {
            "id": 0,
            "text": "Azorult can steal credentials in files belonging to common software such as Skype, Telegram, and Steam.",
            "svos": [
                {
                    "sub": {
                        "start": 0,
                        "end": 7,
                        "text": "Azorult",
                        "id": 1,
                        "label": [
                            "ACTOR"
                        ],
                        "sent_index": 0,
                        "type": "subject",
                        "sub_label": [
                            "MALWARE"
                        ]
                    },
                    "verb": {
                        "negation": false,
                        "text": "steal",
                        "index": 2,
                        "flag": 0
                    },
                    "obj": {
                        "start": 18,
                        "end": 29,
                        "text": "credentials",
                        "id": 4,
                        "verbs": [
                            "steal"
                        ],
                        "label": [
                            "DATA"
                        ],
                        "sent_index": 0,
                        "type": "object"
                    }
                },
                {
                    "sub": {
                        "start": 18,
                        "end": 29,
                        "text": "credentials",
                        "id": 4,
                        "verbs": [
                            "steal"
                        ],
                        "label": [
                            "DATA"
                        ],
                        "sent_index": 0,
                        "type": "subject"
                    },
                    "verb": {
                        "negation": false,
                        "text": "in",
                        "index": 4,
                        "flag": 0
                    },
                    "obj": {
                        "start": 33,
                        "end": 38,
                        "text": "files",
                        "id": 6,
                        "label": [
                            "DATA"
                        ],
                        "sent_index": 0,
                        "type": "object"
                    }
                },
                {
                    "sub": {
                        "start": 0,
                        "end": 7,
                        "text": "Azorult",
                        "id": 1,
                        "label": [
                            "FUNCTION"
                        ],
                        "sent_index": 0,
                        "type": "subject"
                    },
                    "verb": {
                        "negation": false,
                        "text": "in",
                        "index": 4,
                        "flag": 0
                    },
                    "obj": {
                        "start": 33,
                        "end": 38,
                        "text": "files",
                        "id": 6,
                        "label": [
                            "DATA"
                        ],
                        "sent_index": 0,
                        "type": "object"
                    }
                },
                {
                    "sub": {
                        "start": 33,
                        "end": 38,
                        "text": "files",
                        "id": 6,
                        "label": [
                            "DATA"
                        ],
                        "sent_index": 0,
                        "type": "subject"
                    },
                    "verb": {
                        "negation": false,
                        "text": "belong",
                        "index": 6,
                        "flag": 0
                    },
                    "obj": {
                        "start": 59,
                        "end": 67,
                        "text": "software",
                        "id": 10,
                        "verbs": [
                            "belong"
                        ],
                        "label": [
                            "FUNCTION",
                            "NETWORK"
                        ],
                        "sent_index": 0,
                        "type": "object",
                        "texts": [
                            "Skype",
                            "software",
                            "Telegram",
                            "Steam"
                        ]
                    }
                },
                {
                    "sub": {
                        "start": 33,
                        "end": 38,
                        "text": "files",
                        "id": 6,
                        "label": [
                            "DATA"
                        ],
                        "sent_index": 0,
                        "type": "subject"
                    },
                    "verb": {
                        "negation": false,
                        "text": "belong to",
                        "index": 6,
                        "flag": 0
                    },
                    "obj": {
                        "start": 59,
                        "end": 67,
                        "text": "software",
                        "id": 10,
                        "verbs": [
                            "belong to"
                        ],
                        "label": [
                            "FUNCTION"
                        ],
                        "sent_index": 0,
                        "type": "object"
                    }
                },
                {
                    "sub": {
                        "start": 59,
                        "end": 67,
                        "text": "software",
                        "id": 10,
                        "verbs": [
                            "belong"
                        ],
                        "label": [
                            "FUNCTION"
                        ],
                        "sent_index": 0,
                        "type": "subject"
                    },
                    "verb": {
                        "negation": false,
                        "text": "as",
                        "index": 11,
                        "flag": 1
                    },
                    "obj": {
                        "start": 76,
                        "end": 81,
                        "text": "Skype",
                        "id": 13,
                        "verbs": [
                            "as"
                        ],
                        "label": [
                            "NETWORK"
                        ],
                        "sent_index": 0,
                        "type": "object"
                    }
                },
                {
                    "sub": {
                        "start": 59,
                        "end": 67,
                        "text": "software",
                        "id": 10,
                        "verbs": [
                            "belong"
                        ],
                        "label": [
                            "FUNCTION"
                        ],
                        "sent_index": 0,
                        "type": "subject"
                    },
                    "verb": {
                        "negation": false,
                        "text": "as",
                        "index": 11,
                        "flag": 1
                    },
                    "obj": {
                        "start": 83,
                        "end": 91,
                        "text": "Telegram",
                        "id": 15,
                        "verbs": [
                            "as"
                        ],
                        "label": [
                            "NETWORK"
                        ],
                        "sent_index": 0,
                        "type": "object"
                    }
                },
                {
                    "sub": {
                        "start": 59,
                        "end": 67,
                        "text": "software",
                        "id": 10,
                        "verbs": [
                            "belong"
                        ],
                        "label": [
                            "FUNCTION"
                        ],
                        "sent_index": 0,
                        "type": "subject"
                    },
                    "verb": {
                        "negation": false,
                        "text": "as",
                        "index": 11,
                        "flag": 1
                    },
                    "obj": {
                        "start": 97,
                        "end": 102,
                        "text": "Steam",
                        "id": 18,
                        "verbs": [
                            "as"
                        ],
                        "label": [
                            "NETWORK"
                        ],
                        "sent_index": 0,
                        "type": "object"
                    }
                }
            ]
        }
    ],
    "id": "relationship--3e418cf0-fbe4-4de1-84bf-e137c5c0a72a",
    "tech_id": "T1552.001",
    "location": [],
    "special_id": "T1552.001"
}