{
    "text": "Javali can use DLL side-loading to load malicious DLLs into legitimate executables.",
    "graph_nodes": [
        {
            "id": 1,
            "contracted": 0,
            "meta": {
                "start": 0,
                "end": 6,
                "text": "Javali",
                "id": 1,
                "label": [
                    "ACTOR"
                ],
                "sent_index": 0,
                "type": "subject",
                "sub_label": [
                    "MALWARE"
                ]
            }
        },
        {
            "id": 5,
            "contracted": 0,
            "meta": {
                "start": 15,
                "end": 31,
                "text": "DLL side-loading",
                "id": 5,
                "verbs": [
                    "use"
                ],
                "label": [
                    "REGISTRY"
                ],
                "sent_index": 0,
                "type": "object"
            }
        },
        {
            "id": 9,
            "contracted": 0,
            "meta": {
                "start": 50,
                "end": 54,
                "text": "DLLs",
                "id": 9,
                "verbs": [
                    "load"
                ],
                "label": [
                    "REGISTRY"
                ],
                "sent_index": 0,
                "type": "object"
            }
        },
        {
            "id": 12,
            "contracted": 0,
            "meta": {
                "start": 60,
                "end": 82,
                "text": "legitimate executables",
                "id": 12,
                "verbs": [
                    "into"
                ],
                "label": [
                    "FUNCTION"
                ],
                "sent_index": 0,
                "type": "object"
            }
        }
    ],
    "graph_edges": [
        {
            "source": 1,
            "dest": 5,
            "index": 0,
            "verb": "use",
            "id": "1_5"
        },
        {
            "source": 1,
            "dest": 9,
            "index": 1,
            "verb": "load",
            "id": "1_9"
        },
        {
            "source": 9,
            "dest": 12,
            "index": 2,
            "verb": "into",
            "id": "9_12"
        }
    ],
    "replacement_mapper": {},
    "sentences": [
        {
            "id": 0,
            "text": "Javali can use DLL side-loading to load malicious DLLs into legitimate executables.",
            "svos": [
                {
                    "sub": {
                        "start": 0,
                        "end": 6,
                        "text": "Javali",
                        "id": 1,
                        "label": [
                            "ACTOR"
                        ],
                        "sent_index": 0,
                        "type": "subject",
                        "sub_label": [
                            "MALWARE"
                        ]
                    },
                    "verb": {
                        "negation": false,
                        "text": "use",
                        "index": 2,
                        "flag": 0
                    },
                    "obj": {
                        "start": 15,
                        "end": 31,
                        "text": "DLL side-loading",
                        "id": 5,
                        "verbs": [
                            "use"
                        ],
                        "label": [
                            "REGISTRY"
                        ],
                        "sent_index": 0,
                        "type": "object"
                    }
                },
                {
                    "sub": {
                        "start": 0,
                        "end": 6,
                        "text": "Javali",
                        "id": 1,
                        "label": [
                            "FUNCTION"
                        ],
                        "sent_index": 0,
                        "type": "subject"
                    },
                    "verb": {
                        "negation": false,
                        "text": "load",
                        "index": 6,
                        "flag": 0
                    },
                    "obj": {
                        "start": 50,
                        "end": 54,
                        "text": "DLLs",
                        "id": 9,
                        "verbs": [
                            "load"
                        ],
                        "label": [
                            "REGISTRY"
                        ],
                        "sent_index": 0,
                        "type": "object"
                    }
                },
                {
                    "sub": {
                        "start": 50,
                        "end": 54,
                        "text": "DLLs",
                        "id": 9,
                        "verbs": [
                            "load"
                        ],
                        "label": [
                            "REGISTRY"
                        ],
                        "sent_index": 0,
                        "type": "subject"
                    },
                    "verb": {
                        "negation": false,
                        "text": "into",
                        "index": 9,
                        "flag": 0
                    },
                    "obj": {
                        "start": 60,
                        "end": 82,
                        "text": "legitimate executables",
                        "id": 12,
                        "verbs": [
                            "into"
                        ],
                        "label": [
                            "FUNCTION"
                        ],
                        "sent_index": 0,
                        "type": "object"
                    }
                }
            ]
        }
    ],
    "id": "relationship--1cd08976-89bc-4626-987f-a47c9c685f68",
    "tech_id": "T1574.002",
    "location": [],
    "special_id": "T1574.002"
}