{
    "text": "Goopy can disable Microsoft Outlook's security policies to disable macro warnings.",
    "graph_nodes": [
        {
            "id": 1,
            "contracted": 0,
            "meta": {
                "start": 0,
                "end": 5,
                "text": "Goopy",
                "id": 1,
                "label": [
                    "ACTOR"
                ],
                "sent_index": 0,
                "type": "subject",
                "sub_label": [
                    "MALWARE"
                ]
            }
        },
        {
            "id": 5,
            "contracted": 0,
            "meta": {
                "text": "Outlook",
                "start": 28,
                "end": 35,
                "id": 5,
                "label": [
                    "COMPONENT"
                ],
                "sent_index": 0,
                "type": "object"
            }
        },
        {
            "id": 8,
            "contracted": 0,
            "meta": {
                "start": 38,
                "end": 55,
                "text": "security policies",
                "id": 8,
                "verbs": [
                    "disable"
                ],
                "label": [
                    "DATA"
                ],
                "sent_index": 0,
                "type": "object"
            }
        },
        {
            "id": 12,
            "contracted": 0,
            "meta": {
                "start": 67,
                "end": 81,
                "text": "macro warnings",
                "id": 12,
                "verbs": [
                    "disable"
                ],
                "label": [
                    "DATA"
                ],
                "sent_index": 0,
                "type": "object"
            }
        }
    ],
    "graph_edges": [
        {
            "source": 1,
            "dest": 8,
            "index": 0,
            "verb": "disable",
            "id": "1_8"
        },
        {
            "source": 1,
            "dest": 12,
            "index": 2,
            "verb": "disable",
            "id": "1_12"
        },
        {
            "source": 8,
            "dest": 5,
            "index": 1,
            "verb": "of",
            "id": "8_5"
        }
    ],
    "replacement_mapper": {},
    "sentences": [
        {
            "id": 0,
            "text": "Goopy can disable Microsoft Outlook's security policies to disable macro warnings.",
            "svos": [
                {
                    "sub": {
                        "start": 0,
                        "end": 5,
                        "text": "Goopy",
                        "id": 1,
                        "label": [
                            "ACTOR"
                        ],
                        "sent_index": 0,
                        "type": "subject",
                        "sub_label": [
                            "MALWARE"
                        ]
                    },
                    "verb": {
                        "negation": false,
                        "text": "disable",
                        "index": 2,
                        "flag": 0
                    },
                    "obj": {
                        "start": 38,
                        "end": 55,
                        "text": "security policies",
                        "id": 8,
                        "verbs": [
                            "disable"
                        ],
                        "label": [
                            "DATA"
                        ],
                        "sent_index": 0,
                        "type": "object"
                    }
                },
                {
                    "sub": {
                        "start": 38,
                        "end": 55,
                        "text": "security policies",
                        "id": 8,
                        "verbs": [
                            "disable"
                        ],
                        "label": [
                            "DATA"
                        ],
                        "sent_index": 0,
                        "type": "subject"
                    },
                    "verb": {
                        "negation": false,
                        "text": "of",
                        "index": 7,
                        "flag": 0
                    },
                    "obj": {
                        "text": "Outlook",
                        "start": 28,
                        "end": 35,
                        "id": 5,
                        "label": [
                            "COMPONENT"
                        ],
                        "sent_index": 0,
                        "type": "object"
                    }
                },
                {
                    "sub": {
                        "start": 0,
                        "end": 5,
                        "text": "Goopy",
                        "id": 1,
                        "label": [
                            "FUNCTION"
                        ],
                        "sent_index": 0,
                        "type": "subject"
                    },
                    "verb": {
                        "negation": false,
                        "text": "disable",
                        "index": 9,
                        "flag": 0
                    },
                    "obj": {
                        "start": 67,
                        "end": 81,
                        "text": "macro warnings",
                        "id": 12,
                        "verbs": [
                            "disable"
                        ],
                        "label": [
                            "DATA"
                        ],
                        "sent_index": 0,
                        "type": "object"
                    }
                }
            ]
        }
    ],
    "id": "relationship--82a053be-71c5-49d5-b1f9-9cf979511e85",
    "tech_id": "T1562.001",
    "location": [],
    "special_id": "T1562.001"
}