{
    "text": "Javali can download payloads from remote C2s.",
    "graph_nodes": [
        {
            "id": 1,
            "contracted": 0,
            "meta": {
                "start": 0,
                "end": 6,
                "text": "Javali",
                "id": 1,
                "label": [
                    "ACTOR"
                ],
                "sent_index": 0,
                "type": "subject",
                "sub_label": [
                    "MALWARE"
                ]
            }
        },
        {
            "id": 4,
            "contracted": 0,
            "meta": {
                "start": 20,
                "end": 28,
                "text": "payloads",
                "id": 4,
                "verbs": [
                    "download"
                ],
                "label": [
                    "FUNCTION"
                ],
                "sent_index": 0,
                "type": "object"
            }
        },
        {
            "id": 7,
            "contracted": 0,
            "meta": {
                "start": 34,
                "end": 44,
                "text": "remote C2s",
                "id": 7,
                "verbs": [
                    "from"
                ],
                "label": [
                    "NETWORK"
                ],
                "sent_index": 0,
                "type": "object"
            }
        }
    ],
    "graph_edges": [
        {
            "source": 1,
            "dest": 4,
            "index": 0,
            "verb": "download",
            "id": "1_4"
        },
        {
            "source": 1,
            "dest": 7,
            "index": 2,
            "verb": "from",
            "id": "1_7"
        },
        {
            "source": 4,
            "dest": 7,
            "index": 1,
            "verb": "from",
            "id": "4_7"
        }
    ],
    "replacement_mapper": {},
    "sentences": [
        {
            "id": 0,
            "text": "Javali can download payloads from remote C2s.",
            "svos": [
                {
                    "sub": {
                        "start": 0,
                        "end": 6,
                        "text": "Javali",
                        "id": 1,
                        "label": [
                            "ACTOR"
                        ],
                        "sent_index": 0,
                        "type": "subject",
                        "sub_label": [
                            "MALWARE"
                        ]
                    },
                    "verb": {
                        "negation": false,
                        "text": "download",
                        "index": 2,
                        "flag": 0
                    },
                    "obj": {
                        "start": 20,
                        "end": 28,
                        "text": "payloads",
                        "id": 4,
                        "verbs": [
                            "download"
                        ],
                        "label": [
                            "FUNCTION"
                        ],
                        "sent_index": 0,
                        "type": "object"
                    }
                },
                {
                    "sub": {
                        "start": 20,
                        "end": 28,
                        "text": "payloads",
                        "id": 4,
                        "verbs": [
                            "download"
                        ],
                        "label": [
                            "FUNCTION"
                        ],
                        "sent_index": 0,
                        "type": "subject"
                    },
                    "verb": {
                        "negation": false,
                        "text": "from",
                        "index": 4,
                        "flag": 0
                    },
                    "obj": {
                        "start": 34,
                        "end": 44,
                        "text": "remote C2s",
                        "id": 7,
                        "verbs": [
                            "from"
                        ],
                        "label": [
                            "NETWORK"
                        ],
                        "sent_index": 0,
                        "type": "object"
                    }
                },
                {
                    "sub": {
                        "start": 0,
                        "end": 6,
                        "text": "Javali",
                        "id": 1,
                        "label": [
                            "FUNCTION"
                        ],
                        "sent_index": 0,
                        "type": "subject"
                    },
                    "verb": {
                        "negation": false,
                        "text": "from",
                        "index": 4,
                        "flag": 0
                    },
                    "obj": {
                        "start": 34,
                        "end": 44,
                        "text": "remote C2s",
                        "id": 7,
                        "verbs": [
                            "from"
                        ],
                        "label": [
                            "NETWORK"
                        ],
                        "sent_index": 0,
                        "type": "object"
                    }
                }
            ]
        }
    ],
    "id": "relationship--fe518957-8722-498f-8da0-4b5eca466cef",
    "tech_id": "T1105",
    "location": [],
    "special_id": "T1105"
}