{
    "text": "Sandworm Team's BCS-server tool can create an internal proxy server to redirect traffic from the adversary-controlled C2 to internal servers which may not be connected to the internet, but are interconnected locally.",
    "graph_nodes": [
        {
            "id": 2,
            "contracted": 0,
            "meta": {
                "text": "Team",
                "start": 9,
                "end": 13,
                "id": 2,
                "label": [
                    "ACTOR"
                ],
                "sent_index": 0,
                "type": "object"
            }
        },
        {
            "id": 5,
            "contracted": 0,
            "meta": {
                "start": 16,
                "end": 31,
                "text": "BCS-server tool",
                "id": 5,
                "label": [
                    "FUNCTION"
                ],
                "sent_index": 0,
                "type": "subject"
            }
        },
        {
            "id": 11,
            "contracted": 0,
            "meta": {
                "start": 46,
                "end": 67,
                "text": "internal proxy server",
                "id": 11,
                "verbs": [
                    "create"
                ],
                "label": [
                    "NETWORK"
                ],
                "sent_index": 0,
                "type": "object"
            }
        },
        {
            "id": 14,
            "contracted": 0,
            "meta": {
                "start": 80,
                "end": 87,
                "text": "traffic",
                "id": 14,
                "verbs": [
                    "redirect"
                ],
                "label": [
                    "NETWORK"
                ],
                "sent_index": 0,
                "type": "object"
            }
        },
        {
            "id": 18,
            "contracted": 0,
            "meta": {
                "start": 97,
                "end": 120,
                "text": "adversary-controlled C2",
                "id": 18,
                "verbs": [
                    "from"
                ],
                "label": [
                    "NETWORK"
                ],
                "sent_index": 0,
                "type": "object"
            }
        },
        {
            "id": 21,
            "contracted": 0,
            "meta": {
                "start": 124,
                "end": 140,
                "text": "internal servers",
                "id": 21,
                "verbs": [
                    "to"
                ],
                "label": [
                    "NETWORK"
                ],
                "sent_index": 0,
                "type": "object"
            }
        },
        {
            "id": 22,
            "contracted": 0,
            "meta": {
                "start": 141,
                "end": 146,
                "text": "which",
                "id": 22,
                "verbs": [
                    "connect"
                ],
                "label": [
                    "OTHER"
                ],
                "sent_index": 0,
                "type": "subject"
            }
        },
        {
            "id": 29,
            "contracted": 0,
            "meta": {
                "start": 175,
                "end": 183,
                "text": "internet",
                "id": 29,
                "verbs": [
                    "to"
                ],
                "label": [
                    "NETWORK"
                ],
                "sent_index": 0,
                "type": "object"
            }
        }
    ],
    "graph_edges": [
        {
            "source": 5,
            "dest": 2,
            "index": 0,
            "verb": "of",
            "id": "5_2"
        },
        {
            "source": 5,
            "dest": 11,
            "index": 1,
            "verb": "create",
            "id": "5_11"
        },
        {
            "source": 11,
            "dest": 14,
            "index": 2,
            "verb": "redirect",
            "id": "11_14"
        },
        {
            "source": 14,
            "dest": 18,
            "index": 3,
            "verb": "from",
            "id": "14_18"
        },
        {
            "source": 14,
            "dest": 21,
            "index": 4,
            "verb": "to",
            "id": "14_21"
        },
        {
            "source": 22,
            "dest": 29,
            "index": 5,
            "verb": "to",
            "id": "22_29"
        }
    ],
    "replacement_mapper": {},
    "sentences": [
        {
            "id": 0,
            "text": "Sandworm Team's BCS-server tool can create an internal proxy server to redirect traffic from the adversary-controlled C2 to internal servers which may not be connected to the internet, but are interconnected locally.",
            "svos": [
                {
                    "sub": {
                        "start": 16,
                        "end": 31,
                        "text": "BCS-server tool",
                        "id": 5,
                        "label": [
                            "FUNCTION"
                        ],
                        "sent_index": 0,
                        "type": "subject"
                    },
                    "verb": {
                        "negation": false,
                        "text": "of",
                        "index": 4,
                        "flag": 0
                    },
                    "obj": {
                        "text": "Team",
                        "start": 9,
                        "end": 13,
                        "id": 2,
                        "label": [
                            "ACTOR"
                        ],
                        "sent_index": 0,
                        "type": "object"
                    }
                },
                {
                    "sub": {
                        "start": 16,
                        "end": 31,
                        "text": "BCS-server tool",
                        "id": 5,
                        "label": [
                            "FUNCTION"
                        ],
                        "sent_index": 0,
                        "type": "subject"
                    },
                    "verb": {
                        "negation": false,
                        "text": "create",
                        "index": 6,
                        "flag": 0
                    },
                    "obj": {
                        "start": 46,
                        "end": 67,
                        "text": "internal proxy server",
                        "id": 11,
                        "verbs": [
                            "create"
                        ],
                        "label": [
                            "NETWORK"
                        ],
                        "sent_index": 0,
                        "type": "object"
                    }
                },
                {
                    "sub": {
                        "start": 46,
                        "end": 67,
                        "text": "internal proxy server",
                        "id": 11,
                        "verbs": [
                            "create"
                        ],
                        "label": [
                            "NETWORK"
                        ],
                        "sent_index": 0,
                        "type": "subject"
                    },
                    "verb": {
                        "negation": false,
                        "text": "redirect",
                        "index": 12,
                        "flag": 0
                    },
                    "obj": {
                        "start": 80,
                        "end": 87,
                        "text": "traffic",
                        "id": 14,
                        "verbs": [
                            "redirect"
                        ],
                        "label": [
                            "NETWORK"
                        ],
                        "sent_index": 0,
                        "type": "object"
                    }
                },
                {
                    "sub": {
                        "start": 80,
                        "end": 87,
                        "text": "traffic",
                        "id": 14,
                        "verbs": [
                            "redirect"
                        ],
                        "label": [
                            "NETWORK"
                        ],
                        "sent_index": 0,
                        "type": "subject"
                    },
                    "verb": {
                        "negation": false,
                        "text": "from",
                        "index": 14,
                        "flag": 0
                    },
                    "obj": {
                        "start": 97,
                        "end": 120,
                        "text": "adversary-controlled C2",
                        "id": 18,
                        "verbs": [
                            "from"
                        ],
                        "label": [
                            "NETWORK"
                        ],
                        "sent_index": 0,
                        "type": "object"
                    }
                },
                {
                    "sub": {
                        "start": 80,
                        "end": 87,
                        "text": "traffic",
                        "id": 14,
                        "verbs": [
                            "redirect"
                        ],
                        "label": [
                            "NETWORK"
                        ],
                        "sent_index": 0,
                        "type": "subject"
                    },
                    "verb": {
                        "negation": false,
                        "text": "to",
                        "index": 18,
                        "flag": 0
                    },
                    "obj": {
                        "start": 124,
                        "end": 140,
                        "text": "internal servers",
                        "id": 21,
                        "verbs": [
                            "to"
                        ],
                        "label": [
                            "NETWORK"
                        ],
                        "sent_index": 0,
                        "type": "object"
                    }
                },
                {
                    "sub": {
                        "start": 141,
                        "end": 146,
                        "text": "which",
                        "id": 22,
                        "verbs": [
                            "connect"
                        ],
                        "label": [
                            "OTHER"
                        ],
                        "sent_index": 0,
                        "type": "subject"
                    },
                    "verb": {
                        "negation": false,
                        "text": "to",
                        "index": 26,
                        "flag": 0
                    },
                    "obj": {
                        "start": 175,
                        "end": 183,
                        "text": "internet",
                        "id": 29,
                        "verbs": [
                            "to"
                        ],
                        "label": [
                            "NETWORK"
                        ],
                        "sent_index": 0,
                        "type": "object"
                    }
                }
            ]
        }
    ],
    "id": "relationship--2050b131-d5e1-419c-ad85-660fba4004d7",
    "tech_id": "T1090",
    "location": [],
    "special_id": "T1090"
}