{
    "text": "LoudMiner launched the QEMU services in the DIRECTORY0/ folder using launchctl. It also uses launchctl to unload all LaunchDaemons when updating to a newer version of LoudMiner.",
    "graph_nodes": [
        {
            "id": 1,
            "contracted": 0,
            "meta": {
                "start": 0,
                "end": 9,
                "text": "LoudMiner",
                "id": 1,
                "label": [
                    "ACTOR"
                ],
                "sent_index": 0,
                "type": "subject",
                "ids": [
                    1,
                    1016
                ],
                "texts": [
                    "LoudMiner"
                ],
                "sub_label": [
                    "MALWARE"
                ]
            }
        },
        {
            "id": 5,
            "contracted": 0,
            "meta": {
                "start": 23,
                "end": 36,
                "text": "QEMU services",
                "id": 5,
                "verbs": [
                    "launch"
                ],
                "label": [
                    "FUNCTION"
                ],
                "sent_index": 0,
                "type": "object"
            }
        },
        {
            "id": 9,
            "contracted": 0,
            "meta": {
                "start": 44,
                "end": 62,
                "text": "/Library/LaunchDaemons/ folder",
                "id": 9,
                "label": [
                    "DIRECTORY"
                ],
                "sent_index": 0,
                "type": "object"
            }
        },
        {
            "id": 11,
            "contracted": 0,
            "meta": {
                "start": 69,
                "end": 78,
                "text": "launchctl",
                "id": 11,
                "verbs": [
                    "use"
                ],
                "label": [
                    "FUNCTION"
                ],
                "sent_index": 0,
                "type": "object",
                "ids": [
                    11,
                    1001
                ],
                "texts": [
                    "launchctl"
                ]
            }
        },
        {
            "id": 1004,
            "contracted": 0,
            "meta": {
                "start": 13,
                "end": 22,
                "text": "launchctl",
                "id": 4,
                "verbs": [
                    "use"
                ],
                "label": [
                    "FUNCTION"
                ],
                "sent_index": 1,
                "type": "object"
            }
        },
        {
            "id": 1008,
            "contracted": 0,
            "meta": {
                "start": 37,
                "end": 50,
                "text": "LaunchDaemons",
                "id": 8,
                "verbs": [
                    "unload"
                ],
                "label": [
                    "FUNCTION"
                ],
                "sent_index": 1,
                "type": "object"
            }
        },
        {
            "id": 1014,
            "contracted": 0,
            "meta": {
                "start": 70,
                "end": 83,
                "text": "newer version",
                "id": 14,
                "verbs": [
                    "update"
                ],
                "label": [
                    "DATA"
                ],
                "sent_index": 1,
                "type": "object"
            }
        }
    ],
    "graph_edges": [
        {
            "source": 1,
            "dest": 5,
            "index": 0,
            "verb": "launch",
            "id": "1_5"
        },
        {
            "source": 1,
            "dest": 9,
            "index": 2,
            "verb": "in",
            "id": "1_9"
        },
        {
            "source": 1,
            "dest": 11,
            "index": 3,
            "verb": "use",
            "id": "1_11"
        },
        {
            "source": 5,
            "dest": 9,
            "index": 1,
            "verb": "in",
            "id": "5_9"
        },
        {
            "source": 11,
            "dest": 1004,
            "index": 4,
            "verb": "use",
            "id": "11_1004"
        },
        {
            "source": 11,
            "dest": 1008,
            "index": 5,
            "verb": "unload",
            "id": "11_1008"
        },
        {
            "source": 11,
            "dest": 1014,
            "index": 6,
            "verb": "update",
            "id": "11_1014"
        },
        {
            "source": 1014,
            "dest": 1,
            "index": 7,
            "verb": "of",
            "id": "1014_1"
        }
    ],
    "replacement_mapper": {
        "DIRECTORY0": {
            "text": "/Library/LaunchDaemons",
            "label": "DIRECTORY"
        }
    },
    "sentences": [
        {
            "id": 0,
            "text": "LoudMiner launched the QEMU services in the /Library/LaunchDaemons/ folder using launchctl.",
            "svos": [
                {
                    "sub": {
                        "start": 0,
                        "end": 9,
                        "text": "LoudMiner",
                        "id": 1,
                        "label": [
                            "ACTOR"
                        ],
                        "sent_index": 0,
                        "type": "subject",
                        "ids": [
                            1,
                            1016
                        ],
                        "texts": [
                            "LoudMiner"
                        ],
                        "sub_label": [
                            "MALWARE"
                        ]
                    },
                    "verb": {
                        "negation": false,
                        "text": "launch",
                        "index": 1,
                        "flag": 0
                    },
                    "obj": {
                        "start": 23,
                        "end": 36,
                        "text": "QEMU services",
                        "id": 5,
                        "verbs": [
                            "launch"
                        ],
                        "label": [
                            "FUNCTION"
                        ],
                        "sent_index": 0,
                        "type": "object"
                    }
                },
                {
                    "sub": {
                        "start": 23,
                        "end": 36,
                        "text": "QEMU services",
                        "id": 5,
                        "verbs": [
                            "launch"
                        ],
                        "label": [
                            "FUNCTION"
                        ],
                        "sent_index": 0,
                        "type": "subject"
                    },
                    "verb": {
                        "negation": false,
                        "text": "in",
                        "index": 5,
                        "flag": 0
                    },
                    "obj": {
                        "start": 44,
                        "end": 62,
                        "text": "/Library/LaunchDaemons/ folder",
                        "id": 9,
                        "label": [
                            "DIRECTORY"
                        ],
                        "sent_index": 0,
                        "type": "object"
                    }
                },
                {
                    "sub": {
                        "start": 0,
                        "end": 9,
                        "text": "LoudMiner",
                        "id": 1,
                        "label": [
                            "FUNCTION"
                        ],
                        "sent_index": 0,
                        "type": "subject"
                    },
                    "verb": {
                        "negation": false,
                        "text": "in",
                        "index": 5,
                        "flag": 0
                    },
                    "obj": {
                        "start": 44,
                        "end": 62,
                        "text": "/Library/LaunchDaemons/ folder",
                        "id": 9,
                        "label": [
                            "DIRECTORY"
                        ],
                        "sent_index": 0,
                        "type": "object"
                    }
                },
                {
                    "sub": {
                        "start": 0,
                        "end": 9,
                        "text": "LoudMiner",
                        "id": 1,
                        "label": [
                            "FUNCTION"
                        ],
                        "sent_index": 0,
                        "type": "subject"
                    },
                    "verb": {
                        "negation": false,
                        "text": "use",
                        "index": 9,
                        "flag": 0
                    },
                    "obj": {
                        "start": 69,
                        "end": 78,
                        "text": "launchctl",
                        "id": 11,
                        "verbs": [
                            "use"
                        ],
                        "label": [
                            "FUNCTION"
                        ],
                        "sent_index": 0,
                        "type": "object",
                        "ids": [
                            11,
                            1001
                        ],
                        "texts": [
                            "launchctl"
                        ]
                    }
                }
            ]
        },
        {
            "id": 1,
            "text": "It also uses launchctl to unload all LaunchDaemons when updating to a newer version of LoudMiner.",
            "svos": [
                {
                    "sub": {
                        "start": 0,
                        "end": 2,
                        "text": "It",
                        "id": 1,
                        "label": [
                            "ACTOR"
                        ],
                        "sent_index": 1,
                        "type": "subject"
                    },
                    "verb": {
                        "negation": false,
                        "text": "use",
                        "index": 2,
                        "flag": 0
                    },
                    "obj": {
                        "start": 13,
                        "end": 22,
                        "text": "launchctl",
                        "id": 4,
                        "verbs": [
                            "use"
                        ],
                        "label": [
                            "FUNCTION"
                        ],
                        "sent_index": 1,
                        "type": "object"
                    }
                },
                {
                    "sub": {
                        "start": 0,
                        "end": 2,
                        "text": "It",
                        "id": 1,
                        "label": [
                            "OTHER"
                        ],
                        "sent_index": 1,
                        "type": "subject"
                    },
                    "verb": {
                        "negation": false,
                        "text": "unload",
                        "index": 5,
                        "flag": 0
                    },
                    "obj": {
                        "start": 37,
                        "end": 50,
                        "text": "LaunchDaemons",
                        "id": 8,
                        "verbs": [
                            "unload"
                        ],
                        "label": [
                            "FUNCTION"
                        ],
                        "sent_index": 1,
                        "type": "object"
                    }
                },
                {
                    "sub": {
                        "start": 0,
                        "end": 2,
                        "text": "It",
                        "id": 1,
                        "label": [
                            "OTHER"
                        ],
                        "sent_index": 1,
                        "type": "subject"
                    },
                    "verb": {
                        "negation": false,
                        "text": "update",
                        "index": 9,
                        "flag": 0
                    },
                    "obj": {
                        "start": 70,
                        "end": 83,
                        "text": "newer version",
                        "id": 14,
                        "verbs": [
                            "update"
                        ],
                        "label": [
                            "DATA"
                        ],
                        "sent_index": 1,
                        "type": "object"
                    }
                },
                {
                    "sub": {
                        "start": 70,
                        "end": 83,
                        "text": "newer version",
                        "id": 14,
                        "verbs": [
                            "update"
                        ],
                        "label": [
                            "DATA"
                        ],
                        "sent_index": 1,
                        "type": "subject"
                    },
                    "verb": {
                        "negation": false,
                        "text": "of",
                        "index": 14,
                        "flag": 0
                    },
                    "obj": {
                        "start": 87,
                        "end": 96,
                        "text": "LoudMiner",
                        "id": 16,
                        "label": [
                            "FUNCTION"
                        ],
                        "sent_index": 1,
                        "type": "object"
                    }
                }
            ]
        }
    ],
    "id": "relationship--131d75f1-84c3-4ef8-b858-7f74aa7ce157",
    "tech_id": "T1569.001",
    "location": [],
    "special_id": "T1569.001"
}