{
    "text": "JHUHUGIT can retrieve an additional payload from its C2. JHUHUGIT has a command to download files to the victim's machine.",
    "graph_nodes": [
        {
            "id": 1,
            "contracted": 0,
            "meta": {
                "start": 0,
                "end": 8,
                "text": "JHUHUGIT",
                "id": 1,
                "label": [
                    "ACTOR"
                ],
                "sent_index": 0,
                "type": "subject",
                "ids": [
                    1,
                    1001
                ],
                "texts": [
                    "JHUHUGIT"
                ],
                "sub_label": [
                    "MALWARE"
                ]
            }
        },
        {
            "id": 6,
            "contracted": 0,
            "meta": {
                "start": 36,
                "end": 43,
                "text": "payload",
                "id": 6,
                "verbs": [
                    "retrieve"
                ],
                "label": [
                    "FUNCTION"
                ],
                "sent_index": 0,
                "type": "object"
            }
        },
        {
            "id": 9,
            "contracted": 0,
            "meta": {
                "start": 53,
                "end": 55,
                "text": "C2",
                "id": 9,
                "verbs": [
                    "from"
                ],
                "label": [
                    "NETWORK"
                ],
                "sent_index": 0,
                "type": "object"
            }
        },
        {
            "id": 1004,
            "contracted": 0,
            "meta": {
                "start": 15,
                "end": 22,
                "text": "command",
                "id": 4,
                "verbs": [
                    "have"
                ],
                "label": [
                    "FUNCTION"
                ],
                "sent_index": 1,
                "type": "object"
            }
        },
        {
            "id": 1007,
            "contracted": 0,
            "meta": {
                "start": 35,
                "end": 40,
                "text": "files",
                "id": 7,
                "verbs": [
                    "download"
                ],
                "label": [
                    "DATA"
                ],
                "sent_index": 1,
                "type": "object"
            }
        },
        {
            "id": 1010,
            "contracted": 0,
            "meta": {
                "text": "victim",
                "start": 48,
                "end": 54,
                "id": 10,
                "label": [
                    "USER"
                ],
                "sent_index": 1,
                "type": "object"
            }
        },
        {
            "id": 1012,
            "contracted": 0,
            "meta": {
                "start": 57,
                "end": 64,
                "text": "machine",
                "id": 12,
                "verbs": [
                    "to"
                ],
                "label": [
                    "COMPONENT"
                ],
                "sent_index": 1,
                "type": "object"
            }
        }
    ],
    "graph_edges": [
        {
            "source": 1,
            "dest": 6,
            "index": 0,
            "verb": "retrieve",
            "id": "1_6"
        },
        {
            "source": 1,
            "dest": 9,
            "index": 2,
            "verb": "from",
            "id": "1_9"
        },
        {
            "source": 1,
            "dest": 1004,
            "index": 3,
            "verb": "have",
            "id": "1_1004"
        },
        {
            "source": 6,
            "dest": 9,
            "index": 1,
            "verb": "from",
            "id": "6_9"
        },
        {
            "source": 1004,
            "dest": 1007,
            "index": 4,
            "verb": "download",
            "id": "1004_1007"
        },
        {
            "source": 1007,
            "dest": 1012,
            "index": 5,
            "verb": "to",
            "id": "1007_1012"
        },
        {
            "source": 1012,
            "dest": 1010,
            "index": 6,
            "verb": "of",
            "id": "1012_1010"
        }
    ],
    "replacement_mapper": {},
    "sentences": [
        {
            "id": 0,
            "text": "JHUHUGIT can retrieve an additional payload from its C2.",
            "svos": [
                {
                    "sub": {
                        "start": 0,
                        "end": 8,
                        "text": "JHUHUGIT",
                        "id": 1,
                        "label": [
                            "ACTOR"
                        ],
                        "sent_index": 0,
                        "type": "subject",
                        "ids": [
                            1,
                            1001
                        ],
                        "texts": [
                            "JHUHUGIT"
                        ],
                        "sub_label": [
                            "MALWARE"
                        ]
                    },
                    "verb": {
                        "negation": false,
                        "text": "retrieve",
                        "index": 2,
                        "flag": 0
                    },
                    "obj": {
                        "start": 36,
                        "end": 43,
                        "text": "payload",
                        "id": 6,
                        "verbs": [
                            "retrieve"
                        ],
                        "label": [
                            "FUNCTION"
                        ],
                        "sent_index": 0,
                        "type": "object"
                    }
                },
                {
                    "sub": {
                        "start": 36,
                        "end": 43,
                        "text": "payload",
                        "id": 6,
                        "verbs": [
                            "retrieve"
                        ],
                        "label": [
                            "FUNCTION"
                        ],
                        "sent_index": 0,
                        "type": "subject"
                    },
                    "verb": {
                        "negation": false,
                        "text": "from",
                        "index": 6,
                        "flag": 0
                    },
                    "obj": {
                        "start": 53,
                        "end": 55,
                        "text": "C2",
                        "id": 9,
                        "verbs": [
                            "from"
                        ],
                        "label": [
                            "NETWORK"
                        ],
                        "sent_index": 0,
                        "type": "object"
                    }
                },
                {
                    "sub": {
                        "start": 0,
                        "end": 8,
                        "text": "JHUHUGIT",
                        "id": 1,
                        "label": [
                            "FUNCTION"
                        ],
                        "sent_index": 0,
                        "type": "subject"
                    },
                    "verb": {
                        "negation": false,
                        "text": "from",
                        "index": 6,
                        "flag": 0
                    },
                    "obj": {
                        "start": 53,
                        "end": 55,
                        "text": "C2",
                        "id": 9,
                        "verbs": [
                            "from"
                        ],
                        "label": [
                            "NETWORK"
                        ],
                        "sent_index": 0,
                        "type": "object"
                    }
                }
            ]
        },
        {
            "id": 1,
            "text": "JHUHUGIT has a command to download files to the victim's machine.",
            "svos": [
                {
                    "sub": {
                        "start": 0,
                        "end": 8,
                        "text": "JHUHUGIT",
                        "id": 1,
                        "label": [
                            "FUNCTION"
                        ],
                        "sent_index": 1,
                        "type": "subject"
                    },
                    "verb": {
                        "negation": false,
                        "text": "have",
                        "index": 1,
                        "flag": 0
                    },
                    "obj": {
                        "start": 15,
                        "end": 22,
                        "text": "command",
                        "id": 4,
                        "verbs": [
                            "have"
                        ],
                        "label": [
                            "FUNCTION"
                        ],
                        "sent_index": 1,
                        "type": "object"
                    }
                },
                {
                    "sub": {
                        "start": 15,
                        "end": 22,
                        "text": "command",
                        "id": 4,
                        "verbs": [
                            "have"
                        ],
                        "label": [
                            "FUNCTION"
                        ],
                        "sent_index": 1,
                        "type": "subject"
                    },
                    "verb": {
                        "negation": false,
                        "text": "download",
                        "index": 5,
                        "flag": 0
                    },
                    "obj": {
                        "start": 35,
                        "end": 40,
                        "text": "files",
                        "id": 7,
                        "verbs": [
                            "download"
                        ],
                        "label": [
                            "DATA"
                        ],
                        "sent_index": 1,
                        "type": "object"
                    }
                },
                {
                    "sub": {
                        "start": 35,
                        "end": 40,
                        "text": "files",
                        "id": 7,
                        "verbs": [
                            "download"
                        ],
                        "label": [
                            "DATA"
                        ],
                        "sent_index": 1,
                        "type": "subject"
                    },
                    "verb": {
                        "negation": false,
                        "text": "to",
                        "index": 7,
                        "flag": 0
                    },
                    "obj": {
                        "start": 57,
                        "end": 64,
                        "text": "machine",
                        "id": 12,
                        "verbs": [
                            "to"
                        ],
                        "label": [
                            "COMPONENT"
                        ],
                        "sent_index": 1,
                        "type": "object"
                    }
                },
                {
                    "sub": {
                        "start": 57,
                        "end": 64,
                        "text": "machine",
                        "id": 12,
                        "verbs": [
                            "to"
                        ],
                        "label": [
                            "COMPONENT"
                        ],
                        "sent_index": 1,
                        "type": "subject"
                    },
                    "verb": {
                        "negation": false,
                        "text": "of",
                        "index": 11,
                        "flag": 0
                    },
                    "obj": {
                        "text": "victim",
                        "start": 48,
                        "end": 54,
                        "id": 10,
                        "label": [
                            "USER"
                        ],
                        "sent_index": 1,
                        "type": "object"
                    }
                }
            ]
        }
    ],
    "id": "relationship--f39d9e4d-b4f9-4c12-aa8e-a44f8550b57f",
    "tech_id": "T1105",
    "location": [],
    "special_id": "T1105"
}