{
    "text": "REvil can use WMI to monitor for and kill specific processes listed in its configuration file.",
    "graph_nodes": [
        {
            "id": 1,
            "contracted": 0,
            "meta": {
                "start": 0,
                "end": 5,
                "text": "REvil",
                "id": 1,
                "label": [
                    "ACTOR"
                ],
                "sent_index": 0,
                "type": "subject",
                "sub_label": [
                    "MALWARE"
                ]
            }
        },
        {
            "id": 4,
            "contracted": 0,
            "meta": {
                "start": 14,
                "end": 17,
                "text": "WMI",
                "id": 4,
                "verbs": [
                    "use"
                ],
                "label": [
                    "FUNCTION"
                ],
                "sent_index": 0,
                "type": "object"
            }
        },
        {
            "id": 11,
            "contracted": 0,
            "meta": {
                "start": 51,
                "end": 60,
                "text": "processes",
                "id": 11,
                "verbs": [
                    "monitor"
                ],
                "label": [
                    "FUNCTION"
                ],
                "sent_index": 0,
                "type": "object"
            }
        },
        {
            "id": 16,
            "contracted": 0,
            "meta": {
                "start": 75,
                "end": 93,
                "text": "configuration file",
                "id": 16,
                "verbs": [
                    "list"
                ],
                "label": [
                    "DATA"
                ],
                "sent_index": 0,
                "type": "object"
            }
        }
    ],
    "graph_edges": [
        {
            "source": 1,
            "dest": 4,
            "index": 0,
            "verb": "use",
            "id": "1_4"
        },
        {
            "source": 1,
            "dest": 11,
            "index": 2,
            "verb": "kill",
            "id": "1_11"
        },
        {
            "source": 11,
            "dest": 16,
            "index": 4,
            "verb": "list in",
            "id": "11_16"
        }
    ],
    "replacement_mapper": {},
    "sentences": [
        {
            "id": 0,
            "text": "REvil can use WMI to monitor for and kill specific processes listed in its configuration file.",
            "svos": [
                {
                    "sub": {
                        "start": 0,
                        "end": 5,
                        "text": "REvil",
                        "id": 1,
                        "label": [
                            "ACTOR"
                        ],
                        "sent_index": 0,
                        "type": "subject",
                        "sub_label": [
                            "MALWARE"
                        ]
                    },
                    "verb": {
                        "negation": false,
                        "text": "use",
                        "index": 2,
                        "flag": 0
                    },
                    "obj": {
                        "start": 14,
                        "end": 17,
                        "text": "WMI",
                        "id": 4,
                        "verbs": [
                            "use"
                        ],
                        "label": [
                            "FUNCTION"
                        ],
                        "sent_index": 0,
                        "type": "object"
                    }
                },
                {
                    "sub": {
                        "start": 0,
                        "end": 5,
                        "text": "REvil",
                        "id": 1,
                        "label": [
                            "FUNCTION"
                        ],
                        "sent_index": 0,
                        "type": "subject"
                    },
                    "verb": {
                        "negation": false,
                        "text": "monitor",
                        "index": 5,
                        "flag": 0
                    },
                    "obj": {
                        "start": 51,
                        "end": 60,
                        "text": "processes",
                        "id": 11,
                        "verbs": [
                            "monitor"
                        ],
                        "label": [
                            "FUNCTION"
                        ],
                        "sent_index": 0,
                        "type": "object"
                    }
                },
                {
                    "sub": {
                        "start": 0,
                        "end": 5,
                        "text": "REvil",
                        "id": 1,
                        "label": [
                            "FUNCTION"
                        ],
                        "sent_index": 0,
                        "type": "subject"
                    },
                    "verb": {
                        "negation": false,
                        "text": "kill",
                        "index": 8,
                        "flag": 0
                    },
                    "obj": {
                        "start": 51,
                        "end": 60,
                        "text": "processes",
                        "id": 11,
                        "verbs": [
                            "kill"
                        ],
                        "label": [
                            "FUNCTION"
                        ],
                        "sent_index": 0,
                        "type": "object"
                    }
                },
                {
                    "sub": {
                        "start": 51,
                        "end": 60,
                        "text": "processes",
                        "id": 11,
                        "verbs": [
                            "monitor"
                        ],
                        "label": [
                            "FUNCTION"
                        ],
                        "sent_index": 0,
                        "type": "subject"
                    },
                    "verb": {
                        "negation": false,
                        "text": "list",
                        "index": 11,
                        "flag": 0
                    },
                    "obj": {
                        "start": 75,
                        "end": 93,
                        "text": "configuration file",
                        "id": 16,
                        "verbs": [
                            "list"
                        ],
                        "label": [
                            "DATA"
                        ],
                        "sent_index": 0,
                        "type": "object"
                    }
                },
                {
                    "sub": {
                        "start": 51,
                        "end": 60,
                        "text": "processes",
                        "id": 11,
                        "verbs": [
                            "monitor"
                        ],
                        "label": [
                            "FUNCTION"
                        ],
                        "sent_index": 0,
                        "type": "subject"
                    },
                    "verb": {
                        "negation": false,
                        "text": "list in",
                        "index": 11,
                        "flag": 0
                    },
                    "obj": {
                        "start": 75,
                        "end": 93,
                        "text": "configuration file",
                        "id": 16,
                        "verbs": [
                            "list in"
                        ],
                        "label": [
                            "DATA"
                        ],
                        "sent_index": 0,
                        "type": "object"
                    }
                }
            ]
        }
    ],
    "id": "relationship--9e80392b-1b7c-4e82-9fbf-73d8ddb6b876",
    "tech_id": "T1047",
    "location": [],
    "special_id": "T1047"
}