{
    "text": "Sidewinder has used tools to collect the computer name, OS version, installed hotfixes, as well as information regarding the memory and processor on a compromised host.",
    "graph_nodes": [
        {
            "id": 1,
            "contracted": 0,
            "meta": {
                "start": 0,
                "end": 10,
                "text": "Sidewinder",
                "id": 1,
                "label": [
                    "ACTOR"
                ],
                "sent_index": 0,
                "type": "subject"
            }
        },
        {
            "id": 4,
            "contracted": 0,
            "meta": {
                "start": 20,
                "end": 25,
                "text": "tools",
                "id": 4,
                "verbs": [
                    "use"
                ],
                "label": [
                    "FUNCTION"
                ],
                "sent_index": 0,
                "type": "object"
            }
        },
        {
            "id": 9,
            "contracted": 0,
            "meta": {
                "start": 41,
                "end": 54,
                "text": "computer name",
                "id": 9,
                "verbs": [
                    "collect"
                ],
                "label": [
                    "FUNCTION",
                    "DATA"
                ],
                "sent_index": 0,
                "type": "object",
                "texts": [
                    "installed hotfixes",
                    "computer name",
                    "OS version",
                    "information"
                ]
            }
        },
        {
            "id": 23,
            "contracted": 0,
            "meta": {
                "start": 125,
                "end": 131,
                "text": "memory",
                "id": 23,
                "verbs": [
                    "regard"
                ],
                "label": [
                    "FUNCTION",
                    "DATA"
                ],
                "sent_index": 0,
                "type": "object",
                "texts": [
                    "processor",
                    "memory"
                ]
            }
        },
        {
            "id": 29,
            "contracted": 0,
            "meta": {
                "start": 151,
                "end": 167,
                "text": "compromised host",
                "id": 29,
                "label": [
                    "COMPONENT"
                ],
                "sent_index": 0,
                "type": "object"
            }
        }
    ],
    "graph_edges": [
        {
            "source": 1,
            "dest": 4,
            "index": 0,
            "verb": "use",
            "id": "1_4"
        },
        {
            "source": 1,
            "dest": 9,
            "index": 1,
            "verb": "collect",
            "id": "1_9"
        },
        {
            "source": 9,
            "dest": 23,
            "index": 5,
            "verb": "regard",
            "id": "9_23"
        },
        {
            "source": 23,
            "dest": 29,
            "index": 7,
            "verb": "on",
            "id": "23_29"
        }
    ],
    "replacement_mapper": {},
    "sentences": [
        {
            "id": 0,
            "text": "Sidewinder has used tools to collect the computer name, OS version, installed hotfixes, as well as information regarding the memory and processor on a compromised host.",
            "svos": [
                {
                    "sub": {
                        "start": 0,
                        "end": 10,
                        "text": "Sidewinder",
                        "id": 1,
                        "label": [
                            "ACTOR"
                        ],
                        "sent_index": 0,
                        "type": "subject"
                    },
                    "verb": {
                        "negation": false,
                        "text": "use",
                        "index": 2,
                        "flag": 0
                    },
                    "obj": {
                        "start": 20,
                        "end": 25,
                        "text": "tools",
                        "id": 4,
                        "verbs": [
                            "use"
                        ],
                        "label": [
                            "FUNCTION"
                        ],
                        "sent_index": 0,
                        "type": "object"
                    }
                },
                {
                    "sub": {
                        "start": 0,
                        "end": 10,
                        "text": "Sidewinder",
                        "id": 1,
                        "label": [
                            "ACTOR"
                        ],
                        "sent_index": 0,
                        "type": "subject"
                    },
                    "verb": {
                        "negation": false,
                        "text": "collect",
                        "index": 5,
                        "flag": 0
                    },
                    "obj": {
                        "start": 41,
                        "end": 54,
                        "text": "computer name",
                        "id": 9,
                        "verbs": [
                            "collect"
                        ],
                        "label": [
                            "FUNCTION",
                            "DATA"
                        ],
                        "sent_index": 0,
                        "type": "object",
                        "texts": [
                            "installed hotfixes",
                            "computer name",
                            "OS version",
                            "information"
                        ]
                    }
                },
                {
                    "sub": {
                        "start": 0,
                        "end": 10,
                        "text": "Sidewinder",
                        "id": 1,
                        "label": [
                            "ACTOR"
                        ],
                        "sent_index": 0,
                        "type": "subject"
                    },
                    "verb": {
                        "negation": false,
                        "text": "collect",
                        "index": 5,
                        "flag": 0
                    },
                    "obj": {
                        "start": 99,
                        "end": 110,
                        "text": "information",
                        "id": 20,
                        "verbs": [
                            "collect"
                        ],
                        "label": [
                            "DATA"
                        ],
                        "sent_index": 0,
                        "type": "object"
                    }
                },
                {
                    "sub": {
                        "start": 0,
                        "end": 10,
                        "text": "Sidewinder",
                        "id": 1,
                        "label": [
                            "ACTOR"
                        ],
                        "sent_index": 0,
                        "type": "subject"
                    },
                    "verb": {
                        "negation": false,
                        "text": "collect",
                        "index": 5,
                        "flag": 0
                    },
                    "obj": {
                        "start": 56,
                        "end": 66,
                        "text": "OS version",
                        "id": 12,
                        "verbs": [
                            "collect"
                        ],
                        "label": [
                            "FUNCTION",
                            "DATA"
                        ],
                        "sent_index": 0,
                        "type": "object",
                        "texts": [
                            "installed hotfixes",
                            "OS version"
                        ]
                    }
                },
                {
                    "sub": {
                        "start": 0,
                        "end": 10,
                        "text": "Sidewinder",
                        "id": 1,
                        "label": [
                            "ACTOR"
                        ],
                        "sent_index": 0,
                        "type": "subject"
                    },
                    "verb": {
                        "negation": false,
                        "text": "collect",
                        "index": 5,
                        "flag": 0
                    },
                    "obj": {
                        "start": 68,
                        "end": 86,
                        "text": "installed hotfixes",
                        "id": 15,
                        "verbs": [
                            "collect"
                        ],
                        "label": [
                            "FUNCTION"
                        ],
                        "sent_index": 0,
                        "type": "object"
                    }
                },
                {
                    "sub": {
                        "start": 99,
                        "end": 110,
                        "text": "information",
                        "id": 20,
                        "verbs": [
                            "collect"
                        ],
                        "label": [
                            "DATA"
                        ],
                        "sent_index": 0,
                        "type": "subject"
                    },
                    "verb": {
                        "negation": false,
                        "text": "regard",
                        "index": 20,
                        "flag": 0
                    },
                    "obj": {
                        "start": 125,
                        "end": 131,
                        "text": "memory",
                        "id": 23,
                        "verbs": [
                            "regard"
                        ],
                        "label": [
                            "FUNCTION",
                            "DATA"
                        ],
                        "sent_index": 0,
                        "type": "object",
                        "texts": [
                            "processor",
                            "memory"
                        ]
                    }
                },
                {
                    "sub": {
                        "start": 99,
                        "end": 110,
                        "text": "information",
                        "id": 20,
                        "verbs": [
                            "collect"
                        ],
                        "label": [
                            "DATA"
                        ],
                        "sent_index": 0,
                        "type": "subject"
                    },
                    "verb": {
                        "negation": false,
                        "text": "regard",
                        "index": 20,
                        "flag": 0
                    },
                    "obj": {
                        "start": 136,
                        "end": 145,
                        "text": "processor",
                        "id": 25,
                        "verbs": [
                            "regard"
                        ],
                        "label": [
                            "FUNCTION"
                        ],
                        "sent_index": 0,
                        "type": "object"
                    }
                },
                {
                    "sub": {
                        "start": 125,
                        "end": 131,
                        "text": "memory",
                        "id": 23,
                        "verbs": [
                            "regard",
                            "regard"
                        ],
                        "label": [
                            "DATA"
                        ],
                        "sent_index": 0,
                        "type": "subject"
                    },
                    "verb": {
                        "negation": false,
                        "text": "on",
                        "index": 25,
                        "flag": 0
                    },
                    "obj": {
                        "start": 151,
                        "end": 167,
                        "text": "compromised host",
                        "id": 29,
                        "label": [
                            "COMPONENT"
                        ],
                        "sent_index": 0,
                        "type": "object"
                    }
                }
            ]
        }
    ],
    "id": "relationship--b30cc0be-74f0-42a6-85ef-594d6d184bae",
    "tech_id": "T1082",
    "location": [],
    "special_id": "T1082"
}