{
    "text": "Orangeworm has copied its backdoor across open network shares, such as ADMIN$, C$WINDOWS, D$WINDOWS, and E$WINDOWS.",
    "graph_nodes": [
        {
            "id": 1,
            "contracted": 0,
            "meta": {
                "start": 0,
                "end": 10,
                "text": "Orangeworm",
                "id": 1,
                "label": [
                    "ACTOR"
                ],
                "sent_index": 0,
                "type": "subject"
            }
        },
        {
            "id": 5,
            "contracted": 0,
            "meta": {
                "start": 26,
                "end": 34,
                "text": "backdoor",
                "id": 5,
                "verbs": [
                    "copy"
                ],
                "label": [
                    "FUNCTION"
                ],
                "sent_index": 0,
                "type": "object"
            }
        },
        {
            "id": 9,
            "contracted": 0,
            "meta": {
                "start": 42,
                "end": 61,
                "text": "open network shares",
                "id": 9,
                "verbs": [
                    "across"
                ],
                "label": [
                    "NETWORK",
                    "DATA",
                    "COMPONENT"
                ],
                "sent_index": 0,
                "type": "object",
                "texts": [
                    "open network shares",
                    "C$",
                    "E$WINDOWS",
                    "ADMIN$",
                    "D$WINDOWS",
                    "WINDOWS"
                ]
            }
        }
    ],
    "graph_edges": [
        {
            "source": 1,
            "dest": 5,
            "index": 0,
            "verb": "copy",
            "id": "1_5"
        },
        {
            "source": 1,
            "dest": 9,
            "index": 2,
            "verb": "across",
            "id": "1_9"
        },
        {
            "source": 5,
            "dest": 9,
            "index": 1,
            "verb": "across",
            "id": "5_9"
        }
    ],
    "replacement_mapper": {},
    "sentences": [
        {
            "id": 0,
            "text": "Orangeworm has copied its backdoor across open network shares, such as ADMIN$, C$WINDOWS, D$WINDOWS, and E$WINDOWS.",
            "svos": [
                {
                    "sub": {
                        "start": 0,
                        "end": 10,
                        "text": "Orangeworm",
                        "id": 1,
                        "label": [
                            "ACTOR"
                        ],
                        "sent_index": 0,
                        "type": "subject"
                    },
                    "verb": {
                        "negation": false,
                        "text": "copy",
                        "index": 2,
                        "flag": 0
                    },
                    "obj": {
                        "start": 26,
                        "end": 34,
                        "text": "backdoor",
                        "id": 5,
                        "verbs": [
                            "copy"
                        ],
                        "label": [
                            "FUNCTION"
                        ],
                        "sent_index": 0,
                        "type": "object"
                    }
                },
                {
                    "sub": {
                        "start": 26,
                        "end": 34,
                        "text": "backdoor",
                        "id": 5,
                        "verbs": [
                            "copy"
                        ],
                        "label": [
                            "FUNCTION"
                        ],
                        "sent_index": 0,
                        "type": "subject"
                    },
                    "verb": {
                        "negation": false,
                        "text": "across",
                        "index": 5,
                        "flag": 0
                    },
                    "obj": {
                        "start": 42,
                        "end": 61,
                        "text": "open network shares",
                        "id": 9,
                        "verbs": [
                            "across"
                        ],
                        "label": [
                            "NETWORK",
                            "DATA",
                            "COMPONENT"
                        ],
                        "sent_index": 0,
                        "type": "object",
                        "texts": [
                            "open network shares",
                            "C$",
                            "E$WINDOWS",
                            "ADMIN$",
                            "D$WINDOWS",
                            "WINDOWS"
                        ]
                    }
                },
                {
                    "sub": {
                        "start": 0,
                        "end": 10,
                        "text": "Orangeworm",
                        "id": 1,
                        "label": [
                            "ACTOR"
                        ],
                        "sent_index": 0,
                        "type": "subject"
                    },
                    "verb": {
                        "negation": false,
                        "text": "across",
                        "index": 5,
                        "flag": 0
                    },
                    "obj": {
                        "start": 42,
                        "end": 61,
                        "text": "open network shares",
                        "id": 9,
                        "verbs": [
                            "across"
                        ],
                        "label": [
                            "DATA"
                        ],
                        "sent_index": 0,
                        "type": "object"
                    }
                },
                {
                    "sub": {
                        "start": 42,
                        "end": 61,
                        "text": "open network shares",
                        "id": 9,
                        "verbs": [
                            "across"
                        ],
                        "label": [
                            "DATA"
                        ],
                        "sent_index": 0,
                        "type": "subject"
                    },
                    "verb": {
                        "negation": false,
                        "text": "as",
                        "index": 11,
                        "flag": 1
                    },
                    "obj": {
                        "start": 71,
                        "end": 77,
                        "text": "ADMIN$",
                        "id": 13,
                        "verbs": [
                            "as"
                        ],
                        "label": [
                            "NETWORK"
                        ],
                        "sent_index": 0,
                        "type": "object"
                    }
                },
                {
                    "sub": {
                        "start": 42,
                        "end": 61,
                        "text": "open network shares",
                        "id": 9,
                        "verbs": [
                            "across"
                        ],
                        "label": [
                            "DATA"
                        ],
                        "sent_index": 0,
                        "type": "subject"
                    },
                    "verb": {
                        "negation": false,
                        "text": "as",
                        "index": 11,
                        "flag": 1
                    },
                    "obj": {
                        "start": 79,
                        "end": 81,
                        "text": "C$",
                        "id": 15,
                        "verbs": [
                            "as"
                        ],
                        "label": [
                            "NETWORK"
                        ],
                        "sent_index": 0,
                        "type": "object"
                    }
                },
                {
                    "sub": {
                        "start": 42,
                        "end": 61,
                        "text": "open network shares",
                        "id": 9,
                        "verbs": [
                            "across"
                        ],
                        "label": [
                            "DATA"
                        ],
                        "sent_index": 0,
                        "type": "subject"
                    },
                    "verb": {
                        "negation": false,
                        "text": "as",
                        "index": 11,
                        "flag": 1
                    },
                    "obj": {
                        "start": 81,
                        "end": 88,
                        "text": "WINDOWS",
                        "id": 16,
                        "verbs": [
                            "as"
                        ],
                        "label": [
                            "NETWORK",
                            "COMPONENT"
                        ],
                        "sent_index": 0,
                        "type": "object"
                    }
                },
                {
                    "sub": {
                        "start": 42,
                        "end": 61,
                        "text": "open network shares",
                        "id": 9,
                        "verbs": [
                            "across"
                        ],
                        "label": [
                            "DATA"
                        ],
                        "sent_index": 0,
                        "type": "subject"
                    },
                    "verb": {
                        "negation": false,
                        "text": "as",
                        "index": 11,
                        "flag": 1
                    },
                    "obj": {
                        "start": 90,
                        "end": 99,
                        "text": "D$WINDOWS",
                        "id": 18,
                        "verbs": [
                            "as"
                        ],
                        "label": [
                            "NETWORK",
                            "COMPONENT"
                        ],
                        "sent_index": 0,
                        "type": "object"
                    }
                },
                {
                    "sub": {
                        "start": 42,
                        "end": 61,
                        "text": "open network shares",
                        "id": 9,
                        "verbs": [
                            "across"
                        ],
                        "label": [
                            "DATA"
                        ],
                        "sent_index": 0,
                        "type": "subject"
                    },
                    "verb": {
                        "negation": false,
                        "text": "as",
                        "index": 11,
                        "flag": 1
                    },
                    "obj": {
                        "start": 105,
                        "end": 114,
                        "text": "E$WINDOWS",
                        "id": 21,
                        "verbs": [
                            "as"
                        ],
                        "label": [
                            "NETWORK",
                            "COMPONENT"
                        ],
                        "sent_index": 0,
                        "type": "object"
                    }
                }
            ]
        }
    ],
    "id": "relationship--e09c37a3-ae23-403e-93d5-aef4953bd43c",
    "tech_id": "T1021.002",
    "location": [],
    "special_id": "T1021.002"
}