{
    "text": "Stuxnet infected WinCC machines by a hardcoded database server password.",
    "graph_nodes": [
        {
            "id": 1,
            "contracted": 0,
            "meta": {
                "start": 0,
                "end": 7,
                "text": "Stuxnet",
                "id": 1,
                "label": [
                    "ACTOR"
                ],
                "sent_index": 0,
                "type": "subject",
                "sub_label": [
                    "MALWARE"
                ]
            }
        },
        {
            "id": 4,
            "contracted": 0,
            "meta": {
                "start": 17,
                "end": 31,
                "text": "WinCC machines",
                "id": 4,
                "verbs": [
                    "infect"
                ],
                "label": [
                    "COMPONENT"
                ],
                "sent_index": 0,
                "type": "object"
            }
        },
        {
            "id": 10,
            "contracted": 0,
            "meta": {
                "start": 37,
                "end": 71,
                "text": "hardcoded database server password",
                "id": 10,
                "verbs": [
                    "use"
                ],
                "label": [
                    "DATA"
                ],
                "sent_index": 0,
                "type": "object"
            }
        }
    ],
    "graph_edges": [
        {
            "source": 1,
            "dest": 10,
            "index": 3,
            "verb": "by",
            "id": "1_10"
        },
        {
            "source": 1,
            "dest": 4,
            "index": 1,
            "verb": "infect",
            "id": "1_4"
        },
        {
            "source": 4,
            "dest": 10,
            "index": 2,
            "verb": "by",
            "id": "4_10"
        }
    ],
    "replacement_mapper": {},
    "sentences": [
        {
            "id": 0,
            "text": "Stuxnet infected WinCC machines by a hardcoded database server password.",
            "svos": [
                {
                    "sub": {
                        "start": 0,
                        "end": 7,
                        "text": "Stuxnet",
                        "id": 1,
                        "label": [
                            "ACTOR"
                        ],
                        "sent_index": 0,
                        "type": "subject",
                        "sub_label": [
                            "MALWARE"
                        ]
                    },
                    "verb": {
                        "negation": false,
                        "text": "use",
                        "index": -1,
                        "flag": 0
                    },
                    "obj": {
                        "start": 37,
                        "end": 71,
                        "text": "hardcoded database server password",
                        "id": 10,
                        "verbs": [
                            "use"
                        ],
                        "label": [
                            "DATA"
                        ],
                        "sent_index": 0,
                        "type": "object"
                    }
                },
                {
                    "sub": {
                        "start": 0,
                        "end": 7,
                        "text": "Stuxnet",
                        "id": 1,
                        "label": [
                            "FUNCTION"
                        ],
                        "sent_index": 0,
                        "type": "subject"
                    },
                    "verb": {
                        "negation": false,
                        "text": "infect",
                        "index": 1,
                        "flag": 0
                    },
                    "obj": {
                        "start": 17,
                        "end": 31,
                        "text": "WinCC machines",
                        "id": 4,
                        "verbs": [
                            "infect"
                        ],
                        "label": [
                            "COMPONENT"
                        ],
                        "sent_index": 0,
                        "type": "object"
                    }
                },
                {
                    "sub": {
                        "start": 17,
                        "end": 31,
                        "text": "WinCC machines",
                        "id": 4,
                        "verbs": [
                            "infect"
                        ],
                        "label": [
                            "COMPONENT"
                        ],
                        "sent_index": 0,
                        "type": "subject"
                    },
                    "verb": {
                        "negation": false,
                        "text": "by",
                        "index": 4,
                        "flag": 0
                    },
                    "obj": {
                        "start": 37,
                        "end": 71,
                        "text": "hardcoded database server password",
                        "id": 10,
                        "verbs": [
                            "by"
                        ],
                        "label": [
                            "DATA"
                        ],
                        "sent_index": 0,
                        "type": "object"
                    }
                },
                {
                    "sub": {
                        "start": 0,
                        "end": 7,
                        "text": "Stuxnet",
                        "id": 1,
                        "label": [
                            "FUNCTION"
                        ],
                        "sent_index": 0,
                        "type": "subject"
                    },
                    "verb": {
                        "negation": false,
                        "text": "by",
                        "index": 4,
                        "flag": 0
                    },
                    "obj": {
                        "start": 37,
                        "end": 71,
                        "text": "hardcoded database server password",
                        "id": 10,
                        "verbs": [
                            "by"
                        ],
                        "label": [
                            "DATA"
                        ],
                        "sent_index": 0,
                        "type": "object"
                    }
                }
            ]
        }
    ],
    "id": "relationship--9c8be5c7-5f72-4c60-aaf7-f1f62eaf91f2",
    "tech_id": "T1078.001",
    "location": [],
    "special_id": "T1078.001"
}