{
    "text": "Wizard Spider has modified the Registry key REGISTRY0 by setting the UseLogonCredential registry value to 1 to force credentials to be stored in clear text in memory. Wizard Spider has also modified the WDigest registry key to allow plaintext credentials to be cached in memory.",
    "graph_nodes": [
        {
            "id": 2,
            "contracted": 0,
            "meta": {
                "start": 0,
                "end": 13,
                "text": "Wizard Spider",
                "id": 2,
                "label": [
                    "ACTOR"
                ],
                "sent_index": 0,
                "type": "subject",
                "texts": [
                    "Wizard Spider"
                ]
            }
        },
        {
            "id": 8,
            "contracted": 0,
            "meta": {
                "start": 31,
                "end": 53,
                "text": "Registry key HKLM\\System\\CurrentControlSet\\Control\\SecurityProviders\\WDigest",
                "id": 8,
                "verbs": [
                    "modify"
                ],
                "label": [
                    "REGISTRY"
                ],
                "sent_index": 0,
                "type": "object"
            }
        },
        {
            "id": 14,
            "contracted": 0,
            "meta": {
                "start": 69,
                "end": 102,
                "text": "UseLogonCredential registry value",
                "id": 14,
                "verbs": [
                    "set"
                ],
                "label": [
                    "REGISTRY"
                ],
                "sent_index": 0,
                "type": "object"
            }
        },
        {
            "id": 16,
            "contracted": 0,
            "meta": {
                "start": 106,
                "end": 107,
                "text": "1",
                "id": 16,
                "verbs": [
                    "to"
                ],
                "label": [
                    "OTHER"
                ],
                "sent_index": 0,
                "type": "object"
            }
        },
        {
            "id": 19,
            "contracted": 0,
            "meta": {
                "start": 117,
                "end": 128,
                "text": "credentials",
                "id": 19,
                "verbs": [
                    "store"
                ],
                "label": [
                    "DATA"
                ],
                "sent_index": 0,
                "type": "object"
            }
        },
        {
            "id": 25,
            "contracted": 0,
            "meta": {
                "start": 145,
                "end": 155,
                "text": "clear text",
                "id": 25,
                "label": [
                    "DATA"
                ],
                "sent_index": 0,
                "type": "object"
            }
        },
        {
            "id": 27,
            "contracted": 0,
            "meta": {
                "start": 159,
                "end": 165,
                "text": "memory",
                "id": 27,
                "label": [
                    "DATA"
                ],
                "sent_index": 0,
                "type": "object"
            }
        },
        {
            "id": 1009,
            "contracted": 0,
            "meta": {
                "start": 36,
                "end": 56,
                "text": "WDigest registry key",
                "id": 9,
                "verbs": [
                    "modify"
                ],
                "label": [
                    "REGISTRY"
                ],
                "sent_index": 1,
                "type": "object"
            }
        },
        {
            "id": 1013,
            "contracted": 0,
            "meta": {
                "start": 66,
                "end": 87,
                "text": "plaintext credentials",
                "id": 13,
                "verbs": [
                    "cache"
                ],
                "label": [
                    "DATA"
                ],
                "sent_index": 1,
                "type": "object"
            }
        },
        {
            "id": 1018,
            "contracted": 0,
            "meta": {
                "start": 104,
                "end": 110,
                "text": "memory",
                "id": 18,
                "label": [
                    "DATA"
                ],
                "sent_index": 1,
                "type": "object"
            }
        }
    ],
    "graph_edges": [
        {
            "source": 2,
            "dest": 8,
            "index": 0,
            "verb": "modify",
            "id": "2_8"
        },
        {
            "source": 2,
            "dest": 14,
            "index": 1,
            "verb": "set",
            "id": "2_14"
        },
        {
            "source": 2,
            "dest": 19,
            "index": 3,
            "verb": "store",
            "id": "2_19"
        },
        {
            "source": 2,
            "dest": 1009,
            "index": 6,
            "verb": "modify",
            "id": "2_1009"
        },
        {
            "source": 2,
            "dest": 1013,
            "index": 7,
            "verb": "cache",
            "id": "2_1013"
        },
        {
            "source": 14,
            "dest": 16,
            "index": 2,
            "verb": "to",
            "id": "14_16"
        },
        {
            "source": 19,
            "dest": 25,
            "index": 4,
            "verb": "in",
            "id": "19_25"
        },
        {
            "source": 19,
            "dest": 27,
            "index": 5,
            "verb": "in",
            "id": "19_27"
        },
        {
            "source": 1013,
            "dest": 1018,
            "index": 8,
            "verb": "in",
            "id": "1013_1018"
        }
    ],
    "replacement_mapper": {
        "REGISTRY0": {
            "text": "HKLM\\System\\CurrentControlSet\\Control\\SecurityProviders\\WDigest",
            "label": "REGISTRY"
        }
    },
    "sentences": [
        {
            "id": 0,
            "text": "Wizard Spider has modified the Registry key HKLM\\System\\CurrentControlSet\\Control\\SecurityProviders\\WDigest by setting the UseLogonCredential registry value to 1 to force credentials to be stored in clear text in memory.",
            "svos": [
                {
                    "sub": {
                        "start": 0,
                        "end": 13,
                        "text": "Wizard Spider",
                        "id": 2,
                        "label": [
                            "ACTOR"
                        ],
                        "sent_index": 0,
                        "type": "subject",
                        "texts": [
                            "Wizard Spider"
                        ]
                    },
                    "verb": {
                        "negation": false,
                        "text": "modify",
                        "index": 3,
                        "flag": 0
                    },
                    "obj": {
                        "start": 31,
                        "end": 53,
                        "text": "Registry key HKLM\\System\\CurrentControlSet\\Control\\SecurityProviders\\WDigest",
                        "id": 8,
                        "verbs": [
                            "modify"
                        ],
                        "label": [
                            "REGISTRY"
                        ],
                        "sent_index": 0,
                        "type": "object"
                    }
                },
                {
                    "sub": {
                        "start": 0,
                        "end": 13,
                        "text": "Wizard Spider",
                        "id": 2,
                        "label": [
                            "ACTOR"
                        ],
                        "sent_index": 0,
                        "type": "subject"
                    },
                    "verb": {
                        "negation": false,
                        "text": "set",
                        "index": 9,
                        "flag": 0
                    },
                    "obj": {
                        "start": 69,
                        "end": 102,
                        "text": "UseLogonCredential registry value",
                        "id": 14,
                        "verbs": [
                            "set"
                        ],
                        "label": [
                            "REGISTRY"
                        ],
                        "sent_index": 0,
                        "type": "object"
                    }
                },
                {
                    "sub": {
                        "start": 69,
                        "end": 102,
                        "text": "UseLogonCredential registry value",
                        "id": 14,
                        "verbs": [
                            "set"
                        ],
                        "label": [
                            "REGISTRY"
                        ],
                        "sent_index": 0,
                        "type": "subject"
                    },
                    "verb": {
                        "negation": false,
                        "text": "to",
                        "index": 14,
                        "flag": 0
                    },
                    "obj": {
                        "start": 106,
                        "end": 107,
                        "text": "1",
                        "id": 16,
                        "verbs": [
                            "to"
                        ],
                        "label": [
                            "OTHER"
                        ],
                        "sent_index": 0,
                        "type": "object"
                    }
                },
                {
                    "sub": {
                        "text": "ANY",
                        "start": 0,
                        "end": 0,
                        "label": [
                            "ACTOR"
                        ],
                        "id": 0,
                        "sent_index": 0,
                        "type": "subject"
                    },
                    "verb": {
                        "negation": false,
                        "text": "store",
                        "index": 21,
                        "flag": 0
                    },
                    "obj": {
                        "start": 117,
                        "end": 128,
                        "text": "credentials",
                        "id": 19,
                        "verbs": [
                            "store"
                        ],
                        "label": [
                            "DATA"
                        ],
                        "sent_index": 0,
                        "type": "object"
                    }
                },
                {
                    "sub": {
                        "start": 117,
                        "end": 128,
                        "text": "credentials",
                        "id": 19,
                        "verbs": [
                            "store"
                        ],
                        "label": [
                            "DATA"
                        ],
                        "sent_index": 0,
                        "type": "subject"
                    },
                    "verb": {
                        "negation": false,
                        "text": "in",
                        "index": 22,
                        "flag": 0
                    },
                    "obj": {
                        "start": 145,
                        "end": 155,
                        "text": "clear text",
                        "id": 25,
                        "label": [
                            "DATA"
                        ],
                        "sent_index": 0,
                        "type": "object"
                    }
                },
                {
                    "sub": {
                        "start": 117,
                        "end": 128,
                        "text": "credentials",
                        "id": 19,
                        "verbs": [
                            "store"
                        ],
                        "label": [
                            "DATA"
                        ],
                        "sent_index": 0,
                        "type": "subject"
                    },
                    "verb": {
                        "negation": false,
                        "text": "in",
                        "index": 25,
                        "flag": 0
                    },
                    "obj": {
                        "start": 159,
                        "end": 165,
                        "text": "memory",
                        "id": 27,
                        "label": [
                            "DATA"
                        ],
                        "sent_index": 0,
                        "type": "object"
                    }
                }
            ]
        },
        {
            "id": 1,
            "text": "Wizard Spider has also modified the WDigest registry key to allow plaintext credentials to be cached in memory.",
            "svos": [
                {
                    "sub": {
                        "start": 0,
                        "end": 13,
                        "text": "Wizard Spider",
                        "id": 2,
                        "label": [
                            "ACTOR"
                        ],
                        "sent_index": 1,
                        "type": "subject"
                    },
                    "verb": {
                        "negation": false,
                        "text": "modify",
                        "index": 4,
                        "flag": 0
                    },
                    "obj": {
                        "start": 36,
                        "end": 56,
                        "text": "WDigest registry key",
                        "id": 9,
                        "verbs": [
                            "modify"
                        ],
                        "label": [
                            "REGISTRY"
                        ],
                        "sent_index": 1,
                        "type": "object"
                    }
                },
                {
                    "sub": {
                        "text": "ANY",
                        "start": 0,
                        "end": 0,
                        "label": [
                            "ACTOR"
                        ],
                        "id": 0,
                        "sent_index": 1,
                        "type": "subject"
                    },
                    "verb": {
                        "negation": false,
                        "text": "cache",
                        "index": 15,
                        "flag": 0
                    },
                    "obj": {
                        "start": 66,
                        "end": 87,
                        "text": "plaintext credentials",
                        "id": 13,
                        "verbs": [
                            "cache"
                        ],
                        "label": [
                            "DATA"
                        ],
                        "sent_index": 1,
                        "type": "object"
                    }
                },
                {
                    "sub": {
                        "start": 66,
                        "end": 87,
                        "text": "plaintext credentials",
                        "id": 13,
                        "verbs": [
                            "cache"
                        ],
                        "label": [
                            "DATA"
                        ],
                        "sent_index": 1,
                        "type": "subject"
                    },
                    "verb": {
                        "negation": false,
                        "text": "in",
                        "index": 16,
                        "flag": 0
                    },
                    "obj": {
                        "start": 104,
                        "end": 110,
                        "text": "memory",
                        "id": 18,
                        "label": [
                            "DATA"
                        ],
                        "sent_index": 1,
                        "type": "object"
                    }
                }
            ]
        }
    ],
    "id": "relationship--75f0ea4c-5b88-4b14-9859-67379f4ba9b0",
    "tech_id": "T1112",
    "location": [],
    "special_id": "T1112"
}