{
    "text": "Briba uses rundll32 within Registry Run Keys / Startup Folder entries to execute malicious DLLs.",
    "graph_nodes": [
        {
            "id": 1,
            "contracted": 0,
            "meta": {
                "start": 0,
                "end": 5,
                "text": "Briba",
                "id": 1,
                "label": [
                    "ACTOR"
                ],
                "sent_index": 0,
                "type": "subject",
                "sub_label": [
                    "MALWARE"
                ]
            }
        },
        {
            "id": 3,
            "contracted": 0,
            "meta": {
                "start": 11,
                "end": 19,
                "text": "rundll32",
                "id": 3,
                "verbs": [
                    "use"
                ],
                "label": [
                    "FUNCTION"
                ],
                "sent_index": 0,
                "type": "object"
            }
        },
        {
            "id": 11,
            "contracted": 0,
            "meta": {
                "start": 27,
                "end": 69,
                "text": "Registry Run Keys / Startup Folder entries",
                "id": 11,
                "verbs": [
                    "within"
                ],
                "label": [
                    "OTHER"
                ],
                "sent_index": 0,
                "type": "object"
            }
        },
        {
            "id": 15,
            "contracted": 0,
            "meta": {
                "start": 91,
                "end": 95,
                "text": "DLLs",
                "id": 15,
                "verbs": [
                    "execute"
                ],
                "label": [
                    "REGISTRY"
                ],
                "sent_index": 0,
                "type": "object"
            }
        }
    ],
    "graph_edges": [
        {
            "source": 1,
            "dest": 3,
            "index": 0,
            "verb": "use",
            "id": "1_3"
        },
        {
            "source": 1,
            "dest": 11,
            "index": 2,
            "verb": "within",
            "id": "1_11"
        },
        {
            "source": 1,
            "dest": 15,
            "index": 3,
            "verb": "execute",
            "id": "1_15"
        },
        {
            "source": 3,
            "dest": 11,
            "index": 1,
            "verb": "within",
            "id": "3_11"
        }
    ],
    "replacement_mapper": {},
    "sentences": [
        {
            "id": 0,
            "text": "Briba uses rundll32 within Registry Run Keys / Startup Folder entries to execute malicious DLLs.",
            "svos": [
                {
                    "sub": {
                        "start": 0,
                        "end": 5,
                        "text": "Briba",
                        "id": 1,
                        "label": [
                            "ACTOR"
                        ],
                        "sent_index": 0,
                        "type": "subject",
                        "sub_label": [
                            "MALWARE"
                        ]
                    },
                    "verb": {
                        "negation": false,
                        "text": "use",
                        "index": 1,
                        "flag": 0
                    },
                    "obj": {
                        "start": 11,
                        "end": 19,
                        "text": "rundll32",
                        "id": 3,
                        "verbs": [
                            "use"
                        ],
                        "label": [
                            "FUNCTION"
                        ],
                        "sent_index": 0,
                        "type": "object"
                    }
                },
                {
                    "sub": {
                        "start": 11,
                        "end": 19,
                        "text": "rundll32",
                        "id": 3,
                        "verbs": [
                            "use"
                        ],
                        "label": [
                            "FUNCTION"
                        ],
                        "sent_index": 0,
                        "type": "subject"
                    },
                    "verb": {
                        "negation": false,
                        "text": "within",
                        "index": 3,
                        "flag": 0
                    },
                    "obj": {
                        "start": 27,
                        "end": 69,
                        "text": "Registry Run Keys / Startup Folder entries",
                        "id": 11,
                        "verbs": [
                            "within"
                        ],
                        "label": [
                            "OTHER"
                        ],
                        "sent_index": 0,
                        "type": "object"
                    }
                },
                {
                    "sub": {
                        "start": 0,
                        "end": 5,
                        "text": "Briba",
                        "id": 1,
                        "label": [
                            "FUNCTION"
                        ],
                        "sent_index": 0,
                        "type": "subject"
                    },
                    "verb": {
                        "negation": false,
                        "text": "within",
                        "index": 3,
                        "flag": 0
                    },
                    "obj": {
                        "start": 27,
                        "end": 69,
                        "text": "Registry Run Keys / Startup Folder entries",
                        "id": 11,
                        "verbs": [
                            "within"
                        ],
                        "label": [
                            "OTHER"
                        ],
                        "sent_index": 0,
                        "type": "object"
                    }
                },
                {
                    "sub": {
                        "start": 0,
                        "end": 5,
                        "text": "Briba",
                        "id": 1,
                        "label": [
                            "FUNCTION"
                        ],
                        "sent_index": 0,
                        "type": "subject"
                    },
                    "verb": {
                        "negation": false,
                        "text": "execute",
                        "index": 12,
                        "flag": 0
                    },
                    "obj": {
                        "start": 91,
                        "end": 95,
                        "text": "DLLs",
                        "id": 15,
                        "verbs": [
                            "execute"
                        ],
                        "label": [
                            "REGISTRY"
                        ],
                        "sent_index": 0,
                        "type": "object"
                    }
                }
            ]
        }
    ],
    "id": "relationship--138da0bb-befa-45cd-9ca4-c74b86ac61ff",
    "tech_id": "T1218.011",
    "location": [],
    "special_id": "T1218.011"
}