{
    "text": "Ember Bear has sent spearphishing emails containing malicious attachments such as PDFs, Word documents, JavaScript files, and Control Panel File (CPL) executables.",
    "graph_nodes": [
        {
            "id": 2,
            "contracted": 0,
            "meta": {
                "start": 0,
                "end": 10,
                "text": "Ember Bear",
                "id": 2,
                "label": [
                    "ACTOR"
                ],
                "sent_index": 0,
                "type": "subject"
            }
        },
        {
            "id": 6,
            "contracted": 0,
            "meta": {
                "start": 20,
                "end": 40,
                "text": "spearphishing emails",
                "id": 6,
                "verbs": [
                    "send"
                ],
                "label": [
                    "NETWORK"
                ],
                "sent_index": 0,
                "type": "object"
            }
        },
        {
            "id": 9,
            "contracted": 0,
            "meta": {
                "start": 62,
                "end": 73,
                "text": "attachments",
                "id": 9,
                "verbs": [
                    "contain"
                ],
                "label": [
                    "FUNCTION",
                    "DATA",
                    "OTHER"
                ],
                "sent_index": 0,
                "type": "object",
                "texts": [
                    "JavaScript files",
                    "PDFs",
                    "attachments",
                    "Word documents",
                    "Control Panel File (CPL) executables"
                ]
            }
        }
    ],
    "graph_edges": [
        {
            "source": 2,
            "dest": 6,
            "index": 0,
            "verb": "send",
            "id": "2_6"
        },
        {
            "source": 6,
            "dest": 9,
            "index": 1,
            "verb": "contain",
            "id": "6_9"
        }
    ],
    "replacement_mapper": {},
    "sentences": [
        {
            "id": 0,
            "text": "Ember Bear has sent spearphishing emails containing malicious attachments such as PDFs, Word documents, JavaScript files, and Control Panel File (CPL) executables.",
            "svos": [
                {
                    "sub": {
                        "start": 0,
                        "end": 10,
                        "text": "Ember Bear",
                        "id": 2,
                        "label": [
                            "ACTOR"
                        ],
                        "sent_index": 0,
                        "type": "subject"
                    },
                    "verb": {
                        "negation": false,
                        "text": "send",
                        "index": 3,
                        "flag": 0
                    },
                    "obj": {
                        "start": 20,
                        "end": 40,
                        "text": "spearphishing emails",
                        "id": 6,
                        "verbs": [
                            "send"
                        ],
                        "label": [
                            "NETWORK"
                        ],
                        "sent_index": 0,
                        "type": "object"
                    }
                },
                {
                    "sub": {
                        "start": 20,
                        "end": 40,
                        "text": "spearphishing emails",
                        "id": 6,
                        "verbs": [
                            "send"
                        ],
                        "label": [
                            "NETWORK"
                        ],
                        "sent_index": 0,
                        "type": "subject"
                    },
                    "verb": {
                        "negation": false,
                        "text": "contain",
                        "index": 6,
                        "flag": 0
                    },
                    "obj": {
                        "start": 62,
                        "end": 73,
                        "text": "attachments",
                        "id": 9,
                        "verbs": [
                            "contain"
                        ],
                        "label": [
                            "FUNCTION",
                            "DATA",
                            "OTHER"
                        ],
                        "sent_index": 0,
                        "type": "object",
                        "texts": [
                            "JavaScript files",
                            "PDFs",
                            "attachments",
                            "Word documents",
                            "Control Panel File (CPL) executables"
                        ]
                    }
                },
                {
                    "sub": {
                        "start": 62,
                        "end": 73,
                        "text": "attachments",
                        "id": 9,
                        "verbs": [
                            "contain"
                        ],
                        "label": [
                            "DATA"
                        ],
                        "sent_index": 0,
                        "type": "subject"
                    },
                    "verb": {
                        "negation": false,
                        "text": "as",
                        "index": 10,
                        "flag": 1
                    },
                    "obj": {
                        "start": 82,
                        "end": 86,
                        "text": "PDFs",
                        "id": 12,
                        "verbs": [
                            "as"
                        ],
                        "label": [
                            "DATA"
                        ],
                        "sent_index": 0,
                        "type": "object"
                    }
                },
                {
                    "sub": {
                        "start": 62,
                        "end": 73,
                        "text": "attachments",
                        "id": 9,
                        "verbs": [
                            "contain"
                        ],
                        "label": [
                            "DATA"
                        ],
                        "sent_index": 0,
                        "type": "subject"
                    },
                    "verb": {
                        "negation": false,
                        "text": "as",
                        "index": 10,
                        "flag": 1
                    },
                    "obj": {
                        "start": 88,
                        "end": 102,
                        "text": "Word documents",
                        "id": 15,
                        "verbs": [
                            "as"
                        ],
                        "label": [
                            "DATA"
                        ],
                        "sent_index": 0,
                        "type": "object"
                    }
                },
                {
                    "sub": {
                        "start": 62,
                        "end": 73,
                        "text": "attachments",
                        "id": 9,
                        "verbs": [
                            "contain"
                        ],
                        "label": [
                            "DATA"
                        ],
                        "sent_index": 0,
                        "type": "subject"
                    },
                    "verb": {
                        "negation": false,
                        "text": "as",
                        "index": 10,
                        "flag": 1
                    },
                    "obj": {
                        "start": 104,
                        "end": 120,
                        "text": "JavaScript files",
                        "id": 18,
                        "verbs": [
                            "as"
                        ],
                        "label": [
                            "FUNCTION"
                        ],
                        "sent_index": 0,
                        "type": "object"
                    }
                },
                {
                    "sub": {
                        "start": 62,
                        "end": 73,
                        "text": "attachments",
                        "id": 9,
                        "verbs": [
                            "contain"
                        ],
                        "label": [
                            "DATA"
                        ],
                        "sent_index": 0,
                        "type": "subject"
                    },
                    "verb": {
                        "negation": false,
                        "text": "as",
                        "index": 10,
                        "flag": 1
                    },
                    "obj": {
                        "start": 126,
                        "end": 162,
                        "text": "Control Panel File (CPL) executables",
                        "id": 27,
                        "verbs": [
                            "as"
                        ],
                        "label": [
                            "OTHER"
                        ],
                        "sent_index": 0,
                        "type": "object"
                    }
                }
            ]
        }
    ],
    "id": "relationship--030638ac-8aee-4c3d-9f2a-c6037ab2f5b9",
    "tech_id": "T1566.001",
    "location": [],
    "special_id": "T1566.001"
}