{
    "text": "LaZagne can obtain credential information from DIRECTORY0 using the shadow.py module.",
    "graph_nodes": [
        {
            "id": 1,
            "contracted": 0,
            "meta": {
                "start": 0,
                "end": 7,
                "text": "LaZagne",
                "id": 1,
                "label": [
                    "FUNCTION"
                ],
                "sent_index": 0,
                "type": "subject"
            }
        },
        {
            "id": 5,
            "contracted": 0,
            "meta": {
                "start": 19,
                "end": 41,
                "text": "credential information",
                "id": 5,
                "verbs": [
                    "obtain"
                ],
                "label": [
                    "DATA"
                ],
                "sent_index": 0,
                "type": "object"
            }
        },
        {
            "id": 7,
            "contracted": 0,
            "meta": {
                "start": 47,
                "end": 57,
                "text": "/etc/shadow",
                "id": 7,
                "verbs": [
                    "from"
                ],
                "label": [
                    "DIRECTORY"
                ],
                "sent_index": 0,
                "type": "object"
            }
        },
        {
            "id": 11,
            "contracted": 0,
            "meta": {
                "start": 68,
                "end": 84,
                "text": "shadow.py module",
                "id": 11,
                "verbs": [
                    "use"
                ],
                "label": [
                    "FUNCTION"
                ],
                "sent_index": 0,
                "type": "object"
            }
        }
    ],
    "graph_edges": [
        {
            "source": 1,
            "dest": 5,
            "index": 0,
            "verb": "obtain",
            "id": "1_5"
        },
        {
            "source": 1,
            "dest": 7,
            "index": 2,
            "verb": "from",
            "id": "1_7"
        },
        {
            "source": 1,
            "dest": 11,
            "index": 3,
            "verb": "use",
            "id": "1_11"
        },
        {
            "source": 5,
            "dest": 7,
            "index": 1,
            "verb": "from",
            "id": "5_7"
        }
    ],
    "replacement_mapper": {
        "DIRECTORY0": {
            "text": "/etc/shadow",
            "label": "DIRECTORY"
        }
    },
    "sentences": [
        {
            "id": 0,
            "text": "LaZagne can obtain credential information from /etc/shadow using the shadow.py module.",
            "svos": [
                {
                    "sub": {
                        "start": 0,
                        "end": 7,
                        "text": "LaZagne",
                        "id": 1,
                        "label": [
                            "FUNCTION"
                        ],
                        "sent_index": 0,
                        "type": "subject"
                    },
                    "verb": {
                        "negation": false,
                        "text": "obtain",
                        "index": 2,
                        "flag": 0
                    },
                    "obj": {
                        "start": 19,
                        "end": 41,
                        "text": "credential information",
                        "id": 5,
                        "verbs": [
                            "obtain"
                        ],
                        "label": [
                            "DATA"
                        ],
                        "sent_index": 0,
                        "type": "object"
                    }
                },
                {
                    "sub": {
                        "start": 19,
                        "end": 41,
                        "text": "credential information",
                        "id": 5,
                        "verbs": [
                            "obtain"
                        ],
                        "label": [
                            "DATA"
                        ],
                        "sent_index": 0,
                        "type": "subject"
                    },
                    "verb": {
                        "negation": false,
                        "text": "from",
                        "index": 5,
                        "flag": 0
                    },
                    "obj": {
                        "start": 47,
                        "end": 57,
                        "text": "/etc/shadow",
                        "id": 7,
                        "verbs": [
                            "from"
                        ],
                        "label": [
                            "DIRECTORY"
                        ],
                        "sent_index": 0,
                        "type": "object"
                    }
                },
                {
                    "sub": {
                        "start": 0,
                        "end": 7,
                        "text": "LaZagne",
                        "id": 1,
                        "label": [
                            "FUNCTION"
                        ],
                        "sent_index": 0,
                        "type": "subject"
                    },
                    "verb": {
                        "negation": false,
                        "text": "from",
                        "index": 5,
                        "flag": 0
                    },
                    "obj": {
                        "start": 47,
                        "end": 57,
                        "text": "/etc/shadow",
                        "id": 7,
                        "verbs": [
                            "from"
                        ],
                        "label": [
                            "DIRECTORY"
                        ],
                        "sent_index": 0,
                        "type": "object"
                    }
                },
                {
                    "sub": {
                        "start": 0,
                        "end": 7,
                        "text": "LaZagne",
                        "id": 1,
                        "label": [
                            "FUNCTION"
                        ],
                        "sent_index": 0,
                        "type": "subject"
                    },
                    "verb": {
                        "negation": false,
                        "text": "use",
                        "index": 7,
                        "flag": 0
                    },
                    "obj": {
                        "start": 68,
                        "end": 84,
                        "text": "shadow.py module",
                        "id": 11,
                        "verbs": [
                            "use"
                        ],
                        "label": [
                            "FUNCTION"
                        ],
                        "sent_index": 0,
                        "type": "object"
                    }
                }
            ]
        }
    ],
    "id": "relationship--3822f934-0b93-417b-bb1d-06218d51922e",
    "tech_id": "T1003.008",
    "location": [],
    "special_id": "T1003.008"
}