{
    "text": "APT18 uses cmd.exe to execute commands on the victim's machine.",
    "graph_nodes": [
        {
            "id": 1,
            "contracted": 0,
            "meta": {
                "start": 0,
                "end": 5,
                "text": "APT18",
                "id": 1,
                "label": [
                    "ACTOR"
                ],
                "sent_index": 0,
                "type": "subject"
            }
        },
        {
            "id": 3,
            "contracted": 0,
            "meta": {
                "start": 11,
                "end": 18,
                "text": "cmd.exe",
                "id": 3,
                "verbs": [
                    "use"
                ],
                "label": [
                    "FUNCTION"
                ],
                "sent_index": 0,
                "type": "object"
            }
        },
        {
            "id": 6,
            "contracted": 0,
            "meta": {
                "start": 30,
                "end": 38,
                "text": "commands",
                "id": 6,
                "verbs": [
                    "execute"
                ],
                "label": [
                    "FUNCTION"
                ],
                "sent_index": 0,
                "type": "object"
            }
        },
        {
            "id": 9,
            "contracted": 0,
            "meta": {
                "text": "victim",
                "start": 46,
                "end": 52,
                "id": 9,
                "label": [
                    "USER"
                ],
                "sent_index": 0,
                "type": "object"
            }
        },
        {
            "id": 11,
            "contracted": 0,
            "meta": {
                "start": 55,
                "end": 62,
                "text": "machine",
                "id": 11,
                "label": [
                    "COMPONENT"
                ],
                "sent_index": 0,
                "type": "object"
            }
        }
    ],
    "graph_edges": [
        {
            "source": 1,
            "dest": 3,
            "index": 0,
            "verb": "use",
            "id": "1_3"
        },
        {
            "source": 1,
            "dest": 6,
            "index": 1,
            "verb": "execute",
            "id": "1_6"
        },
        {
            "source": 6,
            "dest": 11,
            "index": 2,
            "verb": "on",
            "id": "6_11"
        },
        {
            "source": 11,
            "dest": 9,
            "index": 3,
            "verb": "of",
            "id": "11_9"
        }
    ],
    "replacement_mapper": {},
    "sentences": [
        {
            "id": 0,
            "text": "APT18 uses cmd.exe to execute commands on the victim's machine.",
            "svos": [
                {
                    "sub": {
                        "start": 0,
                        "end": 5,
                        "text": "APT18",
                        "id": 1,
                        "label": [
                            "ACTOR"
                        ],
                        "sent_index": 0,
                        "type": "subject"
                    },
                    "verb": {
                        "negation": false,
                        "text": "use",
                        "index": 1,
                        "flag": 0
                    },
                    "obj": {
                        "start": 11,
                        "end": 18,
                        "text": "cmd.exe",
                        "id": 3,
                        "verbs": [
                            "use"
                        ],
                        "label": [
                            "FUNCTION"
                        ],
                        "sent_index": 0,
                        "type": "object"
                    }
                },
                {
                    "sub": {
                        "start": 0,
                        "end": 5,
                        "text": "APT18",
                        "id": 1,
                        "label": [
                            "ACTOR"
                        ],
                        "sent_index": 0,
                        "type": "subject"
                    },
                    "verb": {
                        "negation": false,
                        "text": "execute",
                        "index": 4,
                        "flag": 0
                    },
                    "obj": {
                        "start": 30,
                        "end": 38,
                        "text": "commands",
                        "id": 6,
                        "verbs": [
                            "execute"
                        ],
                        "label": [
                            "FUNCTION"
                        ],
                        "sent_index": 0,
                        "type": "object"
                    }
                },
                {
                    "sub": {
                        "start": 30,
                        "end": 38,
                        "text": "commands",
                        "id": 6,
                        "verbs": [
                            "execute"
                        ],
                        "label": [
                            "FUNCTION"
                        ],
                        "sent_index": 0,
                        "type": "subject"
                    },
                    "verb": {
                        "negation": false,
                        "text": "on",
                        "index": 6,
                        "flag": 0
                    },
                    "obj": {
                        "start": 55,
                        "end": 62,
                        "text": "machine",
                        "id": 11,
                        "label": [
                            "COMPONENT"
                        ],
                        "sent_index": 0,
                        "type": "object"
                    }
                },
                {
                    "sub": {
                        "start": 55,
                        "end": 62,
                        "text": "machine",
                        "id": 11,
                        "label": [
                            "COMPONENT"
                        ],
                        "sent_index": 0,
                        "type": "subject"
                    },
                    "verb": {
                        "negation": false,
                        "text": "of",
                        "index": 10,
                        "flag": 0
                    },
                    "obj": {
                        "text": "victim",
                        "start": 46,
                        "end": 52,
                        "id": 9,
                        "label": [
                            "USER"
                        ],
                        "sent_index": 0,
                        "type": "object"
                    }
                }
            ]
        }
    ],
    "id": "relationship--e453cf75-0df0-45e5-a5ce-e0984bf864f8",
    "tech_id": "T1059.003",
    "location": [],
    "special_id": "T1059.003"
}